{"type":"FeatureCollection","features":[{"type":"Feature","geometry":{"type":"LineString","coordinates":[[-70.77494698329208,7.076634470773185],[-70.77581403772679,7.075836288518633],[-70.77611522640703,7.076175941130055],[-70.77525273411237,7.07692770246106]]},"properties":{"tipo":"TPE3/4","estado":"INSTALADO","barrio":"Primero de Enero","polivalvula":"AA010","longitud_m":306.901764}},{"type":"Feature","geometry":{"type":"LineString","coordinates":[[-70.77591474803386,7.07574770408923],[-70.77581403772679,7.075836288518633]]},"properties":{"tipo":"TPE3/4","estado":"INSTALADO","barrio":"Primero de Enero","polivalvula":"","longitud_m":14.824737}},{"type":"Feature","geometry":{"type":"LineString","coordinates":[[-70.77575851631555,7.075755979554314],[-70.77581403772679,7.075836288518633]]},"properties":{"tipo":"TPE3/4","estado":"INSTALADO","barrio":"Primero de Enero","polivalvula":"AA010","longitud_m":10.793873}},{"type":"Feature","geometry":{"type":"LineString","coordinates":[[-70.77487738985738,7.076562012037804],[-70.77515347865526,7.076307348047202],[-70.77524170527924,7.076207716957168],[-70.77575851631555,7.075755979554314]]},"properties":{"tipo":"TPE3/4","estado":"INSTALADO","barrio":"Primero de Enero","polivalvula":"AA010","longitud_m":132.094727}},{"type":"Feature","geometry":{"type":"LineString","coordinates":[[-70.77445412991972,7.076102348990484],[-70.77471939807668,7.075853858546737],[-70.77515347865526,7.076307348047202]]},"properties":{"tipo":"TPE3/4","estado":"INSTALADO","barrio":"Primero de Enero","polivalvula":"AA010","longitud_m":109.566841}},{"type":"Feature","geometry":{"type":"LineString","coordinates":[[-70.77575851631555,7.075755979554314],[-70.77551208967499,7.075494447926467],[-70.77499870177304,7.075981281849361],[-70.77524170527924,7.076207716957168]]},"properties":{"tipo":"TPE3/4","estado":"INSTALADO","barrio":"Primero de Enero","polivalvula":"AA010","longitud_m":154.637512}},{"type":"Feature","geometry":{"type":"LineString","coordinates":[[-70.77544477932156,7.075435573940855],[-70.77551208967499,7.075494447926467]]},"properties":{"tipo":"TPE3/4","estado":"INSTALADO","barrio":"Primero de Enero","polivalvula":"","longitud_m":9.883986}},{"type":"Feature","geometry":{"type":"LineString","coordinates":[[-70.77470892313454,7.075700502461292],[-70.7752451283765,7.075197817325595],[-70.77544477932156,7.075435573940855]]},"properties":{"tipo":"TPE3/4","estado":"INSTALADO","barrio":"Primero de Enero","polivalvula":"","longitud_m":115.560455}},{"type":"Feature","geometry":{"type":"LineString","coordinates":[[-70.77544477932156,7.075435573940855],[-70.77493595435206,7.075916748534104],[-70.77470892313454,7.075700502461292]]},"properties":{"tipo":"TPE3/4","estado":"INSTALADO","barrio":"Primero de Enero","polivalvula":"","longitud_m":112.063095}},{"type":"Feature","geometry":{"type":"LineString","coordinates":[[-70.77465222163592,7.075786813106275],[-70.77470892313454,7.075700502461292]]},"properties":{"tipo":"TPE3/4","estado":"INSTALADO","barrio":"Primero de Enero","polivalvula":"","longitud_m":11.417305}},{"type":"Feature","geometry":{"type":"LineString","coordinates":[[-70.77437537243442,7.076038910137225],[-70.77465222163592,7.075786813106275]]},"properties":{"tipo":"TPE3/4","estado":"INSTALADO","barrio":"Primero de Enero","polivalvula":"","longitud_m":41.385994}},{"type":"Feature","geometry":{"type":"LineString","coordinates":[[-70.77395553471369,7.07560868394597],[-70.77419773114133,7.075356523897683],[-70.77465222163592,7.075786813106275]]},"properties":{"tipo":"TPE3/4","estado":"INSTALADO","barrio":"Primero de Enero","polivalvula":"AA009","longitud_m":107.826691}},{"type":"Feature","geometry":{"type":"LineString","coordinates":[[-70.7742883819592,7.075262143557627],[-70.77419773114133,7.075356523897683]]},"properties":{"tipo":"TPE3/4","estado":"INSTALADO","barrio":"Primero de Enero","polivalvula":"AA009","longitud_m":14.465388}},{"type":"Feature","geometry":{"type":"LineString","coordinates":[[-70.7742883819592,7.075262143557627],[-70.77449991664498,7.075483862020152],[-70.77505371000821,7.075000329060249]]},"properties":{"tipo":"TPE3/4","estado":"INSTALADO","barrio":"Primero de Enero","polivalvula":"AA009","longitud_m":115.131714}},{"type":"Feature","geometry":{"type":"LineString","coordinates":[[-70.77491985584618,7.074678836406326],[-70.77481840684247,7.074762099719218],[-70.7742883819592,7.075262143557627]]},"properties":{"tipo":"TPE3/4","estado":"INSTALADO","barrio":"Primero de Enero","polivalvula":"AA009","longitud_m":95.048119}},{"type":"Feature","geometry":{"type":"LineString","coordinates":[[-70.77494698329208,7.076634470773185],[-70.77525273411237,7.07692770246106]]},"properties":{"tipo":"TPE3/4","estado":"INSTALADO","barrio":"Primero de Enero","polivalvula":"AA010","longitud_m":46.825989}},{"type":"Feature","geometry":{"type":"LineString","coordinates":[[-70.77445412991972,7.076102348990484],[-70.77487738985738,7.076562012037804]]},"properties":{"tipo":"TPE3/4","estado":"INSTALADO","barrio":"Primero de Enero","polivalvula":"","longitud_m":69.071297}},{"type":"Feature","geometry":{"type":"LineString","coordinates":[[-70.77395553471369,7.07560868394597],[-70.77437537243442,7.076038910137225]]},"properties":{"tipo":"TPE3/4","estado":"INSTALADO","barrio":"Primero de Enero","polivalvula":"","longitud_m":66.447289}},{"type":"Feature","geometry":{"type":"LineString","coordinates":[[-70.77427130665153,7.076118765411679],[-70.77381496226056,7.075691558921328]]},"properties":{"tipo":"TPE3/4","estado":"INSTALADO","barrio":"Primero de Enero","polivalvula":"AA011","longitud_m":69.094048}},{"type":"Feature","geometry":{"type":"LineString","coordinates":[[-70.77474982652062,7.07668176709469],[-70.77433306185723,7.076205645043131]]},"properties":{"tipo":"TPE3/4","estado":"INSTALADO","barrio":"Primero de Enero","polivalvula":"AA011","longitud_m":69.947311}},{"type":"Feature","geometry":{"type":"LineString","coordinates":[[-70.77357157793443,7.07592705050184],[-70.77381496226056,7.075691558921328]]},"properties":{"tipo":"TPE3/4","estado":"INSTALADO","barrio":"Primero de Enero","polivalvula":"AA011","longitud_m":37.43367}},{"type":"Feature","geometry":{"type":"LineString","coordinates":[[-70.77427130665153,7.076118765411679],[-70.77417084378538,7.076207638979113],[-70.77400510524116,7.076354257724664]]},"properties":{"tipo":"TPE3/4","estado":"INSTALADO","barrio":"Primero de Enero","polivalvula":"AA011","longitud_m":39.283581}},{"type":"Feature","geometry":{"type":"LineString","coordinates":[[-70.77424977935544,7.076290842408],[-70.77417084378538,7.076207638979113]]},"properties":{"tipo":"TPE3/4","estado":"INSTALADO","barrio":"Primero de Enero","polivalvula":"AA011","longitud_m":12.677607}},{"type":"Feature","geometry":{"type":"LineString","coordinates":[[-70.77474982652062,7.07668176709469],[-70.77449734585981,7.076905326578952]]},"properties":{"tipo":"TPE3/4","estado":"INSTALADO","barrio":"Primero de Enero","polivalvula":"AA011","longitud_m":37.273811}},{"type":"Feature","geometry":{"type":"LineString","coordinates":[[-70.77507273522063,7.077097516403119],[-70.77424532963823,7.077831328942989],[-70.77394870639273,7.077518849923089],[-70.77472382273548,7.076849283938484]]},"properties":{"tipo":"TPE3/4","estado":"INSTALADO","barrio":"Primero de Enero","polivalvula":"AA011","longitud_m":283.071655}},{"type":"Feature","geometry":{"type":"LineString","coordinates":[[-70.77388348567295,7.077468732630255],[-70.77394870639273,7.077518849923089]]},"properties":{"tipo":"TPE3/4","estado":"INSTALADO","barrio":"Primero de Enero","polivalvula":"","longitud_m":9.090625}},{"type":"Feature","geometry":{"type":"LineString","coordinates":[[-70.77388348567295,7.077468732630255],[-70.77363021465479,7.077233240697567],[-70.77379669448257,7.077092887023565],[-70.77419209035304,7.07675954035044],[-70.77439915635821,7.077005674401341],[-70.77388348567295,7.077468732630255]]},"properties":{"tipo":"TPE3/4","estado":"INSTALADO","barrio":"Primero de Enero","polivalvula":"AA011","longitud_m":231.613663}},{"type":"Feature","geometry":{"type":"LineString","coordinates":[[-70.77344913090339,7.077054244386676],[-70.77322699216117,7.076850535993485],[-70.77374616231648,7.07638434040802],[-70.77382219264584,7.076316069009233],[-70.77402754919773,7.076540238612434],[-70.77344913090339,7.077054244386676]]},"properties":{"tipo":"TPE3/4","estado":"INSTALADO","barrio":"Primero de Enero","polivalvula":"AA011","longitud_m":240.865356}},{"type":"Feature","geometry":{"type":"LineString","coordinates":[[-70.77367882785585,7.076316822725751],[-70.77374616231648,7.07638434040802]]},"properties":{"tipo":"TPE3/4","estado":"INSTALADO","barrio":"Primero de Enero","polivalvula":"AA011","longitud_m":10.540141}},{"type":"Feature","geometry":{"type":"LineString","coordinates":[[-70.77315684190005,7.076799421645715],[-70.77367882785585,7.076316822725751],[-70.77374096426745,7.076259375723724],[-70.77350024207774,7.075986521448622],[-70.77292866989839,7.07658430877883],[-70.77315684190005,7.076799421645715]]},"properties":{"tipo":"TPE3/4","estado":"INSTALADO","barrio":"Primero de Enero","polivalvula":"AA011","longitud_m":254.236267}},{"type":"Feature","geometry":{"type":"LineString","coordinates":[[-70.77357157793443,7.07592705050184],[-70.77350024207774,7.075986521448622]]},"properties":{"tipo":"TPE3/4","estado":"INSTALADO","barrio":"Primero de Enero","polivalvula":"AA011","longitud_m":10.264956}},{"type":"Feature","geometry":{"type":"LineString","coordinates":[[-70.77430074045294,7.077906292263898],[-70.77515400486207,7.077152486051915],[-70.77628900174352,7.076149785110955],[-70.77591474803386,7.07574770408923],[-70.77522600762215,7.075007752457867],[-70.77521240458609,7.074993137770813],[-70.77491985584618,7.074678836406326],[-70.77489319342708,7.074650191494176]]},"properties":{"tipo":"TPE4","estado":"INSTALADO","barrio":"Primero de Enero","polivalvula":"AT007","longitud_m":519.694275}},{"type":"Feature","geometry":{"type":"LineString","coordinates":[[-70.7741989353564,7.077889032208049],[-70.7742528183433,7.077948629141412]]},"properties":{"tipo":"TPE3/4","estado":"INSTALADO","barrio":"El Triunfo","polivalvula":"","longitud_m":8.881335}},{"type":"Feature","geometry":{"type":"LineString","coordinates":[[-70.7741989353564,7.077889032208049],[-70.77351783967022,7.078512855381591],[-70.77312310062217,7.078057724536392],[-70.77376426624772,7.077478054211834],[-70.7741989353564,7.077889032208049]]},"properties":{"tipo":"TPE3/4","estado":"INSTALADO","barrio":"El Triunfo","polivalvula":"","longitud_m":330.342316}},{"type":"Feature","geometry":{"type":"LineString","coordinates":[[-70.77305218314223,7.077996154180724],[-70.77312310062217,7.078057724536392]]},"properties":{"tipo":"TPE3/4","estado":"INSTALADO","barrio":"El Triunfo","polivalvula":"","longitud_m":10.380289}},{"type":"Feature","geometry":{"type":"LineString","coordinates":[[-70.77370503638656,7.077428522217026],[-70.77376426624772,7.077478054211834]]},"properties":{"tipo":"TPE3/4","estado":"INSTALADO","barrio":"El Triunfo","polivalvula":"","longitud_m":8.533822}},{"type":"Feature","geometry":{"type":"LineString","coordinates":[[-70.77370503638656,7.077428522217026],[-70.77347914465084,7.07719982248408],[-70.77312487969135,7.077514186005838],[-70.7726166527935,7.077965169957356],[-70.77282999471838,7.078189338980426],[-70.77305218314223,7.077996154180724],[-70.77370503638656,7.077428522217026]]},"properties":{"tipo":"TPE3/4","estado":"INSTALADO","barrio":"El Triunfo","polivalvula":"","longitud_m":325.352051}},{"type":"Feature","geometry":{"type":"LineString","coordinates":[[-70.77258813170425,7.077908108612565],[-70.7726166527935,7.077965169957356]]},"properties":{"tipo":"TPE3/4","estado":"INSTALADO","barrio":"El Triunfo","polivalvula":"","longitud_m":7.053498}},{"type":"Feature","geometry":{"type":"LineString","coordinates":[[-70.77308402739003,7.077465807980022],[-70.77312487969135,7.077514186005838]]},"properties":{"tipo":"TPE3/4","estado":"INSTALADO","barrio":"El Triunfo","polivalvula":"","longitud_m":6.99965}},{"type":"Feature","geometry":{"type":"LineString","coordinates":[[-70.77308402739003,7.077465807980022],[-70.77286954523326,7.077248430823362],[-70.7723645228343,7.077692241625219],[-70.77258813170425,7.077908108612565],[-70.77308402739003,7.077465807980022]]},"properties":{"tipo":"TPE3/4","estado":"INSTALADO","barrio":"El Triunfo","polivalvula":"","longitud_m":215.865189}},{"type":"Feature","geometry":{"type":"LineString","coordinates":[[-70.7723273813669,7.07763890994379],[-70.7723645228343,7.077692241625219]]},"properties":{"tipo":"TPE3/4","estado":"INSTALADO","barrio":"El Triunfo","polivalvula":"","longitud_m":7.185042}},{"type":"Feature","geometry":{"type":"LineString","coordinates":[[-70.7723273813669,7.07763890994379],[-70.7721014898571,7.077401154718857],[-70.77264225893266,7.07697319415284],[-70.77282365601036,7.077192834715418],[-70.7723273813669,7.07763890994379]]},"properties":{"tipo":"TPE3/4","estado":"INSTALADO","barrio":"El Triunfo","polivalvula":"","longitud_m":217.71611}},{"type":"Feature","geometry":{"type":"LineString","coordinates":[[-70.77206290511994,7.077343088484146],[-70.7721014898571,7.077401154718857]]},"properties":{"tipo":"TPE3/4","estado":"INSTALADO","barrio":"El Triunfo","polivalvula":"","longitud_m":7.70776}},{"type":"Feature","geometry":{"type":"LineString","coordinates":[[-70.77230476827718,7.077150619517872],[-70.77184842301781,7.076629820859107],[-70.77160427940231,7.076838139961928],[-70.77206290511994,7.077343088484146],[-70.77230476827718,7.077150619517872]]},"properties":{"tipo":"TPE3/4","estado":"INSTALADO","barrio":"El Triunfo","polivalvula":"","longitud_m":221.584366}},{"type":"Feature","geometry":{"type":"LineString","coordinates":[[-70.77237733976446,7.077090126909266],[-70.77259334332891,7.076905960550041],[-70.77210049078556,7.076364027414429],[-70.77190368385418,7.07658796376267],[-70.77237733976446,7.077090126909266]]},"properties":{"tipo":"TPE3/4","estado":"INSTALADO","barrio":"El Triunfo","polivalvula":"","longitud_m":221.60939}},{"type":"Feature","geometry":{"type":"LineString","coordinates":[[-70.77190368385418,7.07658796376267],[-70.77184842301781,7.076629820859107]]},"properties":{"tipo":"TPE3/4","estado":"INSTALADO","barrio":"El Triunfo","polivalvula":"","longitud_m":7.661674}},{"type":"Feature","geometry":{"type":"LineString","coordinates":[[-70.77333125184269,7.078762772672369],[-70.7742528183433,7.077948629141412],[-70.77427660143418,7.077927617017321],[-70.77430074045294,7.077906292263898]]},"properties":{"tipo":"TPE4","estado":"INSTALADO","barrio":"El Triunfo","polivalvula":"","longitud_m":142.982376}},{"type":"Feature","geometry":{"type":"LineString","coordinates":[[-70.77143344022232,7.076891333193788],[-70.77149626529601,7.076947332995184],[-70.77157714288005,7.077033386426338],[-70.77169259786517,7.077170908103922],[-70.77174185218256,7.077239069747542],[-70.7718349018058,7.07734798978976],[-70.77196771957092,7.077503459798513],[-70.7721995766672,7.077771913620136],[-70.77225654423384,7.077816219739493],[-70.77270329001318,7.078312305775496],[-70.77274398055229,7.078358952148965],[-70.77275588748155,7.07837335059223],[-70.77289577337125,7.078542519381],[-70.77293789929836,7.078593656125975],[-70.77316661914489,7.078876181617259],[-70.77319327824793,7.078926649050691]]},"properties":{"tipo":"TPE3","estado":"INSTALADO","barrio":"El Porvenir","polivalvula":"","longitud_m":297.921448}},{"type":"Feature","geometry":{"type":"LineString","coordinates":[[-70.77316532026114,7.078877538000765],[-70.77319327824793,7.078926649050691]]},"properties":{"tipo":"TPE3/4","estado":"INSTALADO","barrio":"El Porvenir","polivalvula":"","longitud_m":6.248169}},{"type":"Feature","geometry":{"type":"LineString","coordinates":[[-70.77316532026114,7.078877538000765],[-70.77295847096234,7.078632038316679],[-70.77243896033445,7.079065758494001],[-70.77265421336794,7.079294175070221],[-70.77316532026114,7.078877538000765]]},"properties":{"tipo":"TPE3/4","estado":"INSTALADO","barrio":"El Porvenir","polivalvula":"","longitud_m":217.860565}},{"type":"Feature","geometry":{"type":"LineString","coordinates":[[-70.77238293643563,7.079003913874097],[-70.77243896033445,7.079065758494001]]},"properties":{"tipo":"TPE3/4","estado":"INSTALADO","barrio":"El Porvenir","polivalvula":"","longitud_m":9.22434}},{"type":"Feature","geometry":{"type":"LineString","coordinates":[[-70.77289665315358,7.078557746102248],[-70.77274557661404,7.078375091696455],[-70.77225500629173,7.077825989722266],[-70.77221986988823,7.077855074395044],[-70.77201428420986,7.078025251883862],[-70.77252951782876,7.078602388397771],[-70.77266115296855,7.078749838835548],[-70.77289665315358,7.078557746102248]]},"properties":{"tipo":"TPE3/4","estado":"INSTALADO","barrio":"El Porvenir","polivalvula":"","longitud_m":283.097412}},{"type":"Feature","geometry":{"type":"LineString","coordinates":[[-70.77260582421272,7.078812121370103],[-70.77195220502031,7.078092723746214],[-70.77173353870366,7.078276701746186],[-70.77238293643563,7.079003913874097],[-70.77260582421272,7.078812121370103]]},"properties":{"tipo":"TPE3/4","estado":"INSTALADO","barrio":"El Porvenir","polivalvula":"","longitud_m":279.302948}},{"type":"Feature","geometry":{"type":"LineString","coordinates":[[-70.77218893075238,7.077771131721563],[-70.77225500629173,7.077825989722266]]},"properties":{"tipo":"TPE3/4","estado":"INSTALADO","barrio":"El Porvenir","polivalvula":"","longitud_m":9.491892}},{"type":"Feature","geometry":{"type":"LineString","coordinates":[[-70.77218893075238,7.077771131721563],[-70.7717401919584,7.077250333418036],[-70.77171383200346,7.077271069738659],[-70.77149072274658,7.077446576713498],[-70.77194250473799,7.077964355347088],[-70.77216479775369,7.077790053855688],[-70.77218893075238,7.077771131721563]]},"properties":{"tipo":"TPE3/4","estado":"INSTALADO","barrio":"El Porvenir","polivalvula":"","longitud_m":221.64624}},{"type":"Feature","geometry":{"type":"LineString","coordinates":[[-70.77168213063298,7.077169591014083],[-70.7717401919584,7.077250333418036]]},"properties":{"tipo":"TPE3/4","estado":"INSTALADO","barrio":"El Porvenir","polivalvula":"","longitud_m":10.994658}},{"type":"Feature","geometry":{"type":"LineString","coordinates":[[-70.77168213063298,7.077169591014083],[-70.77149807211934,7.07695674258207],[-70.77069794676234,7.077700956002779],[-70.77072947892374,7.077737652810327],[-70.77086527358126,7.07789568944711],[-70.771649524217,7.077198575130558],[-70.77168213063298,7.077169591014083]]},"properties":{"tipo":"TPE3/4","estado":"INSTALADO","barrio":"El Porvenir","polivalvula":"","longitud_m":301.068329}},{"type":"Feature","geometry":{"type":"LineString","coordinates":[[-70.77064534798426,7.077783557900337],[-70.77071384082348,7.077719453235186]]},"properties":{"tipo":"TPE3/4","estado":"INSTALADO","barrio":"El Porvenir","polivalvula":"","longitud_m":10.3692}},{"type":"Feature","geometry":{"type":"LineString","coordinates":[[-70.77062663576731,7.077762942031189],[-70.77040758979275,7.077949749350065],[-70.77044099712826,7.077986898618943],[-70.7711172066861,7.078738870442721],[-70.77133054838569,7.078538477678391],[-70.77066031016096,7.077800042633032],[-70.77062663576731,7.077762942031189]]},"properties":{"tipo":"TPE3/4","estado":"INSTALADO","barrio":"El Porvenir","polivalvula":"","longitud_m":297.26004}},{"type":"Feature","geometry":{"type":"LineString","coordinates":[[-70.77138321482227,7.078599008187896],[-70.77133054838569,7.078538477678391]]},"properties":{"tipo":"TPE3/4","estado":"INSTALADO","barrio":"El Porvenir","polivalvula":"","longitud_m":8.869476}},{"type":"Feature","geometry":{"type":"LineString","coordinates":[[-70.77037227781517,7.078052535741558],[-70.77044099712826,7.077986898618943]]},"properties":{"tipo":"TPE3/4","estado":"INSTALADO","barrio":"El Porvenir","polivalvula":"","longitud_m":10.503871}},{"type":"Feature","geometry":{"type":"LineString","coordinates":[[-70.77165499225588,7.078336824105013],[-70.77186224917531,7.07857646707386],[-70.7715747487194,7.078836535917162],[-70.77136787491708,7.079023671769],[-70.77117773130037,7.078797238735063],[-70.77138321482227,7.078599008187896],[-70.77165499225588,7.078336824105013]]},"properties":{"tipo":"TPE3/4","estado":"INSTALADO","barrio":"El Porvenir","polivalvula":"","longitud_m":214.692261}},{"type":"Feature","geometry":{"type":"LineString","coordinates":[[-70.77165803255437,7.078895076444049],[-70.7716504340563,7.078886384618697],[-70.7715747487194,7.078836535917162]]},"properties":{"tipo":"TPE3/4","estado":"INSTALADO","barrio":"El Porvenir","polivalvula":"","longitud_m":11.291599}},{"type":"Feature","geometry":{"type":"LineString","coordinates":[[-70.77165803255437,7.078895076444049],[-70.77142809271699,7.079086212799652],[-70.77182577564027,7.079501028743227],[-70.77202795431201,7.079318208160885],[-70.77165803255437,7.078895076444049]]},"properties":{"tipo":"TPE3/4","estado":"INSTALADO","barrio":"El Porvenir","polivalvula":"","longitud_m":188.825546}},{"type":"Feature","geometry":{"type":"LineString","coordinates":[[-70.77186475633285,7.079546315931794],[-70.77208056933485,7.07979161761509],[-70.77256828791933,7.0793764904178],[-70.77236008015174,7.079137792930804],[-70.77186475633285,7.079546315931794]]},"properties":{"tipo":"TPE3/4","estado":"INSTALADO","barrio":"El Porvenir","polivalvula":"","longitud_m":212.882294}},{"type":"Feature","geometry":{"type":"LineString","coordinates":[[-70.772226888215,7.079894885919078],[-70.77208056933485,7.07979161761509]]},"properties":{"tipo":"TPE3/4","estado":"INSTALADO","barrio":"El Porvenir","polivalvula":"","longitud_m":19.792427}},{"type":"Feature","geometry":{"type":"LineString","coordinates":[[-70.77153374140676,7.079768163731372],[-70.77089485841765,7.079043577807158],[-70.77110591727786,7.078847712887132],[-70.77173681392914,7.07958362043374],[-70.77153374140676,7.079768163731372]]},"properties":{"tipo":"TPE3/4","estado":"INSTALADO","barrio":"El Porvenir","polivalvula":"","longitud_m":276.095093}},{"type":"Feature","geometry":{"type":"LineString","coordinates":[[-70.7716068508101,7.079844112838818],[-70.77153374140676,7.079768163731372]]},"properties":{"tipo":"TPE3/4","estado":"INSTALADO","barrio":"El Porvenir","polivalvula":"","longitud_m":11.652799}},{"type":"Feature","geometry":{"type":"LineString","coordinates":[[-70.7716068508101,7.079844112838818],[-70.77182361476004,7.079640323160919],[-70.7720251666157,7.079857321585368],[-70.77181220622957,7.080055449825941],[-70.7716068508101,7.079844112838818]]},"properties":{"tipo":"TPE3/4","estado":"INSTALADO","barrio":"El Porvenir","polivalvula":"","longitud_m":130.345825}},{"type":"Feature","geometry":{"type":"LineString","coordinates":[[-70.77083119506321,7.078981956743509],[-70.77089485841765,7.079043577807158]]},"properties":{"tipo":"TPE3/4","estado":"INSTALADO","barrio":"El Porvenir","polivalvula":"","longitud_m":9.793409}},{"type":"Feature","geometry":{"type":"LineString","coordinates":[[-70.77083119506321,7.078981956743509],[-70.77106317063631,7.078795149622459],[-70.77037227781517,7.078052535741558],[-70.77033111708803,7.07800829408337],[-70.77013336815381,7.078200762162878],[-70.77083119506321,7.078981956743509]]},"properties":{"tipo":"TPE3/4","estado":"INSTALADO","barrio":"El Porvenir","polivalvula":"","longitud_m":298.011627}},{"type":"Feature","geometry":{"type":"LineString","coordinates":[[-70.77319327824793,7.078926649050691],[-70.77331147598368,7.078786261306523],[-70.77331150859474,7.078786222446415],[-70.77333125184269,7.078762772672369]]},"properties":{"tipo":"TPE4","estado":"INSTALADO","barrio":"El Porvenir","polivalvula":"","longitud_m":23.681496}},{"type":"Feature","geometry":{"type":"LineString","coordinates":[[-70.77210823463005,7.080142536032408],[-70.77212689386272,7.080082925887409],[-70.77218426022154,7.07993411190636],[-70.772226888215,7.079894885919078],[-70.77228883944977,7.079837877572112],[-70.77255313879013,7.079611444520268],[-70.77275088801325,7.079435959353903],[-70.77294056429797,7.079244817684622],[-70.77312356957735,7.07899818868285],[-70.77319327824793,7.078926649050691]]},"properties":{"tipo":"TPE3","estado":"INSTALADO","barrio":"El Porvenir","polivalvula":"","longitud_m":182.698456}},{"type":"Feature","geometry":{"type":"LineString","coordinates":[[-70.77090560621761,7.079290423992282],[-70.77078581496097,7.079160224338971],[-70.77024961027968,7.079672530171091],[-70.77036654791273,7.079785745941231],[-70.77090560621761,7.079290423992282]]},"properties":{"tipo":"TPE3/4","estado":"INSTALADO","barrio":"Sabanales","polivalvula":"","longitud_m":200.435486}},{"type":"Feature","geometry":{"type":"LineString","coordinates":[[-70.77040665127073,7.079399276717774],[-70.76983526899001,7.078793568206737],[-70.76960994835352,7.078976602175641],[-70.76994115388626,7.079321610668146],[-70.77020319738108,7.079594574848699],[-70.77040665127073,7.079399276717774]]},"properties":{"tipo":"TPE3/4","estado":"INSTALADO","barrio":"Sabanales","polivalvula":"","longitud_m":249.991776}},{"type":"Feature","geometry":{"type":"LineString","coordinates":[[-70.77057369225413,7.079238321122288],[-70.77079806225936,7.079040191925341],[-70.77016298197285,7.07835145713678],[-70.76995762576145,7.078549585941479],[-70.77002895357037,7.078629328206776],[-70.77057369225413,7.079238321122288]]},"properties":{"tipo":"TPE3/4","estado":"INSTALADO","barrio":"Sabanales","polivalvula":"","longitud_m":270.332062}},{"type":"Feature","geometry":{"type":"LineString","coordinates":[[-70.7710300825549,7.079423492172094],[-70.77101565727641,7.07940807116471],[-70.77090560621761,7.079290423992282]]},"properties":{"tipo":"TPE3/4","estado":"INSTALADO","barrio":"Sabanales","polivalvula":"","longitud_m":20.141657}},{"type":"Feature","geometry":{"type":"LineString","coordinates":[[-70.76984366974173,7.079387943018813],[-70.76993402249624,7.079326555648835],[-70.76994115388626,7.079321610668146]]},"properties":{"tipo":"TPE3/4","estado":"INSTALADO","barrio":"Sabanales","polivalvula":"","longitud_m":13.03096}},{"type":"Feature","geometry":{"type":"LineString","coordinates":[[-70.77106385262397,7.079395385064401],[-70.7710300825549,7.079423492172094],[-70.7707986024229,7.079616157114274],[-70.7714233663813,7.080311967072078],[-70.77138343613343,7.08036008413148],[-70.77074407685517,7.079676068173493],[-70.77049342119051,7.079907688525738],[-70.77141181611385,7.08091814511164],[-70.77175692742864,7.080114308904595],[-70.77106385262397,7.079395385064401]]},"properties":{"tipo":"TPE3/4","estado":"INSTALADO","barrio":"Bulevar de la Ceiba","polivalvula":"","longitud_m":647.697815}},{"type":"Feature","geometry":{"type":"LineString","coordinates":[[-70.77169791576664,7.08040952202292],[-70.77146283100915,7.080966150195465],[-70.77172120472325,7.081209279175082],[-70.77179045288356,7.081025527721661],[-70.77197517966505,7.080512857461983],[-70.77169791576664,7.08040952202292]]},"properties":{"tipo":"TPE3/4","estado":"INSTALADO","barrio":"Bulevar de la Ceiba","polivalvula":"","longitud_m":220.694382}},{"type":"Feature","geometry":{"type":"LineString","coordinates":[[-70.77172529570161,7.080352159187442],[-70.77199788451806,7.080449846500788],[-70.77199836694336,7.080448508573491],[-70.7720148229251,7.080402839140385],[-70.77207893223022,7.080175076820839],[-70.77183938303038,7.080087987913494],[-70.77172529570161,7.080352159187442]]},"properties":{"tipo":"TPE3/4","estado":"INSTALADO","barrio":"Bulevar de la Ceiba","polivalvula":"","longitud_m":123.666367}},{"type":"Feature","geometry":{"type":"LineString","coordinates":[[-70.77199836694336,7.080448508573491],[-70.77199788451806,7.080449846500788],[-70.77197517966505,7.080512857461983]]},"properties":{"tipo":"TPE3/4","estado":"INSTALADO","barrio":"Bulevar de la Ceiba","polivalvula":"","longitud_m":7.563532}},{"type":"Feature","geometry":{"type":"LineString","coordinates":[[-70.77146014874701,7.081977176346997],[-70.77151245216974,7.081844731839894],[-70.77153566125324,7.081785962028356],[-70.7715408122228,7.081769950795765],[-70.77157751116047,7.081655889635674],[-70.7715913241638,7.081612958268665],[-70.77162624350484,7.081504426135412],[-70.77162675415744,7.081502837758561],[-70.77171990587439,7.0812133147546],[-70.77172120472325,7.081209279175082]]},"properties":{"tipo":"TPE3/4","estado":"INSTALADO","barrio":"Bulevar de la Ceiba","polivalvula":"","longitud_m":89.723114}},{"type":"Feature","geometry":{"type":"LineString","coordinates":[[-70.77095217156999,7.080590981843659],[-70.77111759698512,7.080760806356077],[-70.77129252920136,7.080972142525327],[-70.77141041760444,7.081081585371824],[-70.77137048795616,7.08135519110298],[-70.77136098086393,7.081623135639187],[-70.77135907858087,7.081817489900152],[-70.77142372799841,7.081817489941699],[-70.77143703840737,7.081449537683627],[-70.77162545733154,7.08150242639056],[-70.77162675415744,7.081502837758561]]},"properties":{"tipo":"TPE3/4","estado":"INSTALADO","barrio":"Bulevar de la Ceiba","polivalvula":"","longitud_m":225.672607}},{"type":"Feature","geometry":{"type":"LineString","coordinates":[[-70.7702221085764,7.079775551365045],[-70.76980569402295,7.080171808697701],[-70.76949956214291,7.079820838002052],[-70.76990076561748,7.079443450065681],[-70.7702221085764,7.079775551365045]]},"properties":{"tipo":"TPE3/4","estado":"INSTALADO","barrio":"Bulevar de la Ceiba","polivalvula":"","longitud_m":226.981613}},{"type":"Feature","geometry":{"type":"LineString","coordinates":[[-70.76976005933031,7.080232191183855],[-70.76980569402295,7.080171808697701]]},"properties":{"tipo":"TPE3/4","estado":"INSTALADO","barrio":"Bulevar de la Ceiba","polivalvula":"","longitud_m":8.367307}},{"type":"Feature","geometry":{"type":"LineString","coordinates":[[-70.76976005933031,7.080232191183855],[-70.76945773083038,7.079935941775254],[-70.76893673691393,7.080420884442775],[-70.76924477018136,7.080734115573236],[-70.76976005933031,7.080232191183855]]},"properties":{"tipo":"TPE3/4","estado":"INSTALADO","barrio":"Bulevar de la Ceiba","polivalvula":"","longitud_m":253.530457}},{"type":"Feature","geometry":{"type":"LineString","coordinates":[[-70.76986427314425,7.079410861406424],[-70.76990076561748,7.079443450065681]]},"properties":{"tipo":"TPE3/4","estado":"INSTALADO","barrio":"Bulevar de la Ceiba","polivalvula":"","longitud_m":5.407701}},{"type":"Feature","geometry":{"type":"LineString","coordinates":[[-70.76986427314425,7.079410861406424],[-70.76984366974173,7.079387943018813],[-70.76951572519904,7.07904341766145],[-70.76911357136753,7.079408541629137],[-70.76945868181704,7.079784986698456],[-70.76986427314425,7.079410861406424]]},"properties":{"tipo":"TPE3/4","estado":"INSTALADO","barrio":"Bulevar de la Ceiba","polivalvula":"","longitud_m":233.4646}},{"type":"Feature","geometry":{"type":"LineString","coordinates":[[-70.7688777917598,7.080383145759011],[-70.76940639158546,7.079879333531018],[-70.76905082264214,7.079477415074376],[-70.7689424414032,7.079577423058077],[-70.7691211762716,7.07977555187907],[-70.76879793180625,7.08010199198659],[-70.76864771814893,7.07998877545253],[-70.7685716607714,7.080079348473625],[-70.7688777917598,7.080383145759011]]},"properties":{"tipo":"TPE3/4","estado":"INSTALADO","barrio":"Bulevar de la Ceiba","polivalvula":"","longitud_m":318.147308}},{"type":"Feature","geometry":{"type":"LineString","coordinates":[[-70.76911357136753,7.079408541629137],[-70.76905082264214,7.079477415074376]]},"properties":{"tipo":"TPE3/4","estado":"INSTALADO","barrio":"Bulevar de la Ceiba","polivalvula":"","longitud_m":10.299259}},{"type":"Feature","geometry":{"type":"LineString","coordinates":[[-70.76889680721166,7.079664222209302],[-70.7689424414032,7.079577423058077]]},"properties":{"tipo":"TPE3/4","estado":"INSTALADO","barrio":"Bulevar de la Ceiba","polivalvula":"","longitud_m":10.842744}},{"type":"Feature","geometry":{"type":"LineString","coordinates":[[-70.76864771814893,7.07998877545253],[-70.76868194404942,7.07993971536888]]},"properties":{"tipo":"TPE3/4","estado":"INSTALADO","barrio":"Bulevar de la Ceiba","polivalvula":"","longitud_m":6.613291}},{"type":"Feature","geometry":{"type":"LineString","coordinates":[[-70.77145515578823,7.082007505083542],[-70.77154403801923,7.081788112344782],[-70.77172246815056,7.081241159147046],[-70.77172968236837,7.081219044885715],[-70.77179992919588,7.081026625340471],[-70.77187268842552,7.080823603655555],[-70.77198225017663,7.08051789317892],[-70.77201800741649,7.080426016362989],[-70.77202562182109,7.080406449542712],[-70.77209724009396,7.080177659531943],[-70.7721038943235,7.080156402094407],[-70.77210823463005,7.080142536032408]]},"properties":{"tipo":"TPE3","estado":"INSTALADO","barrio":"Bulevar de la Ceiba","polivalvula":"","longitud_m":218.581528}},{"type":"Feature","geometry":{"type":"LineString","coordinates":[[-70.77047049719255,7.079893922944704],[-70.77048894006124,7.079911325050102],[-70.77050958438078,7.079934047222484],[-70.7705116882493,7.0799363625065],[-70.77103531693423,7.080512691475896],[-70.77114472019389,7.080633105108375],[-70.77140842556979,7.080923352086068],[-70.77143176150769,7.080945337244301],[-70.77145953721906,7.080971506430011],[-70.77170182004794,7.081196517851952],[-70.77171990587439,7.0812133147546],[-70.77172968236837,7.081219044885715]]},"properties":{"tipo":"TPE1","estado":"INSTALADO","barrio":"Bulevar de la Ceiba","polivalvula":"","longitud_m":202.24054}},{"type":"Feature","geometry":{"type":"LineString","coordinates":[[-70.7689898283529,7.079404198027285],[-70.7694509265916,7.078979636390974],[-70.76923184860954,7.078722167840704],[-70.76873643611027,7.079138309022377],[-70.7689898283529,7.079404198027285]]},"properties":{"tipo":"TPE3/4","estado":"INSTALADO","barrio":"Altos de la Sabana","polivalvula":"","longitud_m":218.760056}},{"type":"Feature","geometry":{"type":"LineString","coordinates":[[-70.76919334530021,7.078675465657639],[-70.76923184860954,7.078722167840704]]},"properties":{"tipo":"TPE3/4","estado":"INSTALADO","barrio":"Altos de la Sabana","polivalvula":"","longitud_m":6.691116}},{"type":"Feature","geometry":{"type":"LineString","coordinates":[[-70.7690543013876,7.078506704173071],[-70.76878263400701,7.078760378043378],[-70.76892524190278,7.078909447180601],[-70.76919334530021,7.078675465657639]]},"properties":{"tipo":"TPE3/4","estado":"INSTALADO","barrio":"Altos de la Sabana","polivalvula":"","longitud_m":103.218109}},{"type":"Feature","geometry":{"type":"LineString","coordinates":[[-70.76901346882549,7.078453673613729],[-70.7690543013876,7.078506704173071]]},"properties":{"tipo":"TPE3/4","estado":"INSTALADO","barrio":"Altos de la Sabana","polivalvula":"","longitud_m":7.399049}},{"type":"Feature","geometry":{"type":"LineString","coordinates":[[-70.76901346882549,7.078453673613729],[-70.76875791566111,7.078684636038242],[-70.76829035614483,7.078194151374858],[-70.7685459089386,7.077954131641015],[-70.76901346882549,7.078453673613729]]},"properties":{"tipo":"TPE3/4","estado":"INSTALADO","barrio":"Altos de la Sabana","polivalvula":"","longitud_m":227.362167}},{"type":"Feature","geometry":{"type":"LineString","coordinates":[[-70.76824262558587,7.078286472042946],[-70.76799924181854,7.078529887792333],[-70.76845938968987,7.078967659103271],[-70.768676153915,7.078752547393933],[-70.76824262558587,7.078286472042946]]},"properties":{"tipo":"TPE3/4","estado":"INSTALADO","barrio":"Altos de la Sabana","polivalvula":"","longitud_m":212.367874}},{"type":"Feature","geometry":{"type":"LineString","coordinates":[[-70.76845187863536,7.079107858652671],[-70.76826021434336,7.079299572179617],[-70.76871047474475,7.079731304657148],[-70.76887019614597,7.079551668210549],[-70.76845187863536,7.079107858652671]]},"properties":{"tipo":"TPE3/4","estado":"INSTALADO","barrio":"Altos de la Sabana","polivalvula":"","longitud_m":192.902725}},{"type":"Feature","geometry":{"type":"LineString","coordinates":[[-70.7681970544043,7.07937548999978],[-70.76803429098594,7.079535502640219],[-70.76850128367434,7.080001954878316],[-70.76864275112095,7.079819298966242],[-70.7681970544043,7.07937548999978]]},"properties":{"tipo":"TPE3/4","estado":"INSTALADO","barrio":"Altos de la Sabana","polivalvula":"","longitud_m":193.251953}},{"type":"Feature","geometry":{"type":"LineString","coordinates":[[-70.76791340184369,7.078550908038738],[-70.76816819480744,7.078799985353144]]},"properties":{"tipo":"TPE3/4","estado":"INSTALADO","barrio":"Altos de la Sabana","polivalvula":"","longitud_m":39.384769}},{"type":"Feature","geometry":{"type":"LineString","coordinates":[[-70.76764218467085,7.078845190878696],[-70.76749482241065,7.078989070572474],[-70.76796952298564,7.079466761551559],[-70.7681292444179,7.079306371660195],[-70.76764218467085,7.078845190878696]]},"properties":{"tipo":"TPE3/4","estado":"INSTALADO","barrio":"Altos de la Sabana","polivalvula":"","longitud_m":196.365234}},{"type":"Feature","geometry":{"type":"LineString","coordinates":[[-70.77055197311812,7.076378085976835],[-70.77069419988062,7.076547649356814],[-70.7707792581387,7.076647418155162],[-70.77094591877275,7.076841647475726],[-70.77101665203269,7.076926559524324],[-70.77112615595819,7.07706466606338],[-70.77116610579257,7.077109972025884],[-70.77127660403326,7.077033309084277],[-70.77143344022232,7.076891333193788]]},"properties":{"tipo":"TPE1","estado":"INSTALADO","barrio":"Urb Laureles","polivalvula":"a","longitud_m":143.874573}},{"type":"Feature","geometry":{"type":"LineString","coordinates":[[-70.76968148404794,7.077092725785315],[-70.76979097084268,7.076999227790111],[-70.76987481930553,7.076927353496648],[-70.76991893293007,7.07689029339411],[-70.76993817459817,7.076873990380896],[-70.7700356463352,7.076800947763426],[-70.77055197311812,7.076378085976835]]},"properties":{"tipo":"TPE1","estado":"INSTALADO","barrio":"Urb Laureles","polivalvula":"a","longitud_m":124.499168}},{"type":"Feature","geometry":{"type":"LineString","coordinates":[[-70.76865579784325,7.077924926869244],[-70.76965296248771,7.077061590944044],[-70.76968148404794,7.077092725785315]]},"properties":{"tipo":"TPE1","estado":"INSTALADO","barrio":"Villa Maria","polivalvula":"","longitud_m":150.450027}},{"type":"Feature","geometry":{"type":"LineString","coordinates":[[-70.77073044089074,7.076032778382762],[-70.77063949230703,7.076310839034289],[-70.77055197311812,7.076378085976835]]},"properties":{"tipo":"TPE1","estado":"INSTALADO","barrio":"Urb Laureles","polivalvula":"","longitud_m":44.549728}},{"type":"Feature","geometry":{"type":"LineString","coordinates":[[-70.7707446846795,7.076013083931093],[-70.7711359050148,7.076120840515842],[-70.77117388731855,7.076131302004426],[-70.77129137056515,7.076162841590867],[-70.77168391696912,7.076268226830642],[-70.7718583422604,7.076452824675505],[-70.77183666565134,7.076503771327879],[-70.7717864682741,7.076552455883223],[-70.77148594413296,7.07682458661255]]},"properties":{"tipo":"TPE3/4","estado":"INSTALADO","barrio":"Urb Laureles","polivalvula":"","longitud_m":194.270752}},{"type":"Feature","geometry":{"type":"LineString","coordinates":[[-70.77055254337957,7.076394502448606],[-70.77027512361138,7.076624144792784],[-70.76994372835541,7.076879851580286],[-70.77016024359438,7.077153493676064],[-70.77075063787045,7.076657403576749]]},"properties":{"tipo":"TPE3/4","estado":"INSTALADO","barrio":"Urb Laureles","polivalvula":"a","longitud_m":209.87262}},{"type":"Feature","geometry":{"type":"LineString","coordinates":[[-70.77026410816214,7.077413460982633],[-70.77032039060838,7.077369682390395]]},"properties":{"tipo":"TPE3/4","estado":"INSTALADO","barrio":"Urb Laureles","polivalvula":"a","longitud_m":7.880644}},{"type":"Feature","geometry":{"type":"LineString","coordinates":[[-70.7704673039738,7.077641317168335],[-70.7701707286091,7.077876284372778],[-70.76999049366776,7.077650142258403],[-70.77026410816214,7.077413460982633],[-70.7704673039738,7.077641317168335]]},"properties":{"tipo":"TPE3/4","estado":"INSTALADO","barrio":"Urb Laureles","polivalvula":"a","longitud_m":147.521744}},{"type":"Feature","geometry":{"type":"LineString","coordinates":[[-70.76864516399851,7.077912807802758],[-70.76886814110283,7.078166929967117],[-70.7691008768,7.07841034621858],[-70.76939293815646,7.078751129039415],[-70.76950246121213,7.078864344624769],[-70.76952071537082,7.078870005359885],[-70.76961198355609,7.07874660009385],[-70.76977056389646,7.078532619410651]]},"properties":{"tipo":"TPE3/4","estado":"INSTALADO","barrio":"Urb Laureles","polivalvula":"","longitud_m":190.148575}},{"type":"Feature","geometry":{"type":"LineString","coordinates":[[-70.7695464694105,7.076910045759227],[-70.76964230203262,7.077045906546929],[-70.76962259243217,7.077063501366371],[-70.7696190756432,7.077066639392646],[-70.76864516399851,7.077912807802758]]},"properties":{"tipo":"TPE3/4","estado":"INSTALADO","barrio":"Villa Maria","polivalvula":"","longitud_m":164.419922}},{"type":"Feature","geometry":{"type":"LineString","coordinates":[[-70.76863810854783,7.077297149484364],[-70.7684395981007,7.077085434149081],[-70.76891191640927,7.076613317561097],[-70.76912069259507,7.076854470919796],[-70.76863810854783,7.077297149484364]]},"properties":{"tipo":"TPE3/4","estado":"INSTALADO","barrio":"Villa Maria","polivalvula":"","longitud_m":213.541962}},{"type":"Feature","geometry":{"type":"LineString","coordinates":[[-70.76883721777061,7.076564357034714],[-70.7686717930635,7.076373773628858],[-70.76818791599132,7.076832275613917]]},"properties":{"tipo":"TPE3/4","estado":"INSTALADO","barrio":"Villa Maria","polivalvula":"","longitud_m":101.578743}},{"type":"Feature","geometry":{"type":"LineString","coordinates":[[-70.76940406212502,7.076501357623015],[-70.76970524922494,7.076597592131693],[-70.76960827573605,7.076895352394644],[-70.76957531471902,7.076889710872967],[-70.7695464694105,7.076910045759227]]},"properties":{"tipo":"TPE3/4","estado":"INSTALADO","barrio":"Villa Maria","polivalvula":"","longitud_m":77.15937}},{"type":"Feature","geometry":{"type":"LineString","coordinates":[[-70.76944009066598,7.076392341708192],[-70.7694398499509,7.076392258360763],[-70.76952708281661,7.076126326518811],[-70.76986265825606,7.076227971905328],[-70.7697759210452,7.076448250130483],[-70.76976450856962,7.076482897681286],[-70.76944009066598,7.076392341708192]]},"properties":{"tipo":"TPE3/4","estado":"INSTALADO","barrio":"Villa Maria","polivalvula":"","longitud_m":137.143921}},{"type":"Feature","geometry":{"type":"LineString","coordinates":[[-70.7698066701491,7.076457529656119],[-70.7697759210452,7.076448250130483]]},"properties":{"tipo":"TPE3/4","estado":"INSTALADO","barrio":"Villa Maria","polivalvula":"","longitud_m":3.548749}},{"type":"Feature","geometry":{"type":"LineString","coordinates":[[-70.76986265825606,7.076227971905328],[-70.76988883007081,7.076167416475622],[-70.77023869465927,7.076283652471693],[-70.77013433126352,7.076556409950982],[-70.7698066701491,7.076457529656119]]},"properties":{"tipo":"TPE3/4","estado":"INSTALADO","barrio":"Villa Maria","polivalvula":"","longitud_m":118.13736}},{"type":"Feature","geometry":{"type":"LineString","coordinates":[[-70.76938504192927,7.076373422475685],[-70.7694398499509,7.076392258360763],[-70.76944009066598,7.076392341708192]]},"properties":{"tipo":"TPE3/4","estado":"INSTALADO","barrio":"Villa Maria","polivalvula":"","longitud_m":6.431571}},{"type":"Feature","geometry":{"type":"LineString","coordinates":[[-70.77017621005683,7.076199083935681],[-70.77028287234369,7.075901804632149],[-70.76966255715743,7.075694074680576],[-70.76956470734237,7.075996425092893],[-70.77017621005683,7.076199083935681]]},"properties":{"tipo":"TPE3/4","estado":"INSTALADO","barrio":"Villa Maria","polivalvula":"","longitud_m":213.525391}},{"type":"Feature","geometry":{"type":"LineString","coordinates":[[-70.77021178876106,7.076210156071674],[-70.77056773773384,7.076314315475194],[-70.77066487204372,7.076029583067266],[-70.77030729480076,7.075907768699183],[-70.77021178876106,7.076210156071674]]},"properties":{"tipo":"TPE3/4","estado":"INSTALADO","barrio":"Villa Maria","polivalvula":"","longitud_m":151.05043}},{"type":"Feature","geometry":{"type":"LineString","coordinates":[[-70.76938504192927,7.076373422475685],[-70.7692395040985,7.076323406016586],[-70.76927296921086,7.076198111573315],[-70.76913758724187,7.076160372962802]]},"properties":{"tipo":"TPE3/4","estado":"INSTALADO","barrio":"Villa Maria","polivalvula":"","longitud_m":46.873348}},{"type":"Feature","geometry":{"type":"LineString","coordinates":[[-70.76927814077465,7.075576623641829],[-70.76857305002997,7.075339206703833]]},"properties":{"tipo":"TPE3/4","estado":"INSTALADO","barrio":"Villa Maria","polivalvula":"","longitud_m":82.203766}},{"type":"Feature","geometry":{"type":"LineString","coordinates":[[-70.76855630681256,7.076058982737103],[-70.76878370276722,7.076118470225301]]},"properties":{"tipo":"TPE3/4","estado":"INSTALADO","barrio":"Villa Maria","polivalvula":"","longitud_m":25.96957}},{"type":"Feature","geometry":{"type":"LineString","coordinates":[[-70.76794803701193,7.075879957519521],[-70.76790714115424,7.075866746817571]]},"properties":{"tipo":"TPE3/4","estado":"INSTALADO","barrio":"Villa Maria","polivalvula":"","longitud_m":4.748477}},{"type":"Feature","geometry":{"type":"LineString","coordinates":[[-70.76726507407288,7.075644960354457],[-70.76790714115424,7.075866746817571]]},"properties":{"tipo":"TPE3/4","estado":"INSTALADO","barrio":"Villa Maria","polivalvula":"","longitud_m":75.055832}},{"type":"Feature","geometry":{"type":"LineString","coordinates":[[-70.76723333056022,7.075807470712858],[-70.76715791063225,7.076047453446863],[-70.76776827309027,7.076260302482799],[-70.76786524577302,7.076010092792377]]},"properties":{"tipo":"TPE3/4","estado":"INSTALADO","barrio":"Villa Maria","polivalvula":"","longitud_m":128.913193}},{"type":"Feature","geometry":{"type":"LineString","coordinates":[[-70.76887271662899,7.075751318723986],[-70.76849090834537,7.075619985394564],[-70.76857305002997,7.075339206703833]]},"properties":{"tipo":"TPE3/4","estado":"INSTALADO","barrio":"Villa Maria","polivalvula":"","longitud_m":76.963341}},{"type":"Feature","geometry":{"type":"LineString","coordinates":[[-70.768429682182,7.075300193981684],[-70.76857305002997,7.075339206703833]]},"properties":{"tipo":"TPE3/4","estado":"INSTALADO","barrio":"Villa Maria","polivalvula":"","longitud_m":16.416254}},{"type":"Feature","geometry":{"type":"LineString","coordinates":[[-70.768429682182,7.075300193981684],[-70.76832238417786,7.07556783843758],[-70.76807424613261,7.075496134519864],[-70.7681615791181,7.075208488200858]]},"properties":{"tipo":"TPE3/4","estado":"INSTALADO","barrio":"Villa Maria","polivalvula":"","longitud_m":93.66552}},{"type":"Feature","geometry":{"type":"LineString","coordinates":[[-70.76803613719598,7.075483020625363],[-70.76807424613261,7.075496134519864]]},"properties":{"tipo":"TPE3/4","estado":"INSTALADO","barrio":"Villa Maria","polivalvula":"","longitud_m":4.453028}},{"type":"Feature","geometry":{"type":"LineString","coordinates":[[-70.76803613719598,7.075483020625363],[-70.76746196586092,7.075285591300219],[-70.76743663951946,7.075277844269595],[-70.76742178723994,7.075273300626204],[-70.76742085512598,7.07527301608077],[-70.76742023794108,7.07527282578382]]},"properties":{"tipo":"TPE3/4","estado":"INSTALADO","barrio":"Villa Maria","polivalvula":"","longitud_m":71.907829}},{"type":"Feature","geometry":{"type":"LineString","coordinates":[[-70.76738699539445,7.075344754141113],[-70.76742023794108,7.07527282578382]]},"properties":{"tipo":"TPE3/4","estado":"INSTALADO","barrio":"Villa Maria","polivalvula":"","longitud_m":8.761628}},{"type":"Feature","geometry":{"type":"LineString","coordinates":[[-70.76572621416335,7.075956404186471],[-70.76601627962366,7.075687709031841],[-70.76599261413156,7.075649068595699],[-70.76613103892674,7.075517736622386],[-70.76616499122939,7.075549954935781],[-70.76659355557246,7.075184189158705]]},"properties":{"tipo":"TPE3/4","estado":"INSTALADO","barrio":"La Chorrera","polivalvula":"","longitud_m":137.251755}},{"type":"Feature","geometry":{"type":"LineString","coordinates":[[-70.76808286444843,7.077330339013031],[-70.76654920498882,7.075787565475051],[-70.76654872829494,7.075787086825007],[-70.76653823109326,7.07577652667799],[-70.76600202607001,7.076267134548675],[-70.76588574769654,7.076136134922061]]},"properties":{"tipo":"TPE3/4","estado":"INSTALADO","barrio":"La Chorrera","polivalvula":"","longitud_m":341.872681}},{"type":"Feature","geometry":{"type":"LineString","coordinates":[[-70.76804442478561,7.077380022885932],[-70.76747905602134,7.076808911072855],[-70.76728739145064,7.07698703835532],[-70.76785021692466,7.077559162333349]]},"properties":{"tipo":"TPE3/4","estado":"INSTALADO","barrio":"El Bosque","polivalvula":"","longitud_m":206.462875}},{"type":"Feature","geometry":{"type":"LineString","coordinates":[[-70.76780790429318,7.077594925873416],[-70.76785021692466,7.077559162333349]]},"properties":{"tipo":"TPE3/4","estado":"INSTALADO","barrio":"El Bosque","polivalvula":"","longitud_m":6.123375}},{"type":"Feature","geometry":{"type":"LineString","coordinates":[[-70.76780790429318,7.077594925873416],[-70.76724390934015,7.077024208934547],[-70.76704235726449,7.077220450963055],[-70.76762536632506,7.077774186009273]]},"properties":{"tipo":"TPE3/4","estado":"INSTALADO","barrio":"El Bosque","polivalvula":"","longitud_m":208.661484}},{"type":"Feature","geometry":{"type":"LineString","coordinates":[[-70.76739034886293,7.078024395886791],[-70.76762536632506,7.077774186009273]]},"properties":{"tipo":"TPE3/4","estado":"INSTALADO","barrio":"El Bosque","polivalvula":"","longitud_m":37.945408}},{"type":"Feature","geometry":{"type":"LineString","coordinates":[[-70.76757954654937,7.077822967940967],[-70.76701997723833,7.077262606082467],[-70.7668355383458,7.077460735678836],[-70.76739034886293,7.078024395886791]]},"properties":{"tipo":"TPE3/4","estado":"INSTALADO","barrio":"El Bosque","polivalvula":"","longitud_m":204.880112}},{"type":"Feature","geometry":{"type":"LineString","coordinates":[[-70.76732758213613,7.078076777044717],[-70.76739034886293,7.078024395886791]]},"properties":{"tipo":"TPE3/4","estado":"INSTALADO","barrio":"El Bosque","polivalvula":"","longitud_m":9.035707}},{"type":"Feature","geometry":{"type":"LineString","coordinates":[[-70.76732758213613,7.078076777044717],[-70.76714542403656,7.077890157810479],[-70.76673053059443,7.078280566720375],[-70.76692270876107,7.078460384033686]]},"properties":{"tipo":"TPE3/4","estado":"INSTALADO","barrio":"El Bosque","polivalvula":"","longitud_m":120.886551}},{"type":"Feature","geometry":{"type":"LineString","coordinates":[[-70.7666874206518,7.078246926320127],[-70.76673053059443,7.078280566720375]]},"properties":{"tipo":"TPE3/4","estado":"INSTALADO","barrio":"El Bosque","polivalvula":"","longitud_m":6.043567}},{"type":"Feature","geometry":{"type":"LineString","coordinates":[[-70.7666874206518,7.078246926320127],[-70.76689049464791,7.078051061650035],[-70.76631550020802,7.077489505962857],[-70.76612041319608,7.077677445733022],[-70.7662125085526,7.077769943788519],[-70.7666874206518,7.078246926320127]]},"properties":{"tipo":"TPE3/4","estado":"INSTALADO","barrio":"El Bosque","polivalvula":"","longitud_m":238.795197}},{"type":"Feature","geometry":{"type":"LineString","coordinates":[[-70.76635205467603,7.077445150445598],[-70.76631550020802,7.077489505962857]]},"properties":{"tipo":"TPE3/4","estado":"INSTALADO","barrio":"El Bosque","polivalvula":"","longitud_m":6.353919}},{"type":"Feature","geometry":{"type":"LineString","coordinates":[[-70.76692096533974,7.078016519130409],[-70.76710958777261,7.07783235253434],[-70.76700777929624,7.077728591551366]]},"properties":{"tipo":"TPE3/4","estado":"INSTALADO","barrio":"El Bosque","polivalvula":"","longitud_m":45.207375}},{"type":"Feature","geometry":{"type":"LineString","coordinates":[[-70.76678864430144,7.077411791576393],[-70.76743361241516,7.076770229073886],[-70.76723738387552,7.076566437538424],[-70.7666000224291,7.077198943680648],[-70.76678864430144,7.077411791576393]]},"properties":{"tipo":"TPE3/4","estado":"INSTALADO","barrio":"El Bosque","polivalvula":"","longitud_m":262.519989}},{"type":"Feature","geometry":{"type":"LineString","coordinates":[[-70.76747905602134,7.076808911072855],[-70.76743361241516,7.076770229073886]]},"properties":{"tipo":"TPE3/4","estado":"INSTALADO","barrio":"El Bosque","polivalvula":"","longitud_m":6.595965}},{"type":"Feature","geometry":{"type":"LineString","coordinates":[[-70.76719020923868,7.076518904775027],[-70.76699968528153,7.076695523560939],[-70.76676236160279,7.076458760120461],[-70.76656957988149,7.076266430687012],[-70.76676010410799,7.0760920753329],[-70.76719020923868,7.076518904775027]]},"properties":{"tipo":"TPE3/4","estado":"INSTALADO","barrio":"El Bosque","polivalvula":"","longitud_m":191.395584}},{"type":"Feature","geometry":{"type":"LineString","coordinates":[[-70.76669762509829,7.076523796236892],[-70.76676236160279,7.076458760120461]]},"properties":{"tipo":"TPE3/4","estado":"INSTALADO","barrio":"El Bosque","polivalvula":"","longitud_m":10.143155}},{"type":"Feature","geometry":{"type":"LineString","coordinates":[[-70.76670504090498,7.076533419361652],[-70.76669762509829,7.076523796236892],[-70.76653220057771,7.076319439050102],[-70.76613460949251,7.076713434330866],[-70.76629320879516,7.076883138338094],[-70.76670504090498,7.076533419361652]]},"properties":{"tipo":"TPE3/4","estado":"INSTALADO","barrio":"El Bosque","polivalvula":"","longitud_m":177.671371}},{"type":"Feature","geometry":{"type":"LineString","coordinates":[[-70.76649353704089,7.076269405410485],[-70.76607190421531,7.076679622534798],[-70.76589735193764,7.07648941818622],[-70.76652482592694,7.075872383893316],[-70.76671192833302,7.076056927843602],[-70.76649353704089,7.076269405410485]]},"properties":{"tipo":"TPE3/4","estado":"INSTALADO","barrio":"El Bosque","polivalvula":"","longitud_m":253.562546}},{"type":"Feature","geometry":{"type":"LineString","coordinates":[[-70.76549096418708,7.077122898321099],[-70.76552910174836,7.077092117155603]]},"properties":{"tipo":"TPE3/4","estado":"INSTALADO","barrio":"El Bosque","polivalvula":"","longitud_m":5.416735}},{"type":"Feature","geometry":{"type":"LineString","coordinates":[[-70.76583740463349,7.076547465060693],[-70.76565207021679,7.076726927801236],[-70.76631321756243,7.077406857952715],[-70.76649233444995,7.077223445695016],[-70.766249912923,7.076973232861548],[-70.76583740463349,7.076547465060693]]},"properties":{"tipo":"TPE3/4","estado":"INSTALADO","barrio":"El Bosque","polivalvula":"","longitud_m":265.724335}},{"type":"Feature","geometry":{"type":"LineString","coordinates":[[-70.76628528274338,7.077450052787992],[-70.76560355330243,7.076773906526016],[-70.76540453657282,7.076966615834975],[-70.76607764575023,7.077644785681768],[-70.76628528274338,7.077450052787992]]},"properties":{"tipo":"TPE3/4","estado":"INSTALADO","barrio":"El Bosque","polivalvula":"","longitud_m":273.836121}},{"type":"Feature","geometry":{"type":"LineString","coordinates":[[-70.76593612932984,7.078105157042709],[-70.7661538300716,7.078323675116712],[-70.7665997312623,7.078771248523205]]},"properties":{"tipo":"TPE3/4","estado":"INSTALADO","barrio":"Matagea","polivalvula":"","longitud_m":103.929787}},{"type":"Feature","geometry":{"type":"LineString","coordinates":[[-70.76863379720132,7.081173375859643],[-70.76842906485264,7.080984866742095],[-70.76890822733701,7.080537662560565],[-70.76910901916438,7.080726733995641],[-70.76863379720132,7.081173375859643]]},"properties":{"tipo":"TPE3/4","estado":"INSTALADO","barrio":"Oiti","polivalvula":"","longitud_m":205.776123}},{"type":"Feature","geometry":{"type":"LineString","coordinates":[[-70.76835709455631,7.080927881183582],[-70.76885859997083,7.080482091627347],[-70.76851634061363,7.080158953515586],[-70.76807187980691,7.080654274864659],[-70.76835709455631,7.080927881183582]]},"properties":{"tipo":"TPE3/4","estado":"INSTALADO","barrio":"Oiti","polivalvula":"","longitud_m":243.443054}},{"type":"Feature","geometry":{"type":"LineString","coordinates":[[-70.77448550082617,7.074927858100597],[-70.77472577875497,7.074704629707345],[-70.77394143636059,7.073784735955761]]},"properties":{"tipo":"TPE3/4","estado":"INSTALADO","barrio":"Doce de Octubre","polivalvula":"","longitud_m":169.886932}},{"type":"Feature","geometry":{"type":"LineString","coordinates":[[-70.77426797574705,7.075125610328262],[-70.77448550082617,7.074927858100597],[-70.7737675177194,7.074218359403981]]},"properties":{"tipo":"TPE3/4","estado":"INSTALADO","barrio":"Doce de Octubre","polivalvula":"","longitud_m":144.06778}},{"type":"Feature","geometry":{"type":"LineString","coordinates":[[-70.77426797574705,7.075125610328262],[-70.77422842632974,7.075087871390799],[-70.77356824689986,7.074431210116803],[-70.7737675177194,7.074218359403981]]},"properties":{"tipo":"TPE3/4","estado":"INSTALADO","barrio":"Doce de Octubre","polivalvula":"","longitud_m":141.197952}},{"type":"Feature","geometry":{"type":"LineString","coordinates":[[-70.77407965676896,7.075239096481873],[-70.77413434510484,7.075183505446514],[-70.7741532082701,7.075164332009902],[-70.77422842632974,7.075087871390799]]},"properties":{"tipo":"TPE3/4","estado":"INSTALADO","barrio":"Doce de Octubre","polivalvula":"","longitud_m":23.448757}},{"type":"Feature","geometry":{"type":"LineString","coordinates":[[-70.77327174958637,7.074900874167148],[-70.773485660624,7.074663116490905],[-70.7738935195624,7.074828225387568]]},"properties":{"tipo":"TPE3/4","estado":"INSTALADO","barrio":"Doce de Octubre","polivalvula":"","longitud_m":83.972893}},{"type":"Feature","geometry":{"type":"LineString","coordinates":[[-70.7741532082701,7.075164332009902],[-70.7738935195624,7.074828225387568]]},"properties":{"tipo":"TPE3/4","estado":"INSTALADO","barrio":"Doce de Octubre","polivalvula":"","longitud_m":46.955326}},{"type":"Feature","geometry":{"type":"LineString","coordinates":[[-70.77413434510484,7.075183505446514],[-70.77327174958637,7.074900874167148]]},"properties":{"tipo":"TPE3/4","estado":"INSTALADO","barrio":"Doce de Octubre","polivalvula":"","longitud_m":100.29377}},{"type":"Feature","geometry":{"type":"LineString","coordinates":[[-70.77260682837182,7.074042118205916],[-70.77260677212992,7.074042305342465],[-70.77252848873167,7.074305631447856],[-70.77336892435798,7.074547162753145],[-70.77342976988281,7.074284875808059],[-70.77260692322719,7.074042400384411],[-70.77260677212992,7.074042305342465],[-70.77260682837182,7.074042118205916]]},"properties":{"tipo":"TPE3/4","estado":"INSTALADO","barrio":"Doce de Octubre","polivalvula":"","longitud_m":251.614334}},{"type":"Feature","geometry":{"type":"LineString","coordinates":[[-70.7725080045624,7.074378375128944],[-70.77250912672415,7.074378713137656],[-70.77243042733002,7.074675759992724],[-70.77309973298932,7.074858418066271],[-70.77330356674395,7.074618396053091],[-70.77250912672415,7.074378713137656],[-70.7725080045624,7.074378375128944]]},"properties":{"tipo":"TPE3/4","estado":"INSTALADO","barrio":"Doce de Octubre","polivalvula":"","longitud_m":237.389755}},{"type":"Feature","geometry":{"type":"LineString","coordinates":[[-70.77252848873167,7.074305631447856],[-70.77250912672415,7.074378713137656],[-70.7725080045624,7.074378375128944]]},"properties":{"tipo":"TPE3/4","estado":"INSTALADO","barrio":"Doce de Octubre","polivalvula":"","longitud_m":8.490069}},{"type":"Feature","geometry":{"type":"LineString","coordinates":[[-70.77240119849381,7.074752625698307],[-70.77243042733002,7.074675759992724]]},"properties":{"tipo":"TPE3/4","estado":"INSTALADO","barrio":"Doce de Octubre","polivalvula":"","longitud_m":9.093454}},{"type":"Feature","geometry":{"type":"LineString","coordinates":[[-70.77411137031186,7.075254640783907],[-70.77407965676896,7.075239096481873],[-70.77301195231455,7.074916784089571],[-70.77240072472446,7.074755956531454],[-70.77240000435043,7.074755767077649],[-70.77240119849381,7.074752625698307]]},"properties":{"tipo":"TPE3/4","estado":"INSTALADO","barrio":"Doce de Octubre","polivalvula":"","longitud_m":197.414642}},{"type":"Feature","geometry":{"type":"LineString","coordinates":[[-70.77387399819416,7.075501492550432],[-70.77411137031186,7.075254640783907]]},"properties":{"tipo":"TPE3/4","estado":"INSTALADO","barrio":"Doce de Octubre","polivalvula":"","longitud_m":37.855255}},{"type":"Feature","geometry":{"type":"LineString","coordinates":[[-70.77279398166225,7.0751995798419],[-70.77301195231455,7.074916784089571]]},"properties":{"tipo":"TPE3/4","estado":"INSTALADO","barrio":"Doce de Octubre","polivalvula":"","longitud_m":39.471985}},{"type":"Feature","geometry":{"type":"LineString","coordinates":[[-70.77232242512258,7.075069756992947],[-70.77240072472446,7.074755956531454],[-70.77240000435043,7.074755767077649],[-70.77240119849381,7.074752625698307]]},"properties":{"tipo":"TPE3/4","estado":"INSTALADO","barrio":"Doce de Octubre","polivalvula":"","longitud_m":36.21983}},{"type":"Feature","geometry":{"type":"LineString","coordinates":[[-70.77047898914093,7.084591275378838],[-70.77057579862213,7.084295695944133],[-70.770658640016,7.084114245887458],[-70.77068287858624,7.084052616769019],[-70.77068501928153,7.084047176593123],[-70.7707329750503,7.083925249016928],[-70.77079805267716,7.083751636732602],[-70.77091108355246,7.08345009191638],[-70.77104880470371,7.083107048838542],[-70.77112337865775,7.082895669009488],[-70.77113878622818,7.082851996348202],[-70.7711784831524,7.082739476187599],[-70.7712651219368,7.082508848028531],[-70.77143183614393,7.082065066780472],[-70.77145515578823,7.082007505083542]]},"properties":{"tipo":"TPE3","estado":"INSTALADO","barrio":"Oiti","polivalvula":"","longitud_m":305.526978}},{"type":"Feature","geometry":{"type":"LineString","coordinates":[[-70.77074765513886,7.08387032198749],[-70.77090042504237,7.083454483010277],[-70.77101299048586,7.083163951237374]]},"properties":{"tipo":"TPE3/4","estado":"INSTALADO","barrio":"Oiti","polivalvula":"","longitud_m":83.441299}},{"type":"Feature","geometry":{"type":"LineString","coordinates":[[-70.77074755921457,7.083870286659685],[-70.77052054536466,7.083737439159214]]},"properties":{"tipo":"TPE3/4","estado":"INSTALADO","barrio":"Oiti","polivalvula":"","longitud_m":29.066311}},{"type":"Feature","geometry":{"type":"LineString","coordinates":[[-70.77068157018088,7.084045066583837],[-70.77074765513886,7.08387032198749]]},"properties":{"tipo":"TPE3/4","estado":"INSTALADO","barrio":"Oiti","polivalvula":"","longitud_m":20.658579}},{"type":"Feature","geometry":{"type":"LineString","coordinates":[[-70.77068501928153,7.084047176593123],[-70.77068157018088,7.084045066583837]]},"properties":{"tipo":"TPE3/4","estado":"INSTALADO","barrio":"Oiti","polivalvula":"","longitud_m":0.446821}},{"type":"Feature","geometry":{"type":"LineString","coordinates":[[-70.77043061931091,7.083894177645572],[-70.77068157018088,7.084045066583837]]},"properties":{"tipo":"TPE3/4","estado":"INSTALADO","barrio":"Oiti","polivalvula":"","longitud_m":32.35891}},{"type":"Feature","geometry":{"type":"LineString","coordinates":[[-70.7704229301124,7.083714677924006],[-70.77048651505723,7.083756115034628],[-70.77043061931091,7.083894177645572]]},"properties":{"tipo":"TPE3/4","estado":"INSTALADO","barrio":"Oiti","polivalvula":"","longitud_m":24.857473}},{"type":"Feature","geometry":{"type":"LineString","coordinates":[[-70.77036495599357,7.083843313578792],[-70.7704229301124,7.083714677924006]]},"properties":{"tipo":"TPE3/4","estado":"INSTALADO","barrio":"Oiti","polivalvula":"","longitud_m":15.601456}},{"type":"Feature","geometry":{"type":"LineString","coordinates":[[-70.76992403762836,7.083557997999324],[-70.77036495599357,7.083843313578792]]},"properties":{"tipo":"TPE3/4","estado":"INSTALADO","barrio":"Oiti","polivalvula":"","longitud_m":58.03825}},{"type":"Feature","geometry":{"type":"LineString","coordinates":[[-70.77041207773796,7.083193961948419],[-70.77018547473727,7.083085142373483],[-70.77008756261606,7.083274410214367],[-70.77033166669283,7.083404293417434],[-70.77058213066046,7.083089220084313]]},"properties":{"tipo":"TPE3/4","estado":"INSTALADO","barrio":"Oiti","polivalvula":"","longitud_m":126.388344}},{"type":"Feature","geometry":{"type":"LineString","coordinates":[[-70.77008756261606,7.083274410214367],[-70.76992403762836,7.083557997999324]]},"properties":{"tipo":"TPE3/4","estado":"INSTALADO","barrio":"Oiti","polivalvula":"","longitud_m":36.193836}},{"type":"Feature","geometry":{"type":"LineString","coordinates":[[-70.76953849888585,7.082931377961471],[-70.77008756261606,7.083274410214367]]},"properties":{"tipo":"TPE3/4","estado":"INSTALADO","barrio":"Oiti","polivalvula":"","longitud_m":71.545227}},{"type":"Feature","geometry":{"type":"LineString","coordinates":[[-70.76997001795576,7.082419032950516],[-70.76996533276558,7.082424594414967],[-70.76953849888585,7.082931377961471]]},"properties":{"tipo":"TPE3/4","estado":"INSTALADO","barrio":"Oiti","polivalvula":"","longitud_m":74.049034}},{"type":"Feature","geometry":{"type":"LineString","coordinates":[[-70.76997001795576,7.082419032950516],[-70.7703786766659,7.082751459558193]]},"properties":{"tipo":"TPE3/4","estado":"INSTALADO","barrio":"Oiti","polivalvula":"","longitud_m":58.222725}},{"type":"Feature","geometry":{"type":"LineString","coordinates":[[-70.76991437709108,7.082380118374467],[-70.76996210319933,7.082421775638514],[-70.76996533276558,7.082424594414967]]},"properties":{"tipo":"TPE3/4","estado":"INSTALADO","barrio":"Oiti","polivalvula":"","longitud_m":7.475596}},{"type":"Feature","geometry":{"type":"LineString","coordinates":[[-70.76950906159327,7.082847462350911],[-70.76978870228074,7.082525025820429],[-70.7698595954707,7.082443284322364],[-70.76991437709108,7.082380118374467],[-70.76991772513256,7.082376258670198]]},"properties":{"tipo":"TPE3/4","estado":"INSTALADO","barrio":"Oiti","polivalvula":"","longitud_m":68.949074}},{"type":"Feature","geometry":{"type":"LineString","coordinates":[[-70.76951554041666,7.082047157161717],[-70.76991772513256,7.082376258670198]]},"properties":{"tipo":"TPE3/4","estado":"INSTALADO","barrio":"Oiti","polivalvula":"","longitud_m":57.436188}},{"type":"Feature","geometry":{"type":"LineString","coordinates":[[-70.76951554041666,7.082047157161717],[-70.76910500707874,7.082496022338085],[-70.76950906159327,7.082847462350911]]},"properties":{"tipo":"TPE3/4","estado":"INSTALADO","barrio":"Oiti","polivalvula":"","longitud_m":126.428802}},{"type":"Feature","geometry":{"type":"LineString","coordinates":[[-70.76944797683444,7.081991871897806],[-70.76951554041666,7.082047157161717]]},"properties":{"tipo":"TPE3/4","estado":"INSTALADO","barrio":"Oiti","polivalvula":"","longitud_m":9.648722}},{"type":"Feature","geometry":{"type":"LineString","coordinates":[[-70.76903753227535,7.082407918458477],[-70.76924761503595,7.082210625195033],[-70.76944797683444,7.081991871897806]]},"properties":{"tipo":"TPE3/4","estado":"INSTALADO","barrio":"Oiti","polivalvula":"","longitud_m":64.646294}},{"type":"Feature","geometry":{"type":"LineString","coordinates":[[-70.76896652198884,7.08159790395122],[-70.768584012983,7.081988752697866],[-70.76903753227535,7.082407918458477]]},"properties":{"tipo":"TPE3/4","estado":"INSTALADO","barrio":"Oiti","polivalvula":"","longitud_m":128.709122}},{"type":"Feature","geometry":{"type":"LineString","coordinates":[[-70.76944797683444,7.081991871897806],[-70.76896652198884,7.08159790395122]]},"properties":{"tipo":"TPE3/4","estado":"INSTALADO","barrio":"Oiti","polivalvula":"","longitud_m":68.756897}},{"type":"Feature","geometry":{"type":"LineString","coordinates":[[-70.77039792990003,7.083946506705982],[-70.770658640016,7.084114245887458]]},"properties":{"tipo":"TPE3/4","estado":"INSTALADO","barrio":"Oiti","polivalvula":"","longitud_m":34.259464}},{"type":"Feature","geometry":{"type":"LineString","coordinates":[[-70.77031236512029,7.084121990689221],[-70.77039792990003,7.083946506705982]]},"properties":{"tipo":"TPE3/4","estado":"INSTALADO","barrio":"Oiti","polivalvula":"","longitud_m":21.587021}},{"type":"Feature","geometry":{"type":"LineString","coordinates":[[-70.77025151931761,7.084089913122646],[-70.77031236512029,7.084121990689221]]},"properties":{"tipo":"TPE3/4","estado":"INSTALADO","barrio":"Oiti","polivalvula":"","longitud_m":7.600731}},{"type":"Feature","geometry":{"type":"LineString","coordinates":[[-70.77035229462257,7.0839238638682],[-70.77025151931761,7.084089913122646]]},"properties":{"tipo":"TPE3/4","estado":"INSTALADO","barrio":"Oiti","polivalvula":"","longitud_m":21.475151}},{"type":"Feature","geometry":{"type":"LineString","coordinates":[[-70.76990165393948,7.083621955761953],[-70.77013553114713,7.083748380000659],[-70.77027243489854,7.083852160831164],[-70.77035229462257,7.0839238638682]]},"properties":{"tipo":"TPE3/4","estado":"INSTALADO","barrio":"Oiti","polivalvula":"","longitud_m":60.227524}},{"type":"Feature","geometry":{"type":"LineString","coordinates":[[-70.76974383484301,7.083857821679384],[-70.76990165393948,7.083621955761953]]},"properties":{"tipo":"TPE3/4","estado":"INSTALADO","barrio":"Oiti","polivalvula":"","longitud_m":31.375511}},{"type":"Feature","geometry":{"type":"LineString","coordinates":[[-70.76968679206657,7.083823856741311],[-70.76974383484301,7.083857821679384]]},"properties":{"tipo":"TPE3/4","estado":"INSTALADO","barrio":"Oiti","polivalvula":"","longitud_m":7.336465}},{"type":"Feature","geometry":{"type":"LineString","coordinates":[[-70.7698313012754,7.083589878185542],[-70.76968679206657,7.083823856741311]]},"properties":{"tipo":"TPE3/4","estado":"INSTALADO","barrio":"Oiti","polivalvula":"","longitud_m":30.404999}},{"type":"Feature","geometry":{"type":"LineString","coordinates":[[-70.76925516477904,7.083208718487803],[-70.76937685657525,7.083274761869411],[-70.76956700081546,7.083408733855959],[-70.76972101843516,7.083506854007574],[-70.76980504556329,7.08357011268067],[-70.7698313012754,7.083589878185542]]},"properties":{"tipo":"TPE3/4","estado":"INSTALADO","barrio":"Oiti","polivalvula":"","longitud_m":76.443359}},{"type":"Feature","geometry":{"type":"LineString","coordinates":[[-70.76985373794297,7.08350745722082],[-70.76980504556329,7.08357011268067]]},"properties":{"tipo":"TPE3/4","estado":"INSTALADO","barrio":"Oiti","polivalvula":"","longitud_m":8.77224}},{"type":"Feature","geometry":{"type":"LineString","coordinates":[[-70.76996972559448,7.083296122177472],[-70.76985373794297,7.08350745722082]]},"properties":{"tipo":"TPE3/4","estado":"INSTALADO","barrio":"Oiti","polivalvula":"","longitud_m":26.654345}},{"type":"Feature","geometry":{"type":"LineString","coordinates":[[-70.7693137300757,7.08317158486921],[-70.76985373794297,7.08350745722082]]},"properties":{"tipo":"TPE3/4","estado":"INSTALADO","barrio":"Oiti","polivalvula":"","longitud_m":70.277237}},{"type":"Feature","geometry":{"type":"LineString","coordinates":[[-70.76943542160431,7.082973457142842],[-70.7693137300757,7.08317158486921]]},"properties":{"tipo":"TPE3/4","estado":"INSTALADO","barrio":"Oiti","polivalvula":"","longitud_m":25.707161}},{"type":"Feature","geometry":{"type":"LineString","coordinates":[[-70.76996972559448,7.083296122177472],[-70.76943542160431,7.082973457142842]]},"properties":{"tipo":"TPE3/4","estado":"INSTALADO","barrio":"Oiti","polivalvula":"","longitud_m":68.976273}},{"type":"Feature","geometry":{"type":"LineString","coordinates":[[-70.76887297593588,7.083571008771706],[-70.76895473792592,7.083491757625228],[-70.76925516477904,7.083208718487803]]},"properties":{"tipo":"TPE3/4","estado":"INSTALADO","barrio":"Oiti","polivalvula":"","longitud_m":58.208637}},{"type":"Feature","geometry":{"type":"LineString","coordinates":[[-70.76881593334488,7.083521948705883],[-70.76887297593588,7.083571008771706]]},"properties":{"tipo":"TPE3/4","estado":"INSTALADO","barrio":"Oiti","polivalvula":"","longitud_m":8.315767}},{"type":"Feature","geometry":{"type":"LineString","coordinates":[[-70.76939587213596,7.082906810829852],[-70.76938256170305,7.082931340698399],[-70.76920572759211,7.083163433196857],[-70.76881593334488,7.083521948705883]]},"properties":{"tipo":"TPE3/4","estado":"INSTALADO","barrio":"Oiti","polivalvula":"","longitud_m":93.87883}},{"type":"Feature","geometry":{"type":"LineString","coordinates":[[-70.7691277689533,7.082655849934042],[-70.76914107931758,7.08267094474164],[-70.76939587213596,7.082906810829852]]},"properties":{"tipo":"TPE3/4","estado":"INSTALADO","barrio":"Oiti","polivalvula":"","longitud_m":40.60157}},{"type":"Feature","geometry":{"type":"LineString","coordinates":[[-70.7685813029685,7.083188305362875],[-70.7691277689533,7.082655849934042]]},"properties":{"tipo":"TPE3/4","estado":"INSTALADO","barrio":"Oiti","polivalvula":"","longitud_m":84.334503}},{"type":"Feature","geometry":{"type":"LineString","coordinates":[[-70.76853384833717,7.083149557916102],[-70.7685813029685,7.083188305362875]]},"properties":{"tipo":"TPE3/4","estado":"INSTALADO","barrio":"Oiti","polivalvula":"","longitud_m":6.771132}},{"type":"Feature","geometry":{"type":"LineString","coordinates":[[-70.76906101211556,7.082582433756444],[-70.76853384833717,7.083149557916102]]},"properties":{"tipo":"TPE3/4","estado":"INSTALADO","barrio":"Oiti","polivalvula":"","longitud_m":85.589867}},{"type":"Feature","geometry":{"type":"LineString","coordinates":[[-70.76852691520105,7.082050144677575],[-70.76906101211556,7.082582433756444]]},"properties":{"tipo":"TPE3/4","estado":"INSTALADO","barrio":"Oiti","polivalvula":"","longitud_m":83.348801}},{"type":"Feature","geometry":{"type":"LineString","coordinates":[[-70.76811620439808,7.08245017378677],[-70.76852691520105,7.082050144677575]]},"properties":{"tipo":"TPE3/4","estado":"INSTALADO","barrio":"Oiti","polivalvula":"","longitud_m":63.372139}},{"type":"Feature","geometry":{"type":"LineString","coordinates":[[-70.76848128018575,7.08199353650298],[-70.7683253619005,7.082146378764987],[-70.76820367044797,7.082265255056397],[-70.76807437339832,7.082386018783022]]},"properties":{"tipo":"TPE3/4","estado":"INSTALADO","barrio":"Oiti","polivalvula":"","longitud_m":62.493019}},{"type":"Feature","geometry":{"type":"LineString","coordinates":[[-70.76827022089334,7.081793522350256],[-70.76846905010302,7.08198194714676],[-70.76848128018575,7.08199353650298]]},"properties":{"tipo":"TPE3/4","estado":"INSTALADO","barrio":"Oiti","polivalvula":"","longitud_m":32.140247}},{"type":"Feature","geometry":{"type":"LineString","coordinates":[[-70.76891630829446,7.081556813694487],[-70.76855311480065,7.081913276039737],[-70.76846905010302,7.08198194714676]]},"properties":{"tipo":"TPE3/4","estado":"INSTALADO","barrio":"Oiti","polivalvula":"","longitud_m":68.247391}},{"type":"Feature","geometry":{"type":"LineString","coordinates":[[-70.76784482872623,7.081191523526835],[-70.76834158000392,7.081724581515857],[-70.76855311480065,7.081913276039737]]},"properties":{"tipo":"TPE3/4","estado":"INSTALADO","barrio":"Oiti","polivalvula":"","longitud_m":111.874039}},{"type":"Feature","geometry":{"type":"LineString","coordinates":[[-70.76776877188398,7.081238696618449],[-70.76784482872623,7.081191523526835]]},"properties":{"tipo":"TPE3/4","estado":"INSTALADO","barrio":"Oiti","polivalvula":"","longitud_m":9.890421}},{"type":"Feature","geometry":{"type":"LineString","coordinates":[[-70.76799919216832,7.08150651403545],[-70.76766036162226,7.081722935645637],[-70.76762616441388,7.08167033256004],[-70.7679589149655,7.081467487386891],[-70.76776877188398,7.081238696618449]]},"properties":{"tipo":"TPE3/4","estado":"INSTALADO","barrio":"Villa San Juan","polivalvula":"","longitud_m":127.319397}},{"type":"Feature","geometry":{"type":"LineString","coordinates":[[-70.76822166022687,7.081718228338491],[-70.76799919216832,7.08150651403545]]},"properties":{"tipo":"TPE3/4","estado":"INSTALADO","barrio":"Villa San Juan","polivalvula":"","longitud_m":33.94529}},{"type":"Feature","geometry":{"type":"LineString","coordinates":[[-70.76767132270551,7.082101968752099],[-70.76822166022687,7.081718228338491]]},"properties":{"tipo":"TPE3/4","estado":"INSTALADO","barrio":"Villa San Juan","polivalvula":"","longitud_m":74.146385}},{"type":"Feature","geometry":{"type":"LineString","coordinates":[[-70.76779676295484,7.082152038387449],[-70.76787852384298,7.082087883350496],[-70.76807437267689,7.081953911719819],[-70.76827022089334,7.081793522350256]]},"properties":{"tipo":"TPE3/4","estado":"INSTALADO","barrio":"Villa San Juan","polivalvula":"","longitud_m":65.687981}},{"type":"Feature","geometry":{"type":"LineString","coordinates":[[-70.76807437339832,7.082386018783022],[-70.7678557069907,7.082235064091944],[-70.76779676295484,7.082152038387449]]},"properties":{"tipo":"TPE3/4","estado":"INSTALADO","barrio":"Villa San Juan","polivalvula":"","longitud_m":40.621754}},{"type":"Feature","geometry":{"type":"LineString","coordinates":[[-70.76729212109193,7.082506970490153],[-70.7677203211469,7.08217088475198],[-70.76780322699584,7.082266953495538],[-70.7678557069907,7.082235064091944]]},"properties":{"tipo":"TPE3/4","estado":"INSTALADO","barrio":"Villa San Juan","polivalvula":"","longitud_m":80.975243}},{"type":"Feature","geometry":{"type":"LineString","coordinates":[[-70.76723355349063,7.082435055101637],[-70.76729212109193,7.082506970490153]]},"properties":{"tipo":"TPE3/4","estado":"INSTALADO","barrio":"Villa San Juan","polivalvula":"","longitud_m":10.252868}},{"type":"Feature","geometry":{"type":"LineString","coordinates":[[-70.76760208640736,7.082201553951576],[-70.76723355349063,7.082435055101637]]},"properties":{"tipo":"TPE3/4","estado":"INSTALADO","barrio":"Villa San Juan","polivalvula":"","longitud_m":48.213367}},{"type":"Feature","geometry":{"type":"LineString","coordinates":[[-70.76738681325519,7.081834468670765],[-70.76760208640736,7.082201553951576]]},"properties":{"tipo":"TPE3/4","estado":"INSTALADO","barrio":"Villa San Juan","polivalvula":"","longitud_m":47.050365}},{"type":"Feature","geometry":{"type":"LineString","coordinates":[[-70.76720769683585,7.081936363165498],[-70.76738681325519,7.081834468670765]]},"properties":{"tipo":"TPE3/4","estado":"INSTALADO","barrio":"Villa San Juan","polivalvula":"","longitud_m":22.771992}},{"type":"Feature","geometry":{"type":"LineString","coordinates":[[-70.76705665505493,7.081231215198324],[-70.76738681325519,7.081834468670765]]},"properties":{"tipo":"TPE3/4","estado":"INSTALADO","barrio":"Villa San Juan","polivalvula":"","longitud_m":76.035416}},{"type":"Feature","geometry":{"type":"LineString","coordinates":[[-70.76714707220788,7.081188302537027],[-70.76745265731174,7.081785908100532],[-70.76767132270551,7.082101968752099]]},"properties":{"tipo":"TPE3/4","estado":"INSTALADO","barrio":"Villa San Juan","polivalvula":"","longitud_m":116.703949}},{"type":"Feature","geometry":{"type":"LineString","coordinates":[[-70.76800007000863,7.080719218720107],[-70.76891630829446,7.081556813694487]]},"properties":{"tipo":"TPE3/4","estado":"INSTALADO","barrio":"Oiti","polivalvula":"","longitud_m":137.211288}},{"type":"Feature","geometry":{"type":"LineString","coordinates":[[-70.76710229932849,7.08110842565154],[-70.76793378230802,7.080659658047979]]},"properties":{"tipo":"TPE3/4","estado":"INSTALADO","barrio":"Villa San Juan","polivalvula":"","longitud_m":104.410248}},{"type":"Feature","geometry":{"type":"LineString","coordinates":[[-70.76679198460904,7.080592160218701],[-70.76710229932849,7.08110842565154]]},"properties":{"tipo":"TPE3/4","estado":"INSTALADO","barrio":"Villa San Juan","polivalvula":"","longitud_m":66.597137}},{"type":"Feature","geometry":{"type":"LineString","coordinates":[[-70.7673624164447,7.080178542510885],[-70.76679198460904,7.080592160218701]]},"properties":{"tipo":"TPE3/4","estado":"INSTALADO","barrio":"Villa San Juan","polivalvula":"","longitud_m":77.871445}},{"type":"Feature","geometry":{"type":"LineString","coordinates":[[-70.76793378230802,7.080659658047979],[-70.7673624164447,7.080178542510885]]},"properties":{"tipo":"TPE3/4","estado":"INSTALADO","barrio":"Villa San Juan","polivalvula":"","longitud_m":82.556793}},{"type":"Feature","geometry":{"type":"LineString","coordinates":[[-70.76799186494668,7.080603477800484],[-70.76793378230802,7.080659658047979]]},"properties":{"tipo":"TPE3/4","estado":"INSTALADO","barrio":"Villa San Juan","polivalvula":"","longitud_m":8.931897}},{"type":"Feature","geometry":{"type":"LineString","coordinates":[[-70.76741806834202,7.080099908062354],[-70.7675692320139,7.080249920077447]]},"properties":{"tipo":"TPE3/4","estado":"INSTALADO","barrio":"Villa San Juan","polivalvula":"","longitud_m":23.540052}},{"type":"Feature","geometry":{"type":"LineString","coordinates":[[-70.76812088732527,7.079735374460547],[-70.7675692320139,7.080249920077447]]},"properties":{"tipo":"TPE3/4","estado":"INSTALADO","barrio":"Villa San Juan","polivalvula":"","longitud_m":83.382019}},{"type":"Feature","geometry":{"type":"LineString","coordinates":[[-70.76798422067661,7.079609745477322],[-70.76812088732527,7.079735374460547]]},"properties":{"tipo":"TPE3/4","estado":"INSTALADO","barrio":"Villa San Juan","polivalvula":"","longitud_m":20.518358}},{"type":"Feature","geometry":{"type":"LineString","coordinates":[[-70.76741806834202,7.080099908062354],[-70.76798422067661,7.079609745477322]]},"properties":{"tipo":"TPE3/4","estado":"INSTALADO","barrio":"Villa San Juan","polivalvula":"","longitud_m":82.769096}},{"type":"Feature","geometry":{"type":"LineString","coordinates":[[-70.76735627092495,7.080030062106529],[-70.76741806834202,7.080099908062354]]},"properties":{"tipo":"TPE3/4","estado":"INSTALADO","barrio":"Villa San Juan","polivalvula":"","longitud_m":10.309149}},{"type":"Feature","geometry":{"type":"LineString","coordinates":[[-70.76642811608549,7.079244669484814],[-70.7667931919751,7.0795277113453],[-70.76696146924345,7.07967206280814],[-70.76723242419092,7.079909817033041],[-70.76735627092495,7.080030062106529]]},"properties":{"tipo":"TPE3/4","estado":"INSTALADO","barrio":"Villa San Juan","polivalvula":"","longitud_m":134.482193}},{"type":"Feature","geometry":{"type":"LineString","coordinates":[[-70.7667218883236,7.078788972320047],[-70.76655646293162,7.079029558477092],[-70.76642811608549,7.079244669484814]]},"properties":{"tipo":"TPE3/4","estado":"INSTALADO","barrio":"Villa San Juan","polivalvula":"","longitud_m":59.974113}},{"type":"Feature","geometry":{"type":"LineString","coordinates":[[-70.76767450906961,7.079742823010115],[-70.76711833788758,7.079159757640936],[-70.7667218883236,7.078788972320047]]},"properties":{"tipo":"TPE3/4","estado":"INSTALADO","barrio":"Villa San Juan","polivalvula":"","longitud_m":149.068924}},{"type":"Feature","geometry":{"type":"LineString","coordinates":[[-70.76735627092495,7.080030062106529],[-70.76767450906961,7.079742823010115]]},"properties":{"tipo":"TPE3/4","estado":"INSTALADO","barrio":"Villa San Juan","polivalvula":"","longitud_m":47.383751}},{"type":"Feature","geometry":{"type":"LineString","coordinates":[[-70.76674209125993,7.0805151345001],[-70.76691131908508,7.080418901200453],[-70.76712998354974,7.08026228454712],[-70.76728590206717,7.080101896055096]]},"properties":{"tipo":"TPE3/4","estado":"INSTALADO","barrio":"Villa San Juan","polivalvula":"","longitud_m":75.963676}},{"type":"Feature","geometry":{"type":"LineString","coordinates":[[-70.76613933513607,7.079730169194948],[-70.76644546666563,7.080073591766789],[-70.76653673602496,7.080190581786524],[-70.76674209125993,7.0805151345001]]},"properties":{"tipo":"TPE3/4","estado":"INSTALADO","barrio":"Villa San Juan","polivalvula":"","longitud_m":109.72142}},{"type":"Feature","geometry":{"type":"LineString","coordinates":[[-70.76637511400875,7.079322588541295],[-70.76613933513607,7.079730169194948]]},"properties":{"tipo":"TPE3/4","estado":"INSTALADO","barrio":"Villa San Juan","polivalvula":"","longitud_m":52.060699}},{"type":"Feature","geometry":{"type":"LineString","coordinates":[[-70.76728590206717,7.080101896055096],[-70.76637511400875,7.079322588541295]]},"properties":{"tipo":"TPE3/4","estado":"INSTALADO","barrio":"Villa San Juan","polivalvula":"","longitud_m":132.486893}},{"type":"Feature","geometry":{"type":"LineString","coordinates":[[-70.7666819111367,7.080563346115359],[-70.7664347236835,7.080209545592247],[-70.76623269556842,7.079992548152594],[-70.76610013341177,7.07985605719646]]},"properties":{"tipo":"TPE3/4","estado":"INSTALADO","barrio":"Villa San Juan","polivalvula":"","longitud_m":101.520401}},{"type":"Feature","geometry":{"type":"LineString","coordinates":[[-70.76620222922907,7.080858747368958],[-70.7666819111367,7.080563346115359]]},"properties":{"tipo":"TPE3/4","estado":"INSTALADO","barrio":"Villa San Juan","polivalvula":"","longitud_m":62.254814}},{"type":"Feature","geometry":{"type":"LineString","coordinates":[[-70.76596822241706,7.080489532175498],[-70.76620222922907,7.080858747368958]]},"properties":{"tipo":"TPE3/4","estado":"INSTALADO","barrio":"Villa San Juan","polivalvula":"","longitud_m":48.32856}},{"type":"Feature","geometry":{"type":"LineString","coordinates":[[-70.76701275081447,7.08115182806668],[-70.76651572431365,7.081416699765832]]},"properties":{"tipo":"TPE3/4","estado":"INSTALADO","barrio":"Villa San Juan","polivalvula":"","longitud_m":62.235153}},{"type":"Feature","geometry":{"type":"LineString","coordinates":[[-70.76673609154767,7.080650846457995],[-70.76701275081447,7.08115182806668]]},"properties":{"tipo":"TPE3/4","estado":"INSTALADO","barrio":"Villa San Juan","polivalvula":"","longitud_m":63.276432}},{"type":"Feature","geometry":{"type":"LineString","coordinates":[[-70.76624605909821,7.08093675558805],[-70.76673609154767,7.080650846457995]]},"properties":{"tipo":"TPE3/4","estado":"INSTALADO","barrio":"Villa San Juan","polivalvula":"","longitud_m":62.695126}},{"type":"Feature","geometry":{"type":"LineString","coordinates":[[-70.7666103292736,7.081474494631635],[-70.76672724724003,7.081663680999436],[-70.76709281857298,7.082255212523467],[-70.76715936868828,7.08234484146871]]},"properties":{"tipo":"TPE3/4","estado":"INSTALADO","barrio":"Villa San Juan","polivalvula":"","longitud_m":113.81176}},{"type":"Feature","geometry":{"type":"LineString","coordinates":[[-70.77343714576946,7.075838564444394],[-70.77368129060088,7.075591750796618]]},"properties":{"tipo":"TPE3/4","estado":"INSTALADO","barrio":"Doce de Octubre","polivalvula":"","longitud_m":38.37439}},{"type":"Feature","geometry":{"type":"LineString","coordinates":[[-70.77337752479414,7.075923670404765],[-70.77343714576946,7.075838564444394]]},"properties":{"tipo":"TPE3/4","estado":"INSTALADO","barrio":"Doce de Octubre","polivalvula":"","longitud_m":11.488003}},{"type":"Feature","geometry":{"type":"LineString","coordinates":[[-70.7732272269632,7.076138213956429],[-70.77337752479414,7.075923670404765]]},"properties":{"tipo":"TPE3/4","estado":"INSTALADO","barrio":"Doce de Octubre","polivalvula":"","longitud_m":28.960054}},{"type":"Feature","geometry":{"type":"LineString","coordinates":[[-70.77246735892038,7.075939216205956],[-70.7732272269632,7.076138213956429]]},"properties":{"tipo":"TPE3/4","estado":"INSTALADO","barrio":"Doce de Octubre","polivalvula":"","longitud_m":86.786079}},{"type":"Feature","geometry":{"type":"LineString","coordinates":[[-70.77260431563415,7.075692136696789],[-70.77246735892038,7.075939216205956]]},"properties":{"tipo":"TPE3/4","estado":"INSTALADO","barrio":"Doce de Octubre","polivalvula":"","longitud_m":31.234715}},{"type":"Feature","geometry":{"type":"LineString","coordinates":[[-70.77337752479414,7.075923670404765],[-70.77260431563415,7.075692136696789]]},"properties":{"tipo":"TPE3/4","estado":"INSTALADO","barrio":"Doce de Octubre","polivalvula":"","longitud_m":89.178452}},{"type":"Feature","geometry":{"type":"LineString","coordinates":[[-70.77265451356288,7.075606468575049],[-70.77343714576946,7.075838564444394]]},"properties":{"tipo":"TPE3/4","estado":"INSTALADO","barrio":"Doce de Octubre","polivalvula":"","longitud_m":90.193848}},{"type":"Feature","geometry":{"type":"LineString","coordinates":[[-70.77279141756361,7.075360786887413],[-70.77265451356288,7.075606468575049]]},"properties":{"tipo":"TPE3/4","estado":"INSTALADO","barrio":"Doce de Octubre","polivalvula":"","longitud_m":31.096737}},{"type":"Feature","geometry":{"type":"LineString","coordinates":[[-70.77255011288159,7.075586739771326],[-70.77267490714053,7.075321418685408]]},"properties":{"tipo":"TPE3/4","estado":"INSTALADO","barrio":"Doce de Octubre","polivalvula":"","longitud_m":32.420231}},{"type":"Feature","geometry":{"type":"LineString","coordinates":[[-70.77219758735384,7.075496165501529],[-70.77255011288159,7.075586739771326]]},"properties":{"tipo":"TPE3/4","estado":"INSTALADO","barrio":"Doce de Octubre","polivalvula":"","longitud_m":40.214149}},{"type":"Feature","geometry":{"type":"LineString","coordinates":[[-70.7722698159886,7.075217265762499],[-70.77219758735384,7.075496165501529]]},"properties":{"tipo":"TPE3/4","estado":"INSTALADO","barrio":"Doce de Octubre","polivalvula":"","longitud_m":31.859776}},{"type":"Feature","geometry":{"type":"LineString","coordinates":[[-70.77247311691373,7.075653310396983],[-70.77216964687997,7.075562736591547]]},"properties":{"tipo":"TPE3/4","estado":"INSTALADO","barrio":"Doce de Octubre","polivalvula":"","longitud_m":34.991405}},{"type":"Feature","geometry":{"type":"LineString","coordinates":[[-70.77247311691373,7.075653310396983],[-70.77235548430819,7.075891975208338]]},"properties":{"tipo":"TPE3/4","estado":"INSTALADO","barrio":"Doce de Octubre","polivalvula":"","longitud_m":29.420532}},{"type":"Feature","geometry":{"type":"LineString","coordinates":[[-70.77208900093375,7.07583366551831],[-70.77216964687997,7.075562736591547]]},"properties":{"tipo":"TPE3/4","estado":"INSTALADO","barrio":"Doce de Octubre","polivalvula":"","longitud_m":31.259384}},{"type":"Feature","geometry":{"type":"LineString","coordinates":[[-70.77235548430819,7.075891975208338],[-70.77208900093375,7.07583366551831]]},"properties":{"tipo":"TPE3/4","estado":"INSTALADO","barrio":"Doce de Octubre","polivalvula":"","longitud_m":30.138744}},{"type":"Feature","geometry":{"type":"LineString","coordinates":[[-70.77208900093375,7.07583366551831],[-70.77201712871934,7.075817939207314]]},"properties":{"tipo":"TPE3/4","estado":"INSTALADO","barrio":"Pedro Nel Jimenez","polivalvula":"","longitud_m":8.128602}},{"type":"Feature","geometry":{"type":"LineString","coordinates":[[-70.77217044643973,7.07519171609997],[-70.77201712871934,7.075817939207314],[-70.7719078066406,7.076226324038807]]},"properties":{"tipo":"TPE3/4","estado":"INSTALADO","barrio":"Pedro Nel Jimenez","polivalvula":"","longitud_m":118.048386}},{"type":"Feature","geometry":{"type":"LineString","coordinates":[[-70.77151420964144,7.076130089897817],[-70.7719078066406,7.076226324038807]]},"properties":{"tipo":"TPE3/4","estado":"INSTALADO","barrio":"Pedro Nel Jimenez","polivalvula":"","longitud_m":44.76759}},{"type":"Feature","geometry":{"type":"LineString","coordinates":[[-70.77177380627656,7.075095406067464],[-70.77152843262269,7.076089717725289],[-70.77151420964144,7.076130089897817]]},"properties":{"tipo":"TPE3/4","estado":"INSTALADO","barrio":"Pedro Nel Jimenez","polivalvula":"","longitud_m":117.989075}},{"type":"Feature","geometry":{"type":"LineString","coordinates":[[-70.77143930197494,7.076069713876377],[-70.77152843262269,7.076089717725289]]},"properties":{"tipo":"TPE3/4","estado":"INSTALADO","barrio":"Pedro Nel Jimenez","polivalvula":"","longitud_m":10.092498}},{"type":"Feature","geometry":{"type":"LineString","coordinates":[[-70.77143358062834,7.07609289881345],[-70.77168313205972,7.075081611435531]]},"properties":{"tipo":"TPE3/4","estado":"INSTALADO","barrio":"Pedro Nel Jimenez","polivalvula":"","longitud_m":115.189064}},{"type":"Feature","geometry":{"type":"LineString","coordinates":[[-70.77101288745263,7.07598675790405],[-70.77143358062834,7.07609289881345]]},"properties":{"tipo":"TPE3/4","estado":"INSTALADO","barrio":"Pedro Nel Jimenez","polivalvula":"","longitud_m":47.937096}},{"type":"Feature","geometry":{"type":"LineString","coordinates":[[-70.77126101199238,7.074975941847331],[-70.77101288745263,7.07598675790405]]},"properties":{"tipo":"TPE3/4","estado":"INSTALADO","barrio":"Pedro Nel Jimenez","polivalvula":"","longitud_m":115.100815}},{"type":"Feature","geometry":{"type":"LineString","coordinates":[[-70.77102584194616,7.075514737862303],[-70.77092670642858,7.075974081883053]]},"properties":{"tipo":"TPE3/4","estado":"INSTALADO","barrio":"Pedro Nel Jimenez","polivalvula":"","longitud_m":51.967339}},{"type":"Feature","geometry":{"type":"LineString","coordinates":[[-70.77105696784866,7.075357510131512],[-70.77102584194616,7.075514737862303]]},"properties":{"tipo":"TPE3/4","estado":"INSTALADO","barrio":"Pedro Nel Jimenez","polivalvula":"","longitud_m":17.725008}},{"type":"Feature","geometry":{"type":"LineString","coordinates":[[-70.77116083557992,7.074933288138726],[-70.77105696784866,7.075357510131512]]},"properties":{"tipo":"TPE3/4","estado":"INSTALADO","barrio":"Pedro Nel Jimenez","polivalvula":"","longitud_m":48.298836}},{"type":"Feature","geometry":{"type":"LineString","coordinates":[[-70.76967942607119,7.075057921680642],[-70.7704304939036,7.075280582389846],[-70.77046852206189,7.075190008337091],[-70.77105696784866,7.075357510131512]]},"properties":{"tipo":"TPE3/4","estado":"INSTALADO","barrio":"Pedro Nel Jimenez","polivalvula":"","longitud_m":165.014847}},{"type":"Feature","geometry":{"type":"LineString","coordinates":[[-70.76978512125474,7.074661496035542],[-70.76967942607119,7.075057921680642]]},"properties":{"tipo":"TPE3/4","estado":"INSTALADO","barrio":"Pedro Nel Jimenez","polivalvula":"","longitud_m":45.37022}},{"type":"Feature","geometry":{"type":"LineString","coordinates":[[-70.77102584194616,7.075514737862303],[-70.76967058378288,7.075147929929304]]},"properties":{"tipo":"TPE3/4","estado":"INSTALADO","barrio":"Pedro Nel Jimenez","polivalvula":"","longitud_m":155.125626}},{"type":"Feature","geometry":{"type":"LineString","coordinates":[[-70.76954397378574,7.075530986384868],[-70.77092670642858,7.075974081883053]]},"properties":{"tipo":"TPE3/4","estado":"INSTALADO","barrio":"Pedro Nel Jimenez","polivalvula":"","longitud_m":160.429947}},{"type":"Feature","geometry":{"type":"LineString","coordinates":[[-70.76967058378288,7.075147929929304],[-70.76954397378574,7.075530986384868]]},"properties":{"tipo":"TPE3/4","estado":"INSTALADO","barrio":"Pedro Nel Jimenez","polivalvula":"","longitud_m":44.612801}},{"type":"Feature","geometry":{"type":"LineString","coordinates":[[-70.76972297209055,7.074543760010353],[-70.76944250929799,7.075522619439246]]},"properties":{"tipo":"TPE3/4","estado":"INSTALADO","barrio":"Pedro Nel Jimenez","polivalvula":"","longitud_m":112.601822}},{"type":"Feature","geometry":{"type":"LineString","coordinates":[[-70.76905746815255,7.075397608542426],[-70.76944250929799,7.075522619439246]]},"properties":{"tipo":"TPE3/4","estado":"INSTALADO","barrio":"Pedro Nel Jimenez","polivalvula":"","longitud_m":44.729195}},{"type":"Feature","geometry":{"type":"LineString","coordinates":[[-70.76933793034897,7.074397520118221],[-70.76905746815255,7.075397608542426]]},"properties":{"tipo":"TPE3/4","estado":"INSTALADO","barrio":"Pedro Nel Jimenez","polivalvula":"","longitud_m":114.860756}},{"type":"Feature","geometry":{"type":"LineString","coordinates":[[-70.7689552659157,7.075371662988098],[-70.76905746815255,7.075397608542426]]},"properties":{"tipo":"TPE3/4","estado":"INSTALADO","barrio":"Pedro Nel Jimenez","polivalvula":"","longitud_m":11.650089}},{"type":"Feature","geometry":{"type":"LineString","coordinates":[[-70.7685844858495,7.075239575700924],[-70.76896014094993,7.075354095436873]]},"properties":{"tipo":"TPE3/4","estado":"INSTALADO","barrio":"Pedro Nel Jimenez","polivalvula":"","longitud_m":43.391472}},{"type":"Feature","geometry":{"type":"LineString","coordinates":[[-70.76871405377791,7.074770520329445],[-70.7685844858495,7.075239575700924]]},"properties":{"tipo":"TPE3/4","estado":"INSTALADO","barrio":"Pedro Nel Jimenez","polivalvula":"","longitud_m":53.812908}},{"type":"Feature","geometry":{"type":"LineString","coordinates":[[-70.7689552659157,7.075371662988098],[-70.7690907442054,7.074883413039988],[-70.76871405377791,7.074770520329445]]},"properties":{"tipo":"TPE3/4","estado":"INSTALADO","barrio":"Pedro Nel Jimenez","polivalvula":"","longitud_m":99.481812}},{"type":"Feature","geometry":{"type":"LineString","coordinates":[[-70.76873569776372,7.074676409110204],[-70.76871405377791,7.074770520329445]]},"properties":{"tipo":"TPE3/4","estado":"INSTALADO","barrio":"Pedro Nel Jimenez","polivalvula":"","longitud_m":10.67917}},{"type":"Feature","geometry":{"type":"LineString","coordinates":[[-70.76923841033671,7.074371465189614],[-70.76911212995937,7.074771864671688],[-70.76876267889841,7.074683870529617],[-70.76822796138327,7.074535994202982]]},"properties":{"tipo":"TPE3/4","estado":"INSTALADO","barrio":"Pedro Nel Jimenez","polivalvula":"","longitud_m":147.538742}},{"type":"Feature","geometry":{"type":"LineString","coordinates":[[-70.76812576392372,7.074088529671738],[-70.76822796138327,7.074535994202982]]},"properties":{"tipo":"TPE3/4","estado":"INSTALADO","barrio":"Pedro Nel Jimenez","polivalvula":"","longitud_m":50.758011}},{"type":"Feature","geometry":{"type":"LineString","coordinates":[[-70.7696667909991,7.073959434641001],[-70.76896298785863,7.073745043351696],[-70.76877287043337,7.073687130537937],[-70.768624593674,7.074094665871037]]},"properties":{"tipo":"TPE3/4","estado":"INSTALADO","barrio":"Pedro Nel Jimenez","polivalvula":"","longitud_m":151.204361}},{"type":"Feature","geometry":{"type":"LineString","coordinates":[[-70.7696667909991,7.073959434641001],[-70.76952302283414,7.074344687884338]]},"properties":{"tipo":"TPE3/4","estado":"INSTALADO","barrio":"Pedro Nel Jimenez","polivalvula":"","longitud_m":45.470547}},{"type":"Feature","geometry":{"type":"LineString","coordinates":[[-70.76990778685284,7.073444484701367],[-70.76962789477838,7.074368341972541]]},"properties":{"tipo":"TPE3/4","estado":"INSTALADO","barrio":"Pedro Nel Jimenez","polivalvula":"","longitud_m":106.748672}},{"type":"Feature","geometry":{"type":"LineString","coordinates":[[-70.77031496040266,7.07351715244726],[-70.77003860609754,7.074477030989226]]},"properties":{"tipo":"TPE3/4","estado":"INSTALADO","barrio":"Pedro Nel Jimenez","polivalvula":"","longitud_m":110.458908}},{"type":"Feature","geometry":{"type":"LineString","coordinates":[[-70.77031496040266,7.07351715244726],[-70.76990778685284,7.073444484701367]]},"properties":{"tipo":"TPE3/4","estado":"INSTALADO","barrio":"Pedro Nel Jimenez","polivalvula":"","longitud_m":45.696529}},{"type":"Feature","geometry":{"type":"LineString","coordinates":[[-70.77046146711248,7.073375034379207],[-70.7704044237028,7.073556182383986],[-70.77012871615482,7.074497778102409]]},"properties":{"tipo":"TPE3/4","estado":"INSTALADO","barrio":"Pedro Nel Jimenez","polivalvula":"","longitud_m":129.498611}},{"type":"Feature","geometry":{"type":"LineString","coordinates":[[-70.77085839174445,7.073492970050726],[-70.77053990159665,7.074618071746545]]},"properties":{"tipo":"TPE3/4","estado":"INSTALADO","barrio":"Pedro Nel Jimenez","polivalvula":"","longitud_m":129.307495}},{"type":"Feature","geometry":{"type":"LineString","coordinates":[[-70.77085839174445,7.073492970050726],[-70.77046146711248,7.073375034379207]]},"properties":{"tipo":"TPE3/4","estado":"INSTALADO","barrio":"Pedro Nel Jimenez","polivalvula":"","longitud_m":45.750561}},{"type":"Feature","geometry":{"type":"LineString","coordinates":[[-70.77093457111472,7.073514234085719],[-70.77085839174445,7.073492970050726]]},"properties":{"tipo":"TPE3/4","estado":"INSTALADO","barrio":"Pedro Nel Jimenez","polivalvula":"","longitud_m":8.738624}},{"type":"Feature","geometry":{"type":"LineString","coordinates":[[-70.77093424813133,7.07351537318924],[-70.77080049386386,7.074076231018189]]},"properties":{"tipo":"TPE3/4","estado":"INSTALADO","barrio":"Pedro Nel Jimenez","polivalvula":"","longitud_m":63.762707}},{"type":"Feature","geometry":{"type":"LineString","coordinates":[[-70.77093457111472,7.073514234085719],[-70.77131612961892,7.073620738069391],[-70.77161621020515,7.073704498668765],[-70.77146599685975,7.074264926347939],[-70.77080049386386,7.074076231018189]]},"properties":{"tipo":"TPE3/4","estado":"INSTALADO","barrio":"Pedro Nel Jimenez","polivalvula":"","longitud_m":218.782486}},{"type":"Feature","geometry":{"type":"LineString","coordinates":[[-70.77167222042178,7.073724149774786],[-70.77161621020515,7.073704498668765]]},"properties":{"tipo":"TPE3/4","estado":"INSTALADO","barrio":"Pedro Nel Jimenez","polivalvula":"","longitud_m":6.558514}},{"type":"Feature","geometry":{"type":"LineString","coordinates":[[-70.77167222042178,7.073724149774786],[-70.77199269517135,7.073836585469147],[-70.77185008675542,7.074359274358658],[-70.77153064591855,7.074276248962202],[-70.77167222042178,7.073724149774786]]},"properties":{"tipo":"TPE3/4","estado":"INSTALADO","barrio":"Pedro Nel Jimenez","polivalvula":"","longitud_m":196.936218}},{"type":"Feature","geometry":{"type":"LineString","coordinates":[[-70.77182863421102,7.074439908490245],[-70.77185008675542,7.074359274358658]]},"properties":{"tipo":"TPE3/4","estado":"INSTALADO","barrio":"Pedro Nel Jimenez","polivalvula":"","longitud_m":9.227122}},{"type":"Feature","geometry":{"type":"LineString","coordinates":[[-70.7716981620625,7.074930316509441],[-70.77182863421102,7.074439908490245],[-70.7707581840786,7.074144163355321]]},"properties":{"tipo":"TPE3/4","estado":"INSTALADO","barrio":"Pedro Nel Jimenez","polivalvula":"","longitud_m":178.820358}},{"type":"Feature","geometry":{"type":"LineString","coordinates":[[-70.7707581840786,7.074144163355321],[-70.77062384988173,7.074634063937162]]},"properties":{"tipo":"TPE3/4","estado":"INSTALADO","barrio":"Pedro Nel Jimenez","polivalvula":"","longitud_m":56.175343}},{"type":"Feature","geometry":{"type":"LineString","coordinates":[[-70.77134161491176,7.073543804868136],[-70.77131612961892,7.073620738069391]]},"properties":{"tipo":"TPE3/4","estado":"INSTALADO","barrio":"Pedro Nel Jimenez","polivalvula":"","longitud_m":8.962026}},{"type":"Feature","geometry":{"type":"LineString","coordinates":[[-70.77219288488875,7.075058403695573],[-70.77250015675303,7.073974533018491],[-70.77207879900362,7.073847728576293],[-70.77179434258409,7.074958772144713]]},"properties":{"tipo":"TPE3/4","estado":"INSTALADO","barrio":"Pedro Nel Jimenez","polivalvula":"","longitud_m":300.028717}},{"type":"Feature","geometry":{"type":"LineString","coordinates":[[-70.77260682837182,7.074042118205916],[-70.77260677212992,7.074042305342465],[-70.77250015675303,7.073974533018491]]},"properties":{"tipo":"TPE3/4","estado":"INSTALADO","barrio":"Doce de Octubre","polivalvula":"","longitud_m":13.982867}},{"type":"Feature","geometry":{"type":"LineString","coordinates":[[-70.77318094405923,7.073737095458467],[-70.77333101601698,7.073930081560952],[-70.77368658391228,7.073665906354562],[-70.77354968101135,7.07346022738716],[-70.77318094405923,7.073737095458467]]},"properties":{"tipo":"TPE3/4","estado":"INSTALADO","barrio":"Doce de Octubre","polivalvula":"A013","longitud_m":154.260452}},{"type":"Feature","geometry":{"type":"LineString","coordinates":[[-70.77351444127588,7.073411288833761],[-70.77354968101135,7.07346022738716]]},"properties":{"tipo":"TPE3/4","estado":"INSTALADO","barrio":"Doce de Octubre","polivalvula":"A013","longitud_m":6.667076}},{"type":"Feature","geometry":{"type":"LineString","coordinates":[[-70.77263502614494,7.073934921580253],[-70.77246627259272,7.073611778752972],[-70.77250260125018,7.07359155255479],[-70.77328389166118,7.073156549016845],[-70.77351444127588,7.073411288833761],[-70.77263502614494,7.073934921580253]]},"properties":{"tipo":"TPE3/4","estado":"INSTALADO","barrio":"Doce de Octubre","polivalvula":"A013","longitud_m":294.806732}},{"type":"Feature","geometry":{"type":"LineString","coordinates":[[-70.77243893270116,7.073511016353135],[-70.77250260125018,7.07359155255479]]},"properties":{"tipo":"TPE3/4","estado":"INSTALADO","barrio":"Doce de Octubre","polivalvula":"A013","longitud_m":11.349342}},{"type":"Feature","geometry":{"type":"LineString","coordinates":[[-70.77249557606254,7.073470699049732],[-70.77249212746275,7.073458273722833],[-70.77243072597811,7.073168644629175],[-70.77273488300939,7.073083026104426],[-70.77279009565197,7.073303064209215]]},"properties":{"tipo":"TPE3/4","estado":"INSTALADO","barrio":"El Centauro","polivalvula":"","longitud_m":94.166466}},{"type":"Feature","geometry":{"type":"LineString","coordinates":[[-70.77207899076643,7.07368952379488],[-70.77207628048633,7.073676162178484],[-70.77198557730696,7.073228999736971],[-70.77237364298423,7.073147934071825],[-70.77243620008244,7.073495819158626],[-70.77243893270116,7.073511016353135]]},"properties":{"tipo":"TPE3/4","estado":"INSTALADO","barrio":"El Centauro","polivalvula":"","longitud_m":136.563278}},{"type":"Feature","geometry":{"type":"LineString","coordinates":[[-70.77163436142698,7.073611866100469],[-70.77163366177066,7.073603580280567],[-70.77159495380924,7.073144656383023],[-70.77191228274769,7.07312494654956],[-70.7720125300709,7.073683097322298],[-70.77201464941288,7.073694892443673]]},"properties":{"tipo":"TPE3/4","estado":"INSTALADO","barrio":"El Centauro","polivalvula":"","longitud_m":151.017502}},{"type":"Feature","geometry":{"type":"LineString","coordinates":[[-70.77243072597811,7.073168644629175],[-70.77238420780863,7.072956319749015],[-70.77268436336036,7.07289370829834],[-70.77273488300939,7.073083026104426]]},"properties":{"tipo":"TPE3/4","estado":"INSTALADO","barrio":"El Centauro","polivalvula":"","longitud_m":79.582008}},{"type":"Feature","geometry":{"type":"LineString","coordinates":[[-70.77259458856186,7.072591179140972],[-70.77268436336036,7.07289370829834]]},"properties":{"tipo":"TPE3/4","estado":"INSTALADO","barrio":"El Centauro","polivalvula":"","longitud_m":34.89666}},{"type":"Feature","geometry":{"type":"LineString","coordinates":[[-70.7723232214521,7.072648080271275],[-70.77238420780863,7.072956319749015]]},"properties":{"tipo":"TPE3/4","estado":"INSTALADO","barrio":"El Centauro","polivalvula":"","longitud_m":34.748508}},{"type":"Feature","geometry":{"type":"LineString","coordinates":[[-70.77182216419148,7.072206170826771],[-70.77191228274769,7.07312494654956]]},"properties":{"tipo":"TPE3/4","estado":"INSTALADO","barrio":"El Centauro","polivalvula":"","longitud_m":102.096481}},{"type":"Feature","geometry":{"type":"LineString","coordinates":[[-70.7706015730574,7.073141659153516],[-70.7706291492158,7.07314029386775],[-70.77103669980491,7.073157103087162],[-70.77122305259826,7.073163179045578],[-70.77140340812153,7.073153806924596]]},"properties":{"tipo":"TPE3/4","estado":"INSTALADO","barrio":"El Centauro","polivalvula":"","longitud_m":88.666336}},{"type":"Feature","geometry":{"type":"LineString","coordinates":[[-70.77062679298842,7.073093882364559],[-70.7706291492158,7.07314029386775]]},"properties":{"tipo":"TPE3/4","estado":"INSTALADO","barrio":"El Centauro","polivalvula":"","longitud_m":5.139369}},{"type":"Feature","geometry":{"type":"LineString","coordinates":[[-70.77146390069719,7.072571063836204],[-70.77148442521862,7.072817986131114],[-70.77149666468316,7.073058454993251],[-70.77116940329266,7.073074547465267],[-70.77108253457949,7.073084310144689],[-70.77085725712902,7.073094427485477],[-70.77062679298842,7.073093882364559],[-70.77060679996995,7.072837769920469],[-70.77123189775979,7.072781160396368]]},"properties":{"tipo":"TPE3/4","estado":"INSTALADO","barrio":"El Centauro","polivalvula":"","longitud_m":248.016647}},{"type":"Feature","geometry":{"type":"LineString","coordinates":[[-70.77140712704785,7.072571481354115],[-70.77146390069719,7.072571063836204],[-70.77154255240677,7.072548925964897],[-70.77153600632874,7.072374387461938]]},"properties":{"tipo":"TPE3/4","estado":"INSTALADO","barrio":"El Centauro","polivalvula":"","longitud_m":34.616459}},{"type":"Feature","geometry":{"type":"LineString","coordinates":[[-70.77123189775979,7.072781160396368],[-70.77125804289962,7.072748139226013],[-70.77051834544316,7.072483008166896],[-70.77052012360349,7.072252043738446],[-70.7712754029594,7.072547098405376],[-70.77140712704785,7.072571481354115]]},"properties":{"tipo":"TPE3/4","estado":"INSTALADO","barrio":"El Centauro","polivalvula":"","longitud_m":221.419388}},{"type":"Feature","geometry":{"type":"LineString","coordinates":[[-70.7712920337904,7.072166908670882],[-70.7712887311349,7.072165210184639],[-70.77127855528887,7.072161423859124],[-70.77083151138423,7.071995115129],[-70.77056536493781,7.071889452732555],[-70.77042616236577,7.071853400198466],[-70.77024265767089,7.072084293627186],[-70.77028458441139,7.072099975121358],[-70.77050012276139,7.072180591819242],[-70.77050256131034,7.072180452368143],[-70.77060497971394,7.072219456435791],[-70.77140789157761,7.07252522652277],[-70.77140712704785,7.072571481354115]]},"properties":{"tipo":"TPE3/4","estado":"INSTALADO","barrio":"El Centauro","polivalvula":"","longitud_m":277.246674}},{"type":"Feature","geometry":{"type":"LineString","coordinates":[[-70.76995193356709,7.072246036569449],[-70.77029197101206,7.071825075672511],[-70.77036731608345,7.071731799990205],[-70.77042512210157,7.0717578615249],[-70.77054902711158,7.071808561371584],[-70.77069020091089,7.071864075772297],[-70.77078715239072,7.071902789560014],[-70.77089266977327,7.071943465696501],[-70.77093999704006,7.071961240337229],[-70.77111223212566,7.072025927560357],[-70.7713236015627,7.072106465185667],[-70.7712920337904,7.072166908670882]]},"properties":{"tipo":"TPE3/4","estado":"INSTALADO","barrio":"El Centauro","polivalvula":"","longitud_m":194.116745}},{"type":"Feature","geometry":{"type":"LineString","coordinates":[[-70.76981991422895,7.071928159777735],[-70.76987899382632,7.072070411663262],[-70.76995193356709,7.072246036569449]]},"properties":{"tipo":"TPE3/4","estado":"INSTALADO","barrio":"El Paraiso","polivalvula":"","longitud_m":38.060467}},{"type":"Feature","geometry":{"type":"LineString","coordinates":[[-70.77018552203978,7.071509594835622],[-70.76985875437823,7.071883693328113],[-70.76981991422895,7.071928159777735]]},"properties":{"tipo":"TPE3/4","estado":"INSTALADO","barrio":"El Paraiso","polivalvula":"","longitud_m":61.435513}},{"type":"Feature","geometry":{"type":"LineString","coordinates":[[-70.76985875437823,7.071883693328113],[-70.769818543695,7.071843589068052]]},"properties":{"tipo":"TPE3/4","estado":"INSTALADO","barrio":"El Paraiso","polivalvula":"","longitud_m":6.277489}},{"type":"Feature","geometry":{"type":"LineString","coordinates":[[-70.7699497442219,7.0712907059218],[-70.76965580879362,7.071621031904148],[-70.76977425918496,7.071889310590969],[-70.769818543695,7.071843589068052],[-70.77014369025211,7.071483176699041]]},"properties":{"tipo":"TPE3/4","estado":"INSTALADO","barrio":"El Paraiso","polivalvula":"","longitud_m":141.999664}},{"type":"Feature","geometry":{"type":"LineString","coordinates":[[-70.76990364183483,7.071239924377823],[-70.7699497442219,7.0712907059218]]},"properties":{"tipo":"TPE3/4","estado":"INSTALADO","barrio":"El Paraiso","polivalvula":"","longitud_m":7.581743}},{"type":"Feature","geometry":{"type":"LineString","coordinates":[[-70.76973595475921,7.071102605615536],[-70.76948925910136,7.071168592543716],[-70.7695846674024,7.071407697686737],[-70.76962423231421,7.071528971479082],[-70.76990364183483,7.071239924377823]]},"properties":{"tipo":"TPE3/4","estado":"INSTALADO","barrio":"El Paraiso","polivalvula":"","longitud_m":115.226334}},{"type":"Feature","geometry":{"type":"LineString","coordinates":[[-70.76973054759462,7.071047682486356],[-70.76973595475921,7.071102605615536]]},"properties":{"tipo":"TPE3/4","estado":"INSTALADO","barrio":"El Paraiso","polivalvula":"","longitud_m":6.103402}},{"type":"Feature","geometry":{"type":"LineString","coordinates":[[-70.76994961128064,7.070684335567331],[-70.76996214486074,7.070721137422398],[-70.76975959971752,7.070756691406483],[-70.76954840204664,7.07080493662718],[-70.76939452398044,7.070830284141205],[-70.76945740357787,7.071101607728043],[-70.76973054759462,7.071047682486356]]},"properties":{"tipo":"TPE3/4","estado":"INSTALADO","barrio":"El Paraiso","polivalvula":"","longitud_m":129.745255}},{"type":"Feature","geometry":{"type":"LineString","coordinates":[[-70.76987034392324,7.07040747010414],[-70.76927037997777,7.070530358452207],[-70.76933817302978,7.070794164914],[-70.76994961128064,7.070684335567331]]},"properties":{"tipo":"TPE3/4","estado":"INSTALADO","barrio":"El Paraiso","polivalvula":"","longitud_m":166.419205}},{"type":"Feature","geometry":{"type":"LineString","coordinates":[[-70.7698598243826,7.070365062513497],[-70.76987034392324,7.07040747010414]]},"properties":{"tipo":"TPE3/4","estado":"INSTALADO","barrio":"El Paraiso","polivalvula":"","longitud_m":4.831824}},{"type":"Feature","geometry":{"type":"LineString","coordinates":[[-70.76850105762333,7.073632774903688],[-70.76841435198457,7.073658437876309],[-70.76835426628055,7.073676552903464],[-70.76816260171296,7.073776939516125],[-70.76793270870778,7.073917323172274],[-70.76784101319355,7.073983321729148],[-70.76757761131336,7.074170053068064],[-70.76724872711162,7.07442746319492],[-70.76720690850232,7.074458463599933],[-70.76702592214275,7.074599749221713],[-70.76670499383843,7.074864912488515],[-70.7665887094555,7.074964955383169],[-70.76641674676543,7.075108017233925],[-70.76629361169915,7.075201888700215],[-70.76626445357424,7.075221638144374],[-70.76604006111862,7.075393956056529],[-70.76581642649498,7.075579192026765],[-70.76553522901109,7.075832673190671],[-70.76536350866502,7.076050584186897],[-70.76510827504643,7.076338864142129],[-70.76505465431475,7.076402832364006],[-70.7649956782493,7.076468804349255],[-70.76482819294546,7.076692950742057],[-70.76468670710527,7.076882099580365],[-70.7646030438567,7.077023243398672],[-70.76447688326725,7.077352987635272],[-70.76443845112465,7.077468855467582],[-70.76443311178089,7.077482054370012],[-70.76434295308314,7.077704913405621],[-70.76431982859772,7.077762070673946],[-70.76431674140139,7.077769704721324]]},"properties":{"tipo":"TPE3/4","estado":"INSTALADO","barrio":"La Chorrera","polivalvula":"","longitud_m":665.818054}},{"type":"Feature","geometry":{"type":"LineString","coordinates":[[-70.76897798381428,7.073683090777288],[-70.76896298785863,7.073745043351696]]},"properties":{"tipo":"TPE3/4","estado":"INSTALADO","barrio":"Pedro Nel Jimenez","polivalvula":"","longitud_m":7.048964}},{"type":"Feature","geometry":{"type":"LineString","coordinates":[[-70.76897798381428,7.073683090777288],[-70.76968389188694,7.073852918093595],[-70.7698011146106,7.073444303924731],[-70.7689993749666,7.073602894395235],[-70.76897798381428,7.073683090777288]]},"properties":{"tipo":"TPE3/4","estado":"INSTALADO","barrio":"Pedro Nel Jimenez","polivalvula":"","longitud_m":226.700912}},{"type":"Feature","geometry":{"type":"LineString","coordinates":[[-70.76990778685284,7.073444484701367],[-70.7698011146106,7.073444303924731]]},"properties":{"tipo":"TPE3/4","estado":"INSTALADO","barrio":"Pedro Nel Jimenez","polivalvula":"","longitud_m":11.785107}},{"type":"Feature","geometry":{"type":"LineString","coordinates":[[-70.77057053291867,7.073310235779098],[-70.77057021496697,7.073302383330803],[-70.77056951314385,7.073285071593388],[-70.7706015730574,7.073141659153516]]},"properties":{"tipo":"TPE3/4","estado":"INSTALADO","barrio":"El Centauro","polivalvula":"","longitud_m":19.036308}},{"type":"Feature","geometry":{"type":"LineString","coordinates":[[-70.76850105762333,7.073632774903688],[-70.76848912773576,7.073608359406895],[-70.76848541633119,7.073588397215767],[-70.7684998716971,7.073550002820236],[-70.76855286581998,7.073449793552791],[-70.7686826285904,7.073322876634395],[-70.76987653835974,7.072483209568266],[-70.77024265767089,7.072084293627186]]},"properties":{"tipo":"TPE3/4","estado":"INSTALADO","barrio":"","polivalvula":"","longitud_m":263.54895}},{"type":"Feature","geometry":{"type":"LineString","coordinates":[[-70.76904723396069,7.072975040046608],[-70.7688696179623,7.073099539136485],[-70.76860845423015,7.073282600554472],[-70.76857970427432,7.073302752802721],[-70.76852443295775,7.073341494473217],[-70.76850780640295,7.073357733161572],[-70.76840464239729,7.073458486927157],[-70.76838372694124,7.073503774414061],[-70.76839922291911,7.073625089283981],[-70.76841435198457,7.073658437876309]]},"properties":{"tipo":"TPE3/4","estado":"INSTALADO","barrio":"","polivalvula":"","longitud_m":112.157265}},{"type":"Feature","geometry":{"type":"LineString","coordinates":[[-70.76904723396069,7.072975040046608],[-70.769045941545,7.072972114042252],[-70.76897476201113,7.072810948637092],[-70.7689273719784,7.072703647936498]]},"properties":{"tipo":"TPE3/4","estado":"INSTALADO","barrio":"","polivalvula":"","longitud_m":32.805458}},{"type":"Feature","geometry":{"type":"LineString","coordinates":[[-70.76908133329056,7.072948056318212],[-70.769045941545,7.072972114042252],[-70.7690452741522,7.072972567518223]]},"properties":{"tipo":"TPE3/4","estado":"INSTALADO","barrio":"","polivalvula":"","longitud_m":4.818595}},{"type":"Feature","geometry":{"type":"LineString","coordinates":[[-70.76953570076815,7.072624147412974],[-70.76908133329056,7.072948056318212]]},"properties":{"tipo":"TPE3/4","estado":"INSTALADO","barrio":"","polivalvula":"","longitud_m":61.669163}},{"type":"Feature","geometry":{"type":"LineString","coordinates":[[-70.76926109499391,7.072462250721915],[-70.7692106550065,7.072496266613418],[-70.76897548744833,7.072654855599624],[-70.76908133329056,7.072948056318212]]},"properties":{"tipo":"TPE3/4","estado":"INSTALADO","barrio":"","polivalvula":"","longitud_m":72.540512}},{"type":"Feature","geometry":{"type":"LineString","coordinates":[[-70.76923964811452,7.072395965411992],[-70.76926109499391,7.072462250721915]]},"properties":{"tipo":"TPE3/4","estado":"INSTALADO","barrio":"","polivalvula":"","longitud_m":7.70409}},{"type":"Feature","geometry":{"type":"LineString","coordinates":[[-70.76896244485549,7.072570859482369],[-70.76923964811452,7.072395965411992]]},"properties":{"tipo":"TPE3/4","estado":"INSTALADO","barrio":"","polivalvula":"","longitud_m":36.22187}},{"type":"Feature","geometry":{"type":"LineString","coordinates":[[-70.7687288323446,7.071772614768132],[-70.76884497098666,7.072090587109045],[-70.76886206435098,7.072135979378642],[-70.76896244485549,7.072570859482369]]},"properties":{"tipo":"TPE3/4","estado":"INSTALADO","barrio":"","polivalvula":"","longitud_m":92.153275}},{"type":"Feature","geometry":{"type":"LineString","coordinates":[[-70.76838622168324,7.072578002356869],[-70.76835440774457,7.072531622841704],[-70.76883516931427,7.072226722541735]]},"properties":{"tipo":"TPE3/4","estado":"INSTALADO","barrio":"","polivalvula":"","longitud_m":69.131859}},{"type":"Feature","geometry":{"type":"LineString","coordinates":[[-70.76855703826556,7.072845567377634],[-70.76891128266485,7.072625124846004],[-70.76884948430978,7.07229874945426],[-70.76838622168324,7.072578002356869]]},"properties":{"tipo":"TPE3/4","estado":"INSTALADO","barrio":"","polivalvula":"","longitud_m":142.620758}},{"type":"Feature","geometry":{"type":"LineString","coordinates":[[-70.7689273719784,7.072703647936498],[-70.76859544623282,7.072898745554618],[-70.76855703826556,7.072845567377634]]},"properties":{"tipo":"TPE3/4","estado":"INSTALADO","barrio":"","polivalvula":"","longitud_m":49.799778}},{"type":"Feature","geometry":{"type":"LineString","coordinates":[[-70.76869650979958,7.071717957717626],[-70.76896089218639,7.07156762653914],[-70.76898017696935,7.071606086704794],[-70.7687288323446,7.071772614768132]]},"properties":{"tipo":"TPE3/4","estado":"INSTALADO","barrio":"","polivalvula":"","longitud_m":71.686966}},{"type":"Feature","geometry":{"type":"LineString","coordinates":[[-70.76879705309851,7.071268009911926],[-70.76859155895195,7.071393090857581],[-70.76858503657716,7.071397060575348],[-70.76854027821284,7.071424304852902],[-70.76855245242433,7.071443296100528],[-70.76858159637672,7.071498861600957],[-70.76860282764802,7.071539343096883],[-70.76869650979958,7.071717957717626]]},"properties":{"tipo":"TPE3/4","estado":"INSTALADO","barrio":"","polivalvula":"","longitud_m":70.006203}},{"type":"Feature","geometry":{"type":"LineString","coordinates":[[-70.76837102267525,7.071089905519783],[-70.76844550397773,7.071237058708631],[-70.76854027821284,7.071424304852902]]},"properties":{"tipo":"TPE3/4","estado":"INSTALADO","barrio":"","polivalvula":"","longitud_m":41.440838}},{"type":"Feature","geometry":{"type":"LineString","coordinates":[[-70.76847208080618,7.070941450066061],[-70.7685761107431,7.070863392722347],[-70.76862440640464,7.070953229969454],[-70.76837102267525,7.071089905519783]]},"properties":{"tipo":"TPE3/4","estado":"INSTALADO","barrio":"","polivalvula":"","longitud_m":57.465542}},{"type":"Feature","geometry":{"type":"LineString","coordinates":[[-70.76879705309851,7.071268009911926],[-70.76878961586814,7.071200732895318],[-70.76868287030679,7.070980581565428]]},"properties":{"tipo":"TPE3/4","estado":"INSTALADO","barrio":"","polivalvula":"","longitud_m":34.538555}},{"type":"Feature","geometry":{"type":"LineString","coordinates":[[-70.76844550397773,7.071237058708631],[-70.7683709831053,7.071278749825797],[-70.76819661598407,7.0713763005968]]},"properties":{"tipo":"TPE3/4","estado":"INSTALADO","barrio":"","polivalvula":"","longitud_m":31.515486}},{"type":"Feature","geometry":{"type":"LineString","coordinates":[[-70.76866892687654,7.070291971533039],[-70.76875903980783,7.070626063339999],[-70.76887830622073,7.070754734966649],[-70.76897986606437,7.070919276965618],[-70.76905361333813,7.07104752597534],[-70.76912416782294,7.071192745957367],[-70.76938976782822,7.071104283798749]]},"properties":{"tipo":"TPE3/4","estado":"INSTALADO","barrio":"","polivalvula":"","longitud_m":144.178375}},{"type":"Feature","geometry":{"type":"LineString","coordinates":[[-70.76940752075738,7.07115013673467],[-70.76939570880783,7.071154012544365],[-70.7690784782236,7.071256671127608],[-70.76904845316854,7.071265762161021],[-70.76897204571245,7.071114235885684],[-70.76891349431732,7.070975904035818],[-70.76887007769396,7.070900482395968],[-70.76879601507179,7.070759252181724],[-70.7687421126588,7.070682128172549],[-70.76866881122459,7.070541058491107],[-70.76864244009454,7.070444109631737],[-70.76861888933836,7.070340426208577],[-70.76841631060186,7.070369461074585]]},"properties":{"tipo":"TPE3/4","estado":"INSTALADO","barrio":"","polivalvula":"","longitud_m":177.767914}},{"type":"Feature","geometry":{"type":"LineString","coordinates":[[-70.76939188360774,7.071103583523953],[-70.76938311470037,7.071077477440445],[-70.76929344224176,7.070852330867845],[-70.76915113158238,7.070497274648728],[-70.7698598243826,7.070365062513497]]},"properties":{"tipo":"TPE3/4","estado":"INSTALADO","barrio":"El Paraiso","polivalvula":"","longitud_m":151.790848}},{"type":"Feature","geometry":{"type":"LineString","coordinates":[[-70.76940752075738,7.07115013673467],[-70.76939188360774,7.071103583523953]]},"properties":{"tipo":"TPE3/4","estado":"INSTALADO","barrio":"","polivalvula":"","longitud_m":5.430567}},{"type":"Feature","geometry":{"type":"LineString","coordinates":[[-70.76987422876931,7.072351392792584],[-70.7695675546678,7.071532238940179],[-70.76941734117734,7.071179373919604],[-70.76940752075738,7.07115013673467]]},"properties":{"tipo":"TPE3/4","estado":"INSTALADO","barrio":"","polivalvula":"","longitud_m":142.537949}},{"type":"Feature","geometry":{"type":"LineString","coordinates":[[-70.76987422876931,7.072351392792584],[-70.76995193356709,7.072246036569449]]},"properties":{"tipo":"TPE3/4","estado":"INSTALADO","barrio":"","polivalvula":"","longitud_m":14.472709}},{"type":"Feature","geometry":{"type":"LineString","coordinates":[[-70.76953577673076,7.072624252352612],[-70.76961789342594,7.072572040062849],[-70.76987422876931,7.072351392792584]]},"properties":{"tipo":"TPE3/4","estado":"INSTALADO","barrio":"","polivalvula":"","longitud_m":48.136715}},{"type":"Feature","geometry":{"type":"LineString","coordinates":[[-70.76932656498245,7.071935187682144],[-70.7695374313166,7.07262291339392],[-70.76953570076815,7.072624147412974]]},"properties":{"tipo":"TPE3/4","estado":"INSTALADO","barrio":"","polivalvula":"","longitud_m":79.780228}},{"type":"Feature","geometry":{"type":"LineString","coordinates":[[-70.77432143822583,7.072646328901309],[-70.77472963695979,7.073181121942471],[-70.77448435260585,7.073358496873471],[-70.77405713774657,7.07282936521554],[-70.77432143822583,7.072646328901309]]},"properties":{"tipo":"TPE3/4","estado":"INSTALADO","barrio":"Urb Las Palmeras","polivalvula":"AA008","longitud_m":218.540222}},{"type":"Feature","geometry":{"type":"LineString","coordinates":[[-70.77393076409771,7.072904205585853],[-70.77369460561354,7.07307969351301],[-70.77417542794944,7.073702564662782],[-70.77442410401412,7.073511571859652],[-70.77436218695361,7.073441580245268],[-70.77395814534309,7.072926849712826],[-70.77393076409771,7.072904205585853]]},"properties":{"tipo":"TPE3/4","estado":"INSTALADO","barrio":"Urb Las Palmeras","polivalvula":"AA008","longitud_m":240.757736}},{"type":"Feature","geometry":{"type":"LineString","coordinates":[[-70.77448435260585,7.073358496873471],[-70.77436218695361,7.073441580245268]]},"properties":{"tipo":"TPE3/4","estado":"INSTALADO","barrio":"Urb Las Palmeras","polivalvula":"AA008","longitud_m":16.327589}},{"type":"Feature","geometry":{"type":"LineString","coordinates":[[-70.77473646243527,7.073435766332443],[-70.77464450904384,7.073329532196574],[-70.77459874367905,7.073275776428721]]},"properties":{"tipo":"TPE3/4","estado":"INSTALADO","barrio":"Urb Las Palmeras","polivalvula":"AT007","longitud_m":23.336115}},{"type":"Feature","geometry":{"type":"LineString","coordinates":[[-70.76819995713907,7.072925411642744],[-70.76842539372964,7.073244844615266],[-70.76849227076623,7.073339605923846],[-70.76849887934628,7.073348968974361],[-70.76850780640295,7.073357733161572]]},"properties":{"tipo":"TPE3/4","estado":"INSTALADO","barrio":"","polivalvula":"","longitud_m":58.696354}},{"type":"Feature","geometry":{"type":"LineString","coordinates":[[-70.77621343246592,7.071868837168521],[-70.77553961417718,7.071872477110058],[-70.77463034613237,7.071866815973771]]},"properties":{"tipo":"TPE3/4","estado":"INSTALADO","barrio":"Urb Maria Emilia","polivalvula":"A005","longitud_m":174.902023}},{"type":"Feature","geometry":{"type":"LineString","coordinates":[[-70.77542028700448,7.071588772290224],[-70.77463452898671,7.071569193938277]]},"properties":{"tipo":"TPE3/4","estado":"INSTALADO","barrio":"Urb Maria Emilia","polivalvula":"A005","longitud_m":86.83741}},{"type":"Feature","geometry":{"type":"LineString","coordinates":[[-70.77506979963853,7.071489622369327],[-70.7746397582915,7.071479814334631]]},"properties":{"tipo":"TPE3/4","estado":"INSTALADO","barrio":"Urb Maria Emilia","polivalvula":"A007","longitud_m":47.523285}},{"type":"Feature","geometry":{"type":"LineString","coordinates":[[-70.7746397582915,7.071479814334631],[-70.77465305467766,7.071207700825547]]},"properties":{"tipo":"TPE3/4","estado":"INSTALADO","barrio":"Urb Maria Emilia","polivalvula":"A007","longitud_m":30.129581}},{"type":"Feature","geometry":{"type":"LineString","coordinates":[[-70.77541665654468,7.071147060477688],[-70.77466068556049,7.071122110556678]]},"properties":{"tipo":"TPE3/4","estado":"INSTALADO","barrio":"Urb Maria Emilia","polivalvula":"A006","longitud_m":83.565193}},{"type":"Feature","geometry":{"type":"LineString","coordinates":[[-70.77542112157897,7.070878226227151],[-70.77467756482835,7.070841100041894],[-70.77466068556049,7.071122110556678]]},"properties":{"tipo":"TPE3/4","estado":"INSTALADO","barrio":"Urb Maria Emilia","polivalvula":"A006","longitud_m":113.384285}},{"type":"Feature","geometry":{"type":"LineString","coordinates":[[-70.77543315802389,7.070792038392806],[-70.77468112674396,7.070772716232708]]},"properties":{"tipo":"TPE3/4","estado":"INSTALADO","barrio":"Urb Maria Emilia","polivalvula":"A005","longitud_m":83.111908}},{"type":"Feature","geometry":{"type":"LineString","coordinates":[[-70.77469467770973,7.070480687442043],[-70.77469666537667,7.070507129922134],[-70.77469666080562,7.070507199544086],[-70.77468521826722,7.070702786552019],[-70.77468112674396,7.070772716232708]]},"properties":{"tipo":"TPE3/4","estado":"INSTALADO","barrio":"Urb Maria Emilia","polivalvula":"A005","longitud_m":32.354591}},{"type":"Feature","geometry":{"type":"LineString","coordinates":[[-70.77624826577262,7.070174643202238],[-70.77543254910336,7.07016049122983],[-70.77471874125561,7.07012980078362]]},"properties":{"tipo":"TPE3/4","estado":"INSTALADO","barrio":"Urb Maria Emilia","polivalvula":"A005","longitud_m":169.06871}},{"type":"Feature","geometry":{"type":"LineString","coordinates":[[-70.77477131309476,7.06843413381882],[-70.77477213030335,7.068661012099654],[-70.77477212163116,7.068768899059686],[-70.77476431605753,7.069010349564758],[-70.77472298724159,7.070050602045685]]},"properties":{"tipo":"TPE3/4","estado":"INSTALADO","barrio":"Senderos de Playitas","polivalvula":"A001","longitud_m":178.87413}},{"type":"Feature","geometry":{"type":"LineString","coordinates":[[-70.775456439113,7.068457824010748],[-70.77477131309476,7.06843413381882]]},"properties":{"tipo":"TPE3/4","estado":"INSTALADO","barrio":"Senderos de Playitas","polivalvula":"A001","longitud_m":75.738441}},{"type":"Feature","geometry":{"type":"LineString","coordinates":[[-70.77797378543924,7.069943947991983],[-70.77660410744083,7.069907017020009]]},"properties":{"tipo":"TPE3/4","estado":"INSTALADO","barrio":"Sector Playitas","polivalvula":"AA004","longitud_m":151.377411}},{"type":"Feature","geometry":{"type":"LineString","coordinates":[[-70.7780011665849,7.070051129206882],[-70.77659934887524,7.070015107991137]]},"properties":{"tipo":"TPE3/4","estado":"INSTALADO","barrio":"Sector Playitas","polivalvula":"AA004","longitud_m":154.924286}},{"type":"Feature","geometry":{"type":"LineString","coordinates":[[-70.77796465848937,7.070116041383375],[-70.77659683638527,7.070072183430731]]},"properties":{"tipo":"TPE3/4","estado":"INSTALADO","barrio":"Sector Playitas","polivalvula":"AA004","longitud_m":151.195023}},{"type":"Feature","geometry":{"type":"LineString","coordinates":[[-70.77798937042269,7.070227375772758],[-70.77659105261688,7.070203549258749]]},"properties":{"tipo":"TPE3/4","estado":"INSTALADO","barrio":"Sector Playitas","polivalvula":"AA004","longitud_m":154.508804}},{"type":"Feature","geometry":{"type":"LineString","coordinates":[[-70.77797378557813,7.070560613259842],[-70.77656902906932,7.070530322753707]]},"properties":{"tipo":"TPE3/4","estado":"INSTALADO","barrio":"Sector Playitas","polivalvula":"AA004","longitud_m":155.233719}},{"type":"Feature","geometry":{"type":"LineString","coordinates":[[-70.77798291250171,7.070673831969712],[-70.77656677334892,7.070640977896188]]},"properties":{"tipo":"TPE3/4","estado":"INSTALADO","barrio":"Sector Playitas","polivalvula":"AA004","longitud_m":156.497269}},{"type":"Feature","geometry":{"type":"LineString","coordinates":[[-70.7779737516624,7.07073550833961],[-70.77656674224589,7.070698825331688]]},"properties":{"tipo":"TPE3/4","estado":"INSTALADO","barrio":"Sector Playitas","polivalvula":"AA004","longitud_m":155.499344}},{"type":"Feature","geometry":{"type":"LineString","coordinates":[[-70.77798139180207,7.070858000675578],[-70.77656288933379,7.070834057037295]]},"properties":{"tipo":"TPE3/4","estado":"INSTALADO","barrio":"Sector Playitas","polivalvula":"AA004","longitud_m":156.738495}},{"type":"Feature","geometry":{"type":"LineString","coordinates":[[-70.77735238885589,7.07097037379131],[-70.77645019820292,7.070971231220492]]},"properties":{"tipo":"TPE3/4","estado":"INSTALADO","barrio":"Urb Villa Gaby","polivalvula":"AA005","longitud_m":99.674026}},{"type":"Feature","geometry":{"type":"LineString","coordinates":[[-70.77746854508159,7.070993781094564],[-70.77735242102693,7.0709892430699]]},"properties":{"tipo":"TPE3/4","estado":"INSTALADO","barrio":"Urb Villa Gaby","polivalvula":"AA005","longitud_m":12.839191}},{"type":"Feature","geometry":{"type":"LineString","coordinates":[[-70.77824558935448,7.070981317951509],[-70.77746860281422,7.070980058692587]]},"properties":{"tipo":"TPE3/4","estado":"INSTALADO","barrio":"Urb Villa Gaby","polivalvula":"AA005","longitud_m":85.841537}},{"type":"Feature","geometry":{"type":"LineString","coordinates":[[-70.77824558935448,7.070981317951509],[-70.77823890649339,7.071288192303061],[-70.777467279165,7.071293363657191],[-70.77746860281422,7.070980058692587]]},"properties":{"tipo":"TPE3/4","estado":"INSTALADO","barrio":"Urb Villa Gaby","polivalvula":"AA005","longitud_m":153.846786}},{"type":"Feature","geometry":{"type":"LineString","coordinates":[[-70.7764362981413,7.071278448957977],[-70.77735292086315,7.071279174220988],[-70.77735238885589,7.07097037379131]]},"properties":{"tipo":"TPE3/4","estado":"INSTALADO","barrio":"Urb Villa Gaby","polivalvula":"AA005","longitud_m":135.419495}},{"type":"Feature","geometry":{"type":"LineString","coordinates":[[-70.77734994926264,7.071645133543822],[-70.77735343481005,7.071348145721435],[-70.77643377929084,7.071334112901507]]},"properties":{"tipo":"TPE3/4","estado":"INSTALADO","barrio":"Urb Villa Gaby","polivalvula":"AA005","longitud_m":134.462189}},{"type":"Feature","geometry":{"type":"LineString","coordinates":[[-70.77821820890465,7.071353807281457],[-70.77822277316403,7.071288300392308]]},"properties":{"tipo":"TPE3/4","estado":"INSTALADO","barrio":"Urb Villa Gaby","polivalvula":"AA005","longitud_m":7.262105}},{"type":"Feature","geometry":{"type":"LineString","coordinates":[[-70.77745839402664,7.071352674750659],[-70.7783630986837,7.071359467617897]]},"properties":{"tipo":"TPE3/4","estado":"INSTALADO","barrio":"Urb Villa Gaby","polivalvula":"AA005","longitud_m":99.95446}},{"type":"Feature","geometry":{"type":"LineString","coordinates":[[-70.7774511303839,7.071647004449828],[-70.77835397150088,7.071662893513657]]},"properties":{"tipo":"TPE3/4","estado":"INSTALADO","barrio":"Urb Villa Gaby","polivalvula":"AA005","longitud_m":99.761169}},{"type":"Feature","geometry":{"type":"LineString","coordinates":[[-70.77735018395138,7.071625107940655],[-70.77745164528785,7.071626157091159]]},"properties":{"tipo":"TPE3/4","estado":"INSTALADO","barrio":"Urb Villa Gaby","polivalvula":"AA005","longitud_m":11.210028}},{"type":"Feature","geometry":{"type":"LineString","coordinates":[[-70.77734994926264,7.071645133543822],[-70.77643488420165,7.071653218159532]]},"properties":{"tipo":"TPE3/4","estado":"INSTALADO","barrio":"Urb Villa Gaby","polivalvula":"AA005","longitud_m":101.100151}},{"type":"Feature","geometry":{"type":"LineString","coordinates":[[-70.77367538843558,7.0722128266429],[-70.77341115605995,7.072066225843527],[-70.77340696004842,7.072157193904743],[-70.77339536545176,7.072408565653952],[-70.77339138061582,7.072494945842188],[-70.77367583674432,7.0724949461021],[-70.77367538843558,7.0722128266429],[-70.77367537993793,7.072207824495577]]},"properties":{"tipo":"TPE3/4","estado":"INSTALADO","barrio":"El Arauco","polivalvula":"","longitud_m":144.036163}},{"type":"Feature","geometry":{"type":"LineString","coordinates":[[-70.77331110258528,7.072005062415435],[-70.77341115605995,7.072066225843527]]},"properties":{"tipo":"TPE3/4","estado":"INSTALADO","barrio":"El Arauco","polivalvula":"","longitud_m":12.959284}},{"type":"Feature","geometry":{"type":"LineString","coordinates":[[-70.77331110258528,7.072005062415435],[-70.7730570713833,7.071857123510547],[-70.77303729587965,7.07247756059251],[-70.77329893444706,7.072489636484629],[-70.77331110258528,7.072005062415435]]},"properties":{"tipo":"TPE3/4","estado":"INSTALADO","barrio":"El Arauco","polivalvula":"","longitud_m":183.680359}},{"type":"Feature","geometry":{"type":"LineString","coordinates":[[-70.7730570713833,7.071857123510547],[-70.77297150620178,7.071814572890267]]},"properties":{"tipo":"TPE3/4","estado":"INSTALADO","barrio":"El Arauco","polivalvula":"","longitud_m":10.559728}},{"type":"Feature","geometry":{"type":"LineString","coordinates":[[-70.77297150620178,7.071814572890267],[-70.7727113890125,7.071683239431476],[-70.77270454413538,7.072292354172849],[-70.7729600970136,7.072423687374937],[-70.77297150620178,7.071814572890267]]},"properties":{"tipo":"TPE3/4","estado":"INSTALADO","barrio":"El Arauco","polivalvula":"","longitud_m":198.693253}},{"type":"Feature","geometry":{"type":"LineString","coordinates":[[-70.7727113890125,7.071683239431476],[-70.77261802854845,7.071617619725677]]},"properties":{"tipo":"TPE3/4","estado":"INSTALADO","barrio":"El Arauco","polivalvula":"","longitud_m":12.611611}},{"type":"Feature","geometry":{"type":"LineString","coordinates":[[-70.77236703930636,7.072063701195177],[-70.77260890165893,7.072195033751865],[-70.77261802854845,7.071617619725677]]},"properties":{"tipo":"TPE3/4","estado":"INSTALADO","barrio":"El Arauco","polivalvula":"","longitud_m":94.278938}},{"type":"Feature","geometry":{"type":"LineString","coordinates":[[-70.77237958815456,7.071494212194054],[-70.77227683875698,7.071432696854669]]},"properties":{"tipo":"TPE3/4","estado":"INSTALADO","barrio":"Villa Esperanza","polivalvula":"","longitud_m":13.234229}},{"type":"Feature","geometry":{"type":"LineString","coordinates":[[-70.77227683875698,7.071432696854669],[-70.77205551220054,7.071322874516176],[-70.77203611728413,7.071866322916941],[-70.77225630367388,7.071982937925346],[-70.77227683875698,7.071432696854669]]},"properties":{"tipo":"TPE3/4","estado":"INSTALADO","barrio":"Villa Esperanza","polivalvula":"","longitud_m":175.870285}},{"type":"Feature","geometry":{"type":"LineString","coordinates":[[-70.7719764109411,7.071252611827803],[-70.77179397340399,7.071157398120695],[-70.77176506310121,7.071135490713155],[-70.77148142705913,7.071618094285873],[-70.77170354067306,7.071735416102954],[-70.7719764109411,7.071252611827803]]},"properties":{"tipo":"TPE3/4","estado":"INSTALADO","barrio":"Villa Esperanza","polivalvula":"","longitud_m":177.716446}},{"type":"Feature","geometry":{"type":"LineString","coordinates":[[-70.77148142705913,7.071618094285873],[-70.77136884434492,7.071570248607072]]},"properties":{"tipo":"TPE3/4","estado":"INSTALADO","barrio":"Villa Esperanza","polivalvula":"","longitud_m":13.516864}},{"type":"Feature","geometry":{"type":"LineString","coordinates":[[-70.77135850598711,7.071586470740367],[-70.77048840808776,7.071092744237292]]},"properties":{"tipo":"TPE3/4","estado":"INSTALADO","barrio":"Urb El Alcaravan","polivalvula":"","longitud_m":110.553596}},{"type":"Feature","geometry":{"type":"LineString","coordinates":[[-70.77054069689062,7.07078611003629],[-70.77150330000693,7.071359279507222],[-70.77135850598711,7.071586470740367]]},"properties":{"tipo":"TPE3/4","estado":"INSTALADO","barrio":"Urb El Alcaravan","polivalvula":"","longitud_m":153.592422}},{"type":"Feature","geometry":{"type":"LineString","coordinates":[[-70.7715497433509,7.071299368410041],[-70.7705597118051,7.070741294087722],[-70.77054069689062,7.07078611003629]]},"properties":{"tipo":"TPE3/4","estado":"INSTALADO","barrio":"Urb El Alcaravan","polivalvula":"","longitud_m":130.97345}},{"type":"Feature","geometry":{"type":"LineString","coordinates":[[-70.77168293143724,7.071072211082988],[-70.7715497433509,7.071299368410041]]},"properties":{"tipo":"TPE3/4","estado":"INSTALADO","barrio":"Urb El Alcaravan","polivalvula":"","longitud_m":29.114111}},{"type":"Feature","geometry":{"type":"LineString","coordinates":[[-70.77176506310121,7.071135490713155],[-70.77168293143724,7.071072211082988]]},"properties":{"tipo":"TPE3/4","estado":"INSTALADO","barrio":"Villa Esperanza","polivalvula":"","longitud_m":11.45912}},{"type":"Feature","geometry":{"type":"LineString","coordinates":[[-70.77168293143724,7.071072211082988],[-70.77085632327585,7.070566308673902]]},"properties":{"tipo":"TPE3/4","estado":"INSTALADO","barrio":"Urb El Alcaravan","polivalvula":"","longitud_m":107.099586}},{"type":"Feature","geometry":{"type":"LineString","coordinates":[[-70.7698374680362,7.069663681103719],[-70.76994166667781,7.069728027213868],[-70.77001163983695,7.069808035304765],[-70.76997969522239,7.069859361215556],[-70.7702456547489,7.070151444843808],[-70.77027534302444,7.070268354644867],[-70.77028616396461,7.070414956509489],[-70.77035403738651,7.070455182949424]]},"properties":{"tipo":"TPE3/4","estado":"INSTALADO","barrio":"La Bendicion","polivalvula":"","longitud_m":113.949669}},{"type":"Feature","geometry":{"type":"LineString","coordinates":[[-70.77050297097445,7.068604139938762],[-70.7698650386155,7.069606128574009],[-70.7698374680362,7.069663681103719]]},"properties":{"tipo":"TPE3/4","estado":"INSTALADO","barrio":"La Bendicion","polivalvula":"","longitud_m":138.383011}},{"type":"Feature","geometry":{"type":"LineString","coordinates":[[-70.76979729039664,7.0695944365962],[-70.76985612426793,7.069624736945292]]},"properties":{"tipo":"TPE3/4","estado":"INSTALADO","barrio":"La Bendicion","polivalvula":"","longitud_m":7.312934}},{"type":"Feature","geometry":{"type":"LineString","coordinates":[[-70.76973042560807,7.069716759517438],[-70.76977149621385,7.069641625230134],[-70.76979729039664,7.0695944365962],[-70.77015982359643,7.069056348921874]]},"properties":{"tipo":"TPE3/4","estado":"INSTALADO","barrio":"La Bendicion","polivalvula":"","longitud_m":87.145706}},{"type":"Feature","geometry":{"type":"LineString","coordinates":[[-70.76963277327086,7.069325169913648],[-70.76973399900761,7.069629360955464],[-70.76977149621385,7.069641625230134],[-70.7697718147537,7.069641729425689]]},"properties":{"tipo":"TPE3/4","estado":"INSTALADO","barrio":"La Bendicion","polivalvula":"","longitud_m":39.847591}},{"type":"Feature","geometry":{"type":"LineString","coordinates":[[-70.76973580300225,7.069121844709661],[-70.76963277327086,7.069325169913648]]},"properties":{"tipo":"TPE3/4","estado":"INSTALADO","barrio":"La Bendicion","polivalvula":"","longitud_m":25.203178}},{"type":"Feature","geometry":{"type":"LineString","coordinates":[[-70.76958357947244,7.069273907969242],[-70.76944399910347,7.068852968603651]]},"properties":{"tipo":"TPE3/4","estado":"INSTALADO","barrio":"La Bendicion","polivalvula":"","longitud_m":49.040482}},{"type":"Feature","geometry":{"type":"LineString","coordinates":[[-70.76939480525566,7.069937229592655],[-70.7692824363731,7.069543131841233],[-70.76928715477649,7.069432632147696],[-70.76932603411605,7.069391600885549],[-70.76938189094612,7.069341271909049],[-70.7695828180866,7.069274157030654]]},"properties":{"tipo":"TPE3/4","estado":"INSTALADO","barrio":"La Bendicion","polivalvula":"","longitud_m":95.514786}},{"type":"Feature","geometry":{"type":"LineString","coordinates":[[-70.76959211684252,7.069309287568993],[-70.76941650386786,7.069378856961809],[-70.76932784865022,7.069450739826985],[-70.76932208539775,7.069524856668369],[-70.76945573137337,7.069920384485307]]},"properties":{"tipo":"TPE3/4","estado":"INSTALADO","barrio":"La Bendicion","polivalvula":"","longitud_m":87.875198}},{"type":"Feature","geometry":{"type":"LineString","coordinates":[[-70.76959499851968,7.069308346372387],[-70.76958357947244,7.069273907969242]]},"properties":{"tipo":"TPE3/4","estado":"INSTALADO","barrio":"La Bendicion","polivalvula":"","longitud_m":4.012143}},{"type":"Feature","geometry":{"type":"LineString","coordinates":[[-70.76976802631597,7.069872177129152],[-70.76973042560807,7.069716759517438],[-70.76959499851968,7.069308346372387]]},"properties":{"tipo":"TPE3/4","estado":"INSTALADO","barrio":"La Bendicion","polivalvula":"","longitud_m":65.264076}},{"type":"Feature","geometry":{"type":"LineString","coordinates":[[-70.76866892687654,7.070291971533039],[-70.76977225374341,7.070116365213206]]},"properties":{"tipo":"TPE3/4","estado":"INSTALADO","barrio":"El Paraiso","polivalvula":"","longitud_m":123.433182}},{"type":"Feature","geometry":{"type":"LineString","coordinates":[[-70.77643488420165,7.071653218159532],[-70.776432177796,7.07136951749186],[-70.7764362981413,7.071278448957977],[-70.77644653425256,7.071052212576079],[-70.77645019820292,7.070971231220492]]},"properties":{"tipo":"TPE3/4","estado":"INSTALADO","barrio":"Urb Villa Gaby","polivalvula":"AA005","longitud_m":75.469116}},{"type":"Feature","geometry":{"type":"LineString","coordinates":[[-70.77291567362111,7.075247885993134],[-70.77387399819416,7.075501492550432]]},"properties":{"tipo":"TPE3/4","estado":"INSTALADO","barrio":"Doce de Octubre","polivalvula":"","longitud_m":109.526642}},{"type":"Feature","geometry":{"type":"LineString","coordinates":[[-70.77232242512258,7.075069756992947],[-70.77279398166225,7.0751995798419]]},"properties":{"tipo":"TPE3/4","estado":"INSTALADO","barrio":"Doce de Octubre","polivalvula":"","longitud_m":54.039284}},{"type":"Feature","geometry":{"type":"LineString","coordinates":[[-70.77179434258409,7.074958772144713],[-70.77219288488875,7.075058403695573]]},"properties":{"tipo":"TPE3/4","estado":"INSTALADO","barrio":"Pedro Nel Jimenez","polivalvula":"","longitud_m":45.388313}},{"type":"Feature","geometry":{"type":"LineString","coordinates":[[-70.77062384988173,7.074634063937162],[-70.7716981620625,7.074930316509441]]},"properties":{"tipo":"TPE3/4","estado":"INSTALADO","barrio":"Pedro Nel Jimenez","polivalvula":"","longitud_m":123.128098}},{"type":"Feature","geometry":{"type":"LineString","coordinates":[[-70.77012871615482,7.074497778102409],[-70.77053990159665,7.074618071746545]]},"properties":{"tipo":"TPE3/4","estado":"INSTALADO","barrio":"Pedro Nel Jimenez","polivalvula":"","longitud_m":47.335365}},{"type":"Feature","geometry":{"type":"LineString","coordinates":[[-70.76962789477838,7.074368341972541],[-70.77003860609754,7.074477030989226]]},"properties":{"tipo":"TPE3/4","estado":"INSTALADO","barrio":"Pedro Nel Jimenez","polivalvula":"","longitud_m":46.940193}},{"type":"Feature","geometry":{"type":"LineString","coordinates":[[-70.76862305211394,7.074100255634186],[-70.76952302283414,7.074344687884338]]},"properties":{"tipo":"TPE3/4","estado":"INSTALADO","barrio":"Pedro Nel Jimenez","polivalvula":"","longitud_m":103.037369}},{"type":"Feature","geometry":{"type":"LineString","coordinates":[[-70.76923841033671,7.074371465189614],[-70.76812576392372,7.074088529671738]]},"properties":{"tipo":"TPE3/4","estado":"INSTALADO","barrio":"Pedro Nel Jimenez","polivalvula":"","longitud_m":126.844391}},{"type":"Feature","geometry":{"type":"LineString","coordinates":[[-70.76972297209055,7.074543760010353],[-70.76971108789174,7.074513095514809],[-70.76933793034897,7.074397520118221]]},"properties":{"tipo":"TPE3/4","estado":"INSTALADO","barrio":"Pedro Nel Jimenez","polivalvula":"","longitud_m":46.798691}},{"type":"Feature","geometry":{"type":"LineString","coordinates":[[-70.77064129092456,7.074794838346353],[-70.7706016814275,7.074852689496172],[-70.76978512125474,7.074661496035542]]},"properties":{"tipo":"TPE3/4","estado":"INSTALADO","barrio":"Pedro Nel Jimenez","polivalvula":"","longitud_m":100.409035}},{"type":"Feature","geometry":{"type":"LineString","coordinates":[[-70.77168313205972,7.075081611435531],[-70.77126101199238,7.074975941847331]]},"properties":{"tipo":"TPE3/4","estado":"INSTALADO","barrio":"Pedro Nel Jimenez","polivalvula":"","longitud_m":48.077351}},{"type":"Feature","geometry":{"type":"LineString","coordinates":[[-70.77217044643973,7.07519171609997],[-70.77177380627656,7.075095406067464]]},"properties":{"tipo":"TPE3/4","estado":"INSTALADO","barrio":"Pedro Nel Jimenez","polivalvula":"","longitud_m":45.096302}},{"type":"Feature","geometry":{"type":"LineString","coordinates":[[-70.77267490714053,7.075321418685408],[-70.7722698159886,7.075217265762499]]},"properties":{"tipo":"TPE3/4","estado":"INSTALADO","barrio":"Doce de Octubre","polivalvula":"","longitud_m":46.212582}},{"type":"Feature","geometry":{"type":"LineString","coordinates":[[-70.77279141756361,7.075360786887413],[-70.77269049028818,7.075325425535715],[-70.77267490714053,7.075321418685408]]},"properties":{"tipo":"TPE3/4","estado":"INSTALADO","barrio":"Doce de Octubre","polivalvula":"","longitud_m":13.593972}},{"type":"Feature","geometry":{"type":"LineString","coordinates":[[-70.77368129060088,7.075591750796618],[-70.77279141756361,7.075360786887413]]},"properties":{"tipo":"TPE3/4","estado":"INSTALADO","barrio":"Doce de Octubre","polivalvula":"","longitud_m":101.576233}},{"type":"Feature","geometry":{"type":"LineString","coordinates":[[-70.7674676303534,7.074934117996224],[-70.76739166061304,7.075067952371374],[-70.76709679590955,7.075406345134888],[-70.76699353992802,7.075452603030657]]},"properties":{"tipo":"TPE3/4","estado":"INSTALADO","barrio":"Villa Maria","polivalvula":"","longitud_m":79.133499}},{"type":"Feature","geometry":{"type":"LineString","coordinates":[[-70.76599987219299,7.078825772360513],[-70.76599935229183,7.078824931993517],[-70.76581681368344,7.078594725051738],[-70.76611153737298,7.07836451750173]]},"properties":{"tipo":"TPE3/4","estado":"INSTALADO","barrio":"Urb Matageas","polivalvula":"","longitud_m":73.920265}},{"type":"Feature","geometry":{"type":"LineString","coordinates":[[-70.76599987219299,7.078825772360513],[-70.76600125312014,7.078824931457349],[-70.76630738525586,7.07858151536502],[-70.76611153737298,7.07836451750173]]},"properties":{"tipo":"TPE3/4","estado":"INSTALADO","barrio":"Urb Matageas","polivalvula":"","longitud_m":75.717567}},{"type":"Feature","geometry":{"type":"LineString","coordinates":[[-70.76654635370593,7.078851759748115],[-70.76634370863023,7.078641746139094],[-70.76616540658041,7.078798272813682],[-70.76611308853835,7.078844201048216],[-70.76604987232422,7.078899696753096],[-70.76604708461224,7.078902143511254],[-70.76599987219299,7.078825772360513]]},"properties":{"tipo":"TPE3/4","estado":"INSTALADO","barrio":"Urb Matageas","polivalvula":"","longitud_m":85.812233}},{"type":"Feature","geometry":{"type":"LineString","coordinates":[[-70.76604708461224,7.078902143511254],[-70.76624397387414,7.07913630416931],[-70.76654635370593,7.078851759748115]]},"properties":{"tipo":"TPE3/4","estado":"INSTALADO","barrio":"Urb Matageas","polivalvula":"","longitud_m":79.713699}},{"type":"Feature","geometry":{"type":"LineString","coordinates":[[-70.77049524476081,7.073284108479377],[-70.77048743333373,7.073281397002579],[-70.77041818833534,7.073271109263309],[-70.77034650357055,7.073268278808254],[-70.77020731837678,7.073261485830897],[-70.76999968161385,7.073301112729433],[-70.76983996067898,7.073341870718317],[-70.7696471554473,7.073387157718491],[-70.76941327830156,7.073439237994241],[-70.769201077834,7.073486789703419],[-70.76902234222752,7.073531856985304],[-70.76851370777398,7.073650735659129],[-70.76850105762333,7.073632774903688]]},"properties":{"tipo":"TPE3/4","estado":"INSTALADO","barrio":"La Chorrera","polivalvula":"","longitud_m":226.423004}},{"type":"Feature","geometry":{"type":"LineString","coordinates":[[-70.77201464941288,7.073694892443673],[-70.7719325073525,7.073694892810115],[-70.77192288689903,7.073692983116532],[-70.77183363208134,7.07367526785709],[-70.77176258751052,7.073652663667573],[-70.77171297776043,7.073636879599372],[-70.77170832809104,7.073635399956556],[-70.77163436142698,7.073611866100469],[-70.77161295255765,7.073606888780825],[-70.77153930482044,7.073589766033474],[-70.77149350056087,7.073579116790474],[-70.77134294889316,7.073544114988],[-70.77134161491176,7.073543804868136],[-70.77131331242362,7.073534753112841],[-70.77129393370437,7.073528554609149],[-70.77128264076332,7.073524942966755],[-70.77122507835016,7.073506533191804],[-70.77115436241526,7.073483915564513],[-70.77107674710805,7.073459091613929],[-70.77103884667524,7.073446970033082],[-70.77098330866707,7.073429208077771],[-70.7709371807595,7.073416635294084],[-70.77078167296091,7.073374249815188],[-70.7707592076587,7.07336812701997],[-70.77072541920845,7.073358917899495],[-70.77070873584515,7.073354370443072],[-70.77065234001569,7.07333899954372],[-70.77063306387724,7.073333745989768],[-70.77057053291867,7.073310235779098],[-70.7705102567831,7.073289317634273],[-70.77049524476081,7.073284108479377]]},"properties":{"tipo":"TPE3/4","estado":"INSTALADO","barrio":"El Centauro","polivalvula":"","longitud_m":174.384781}},{"type":"Feature","geometry":{"type":"LineString","coordinates":[[-70.76697519326288,7.075436628622121],[-70.76715778339118,7.075595608932089],[-70.76725114395794,7.075627120783032],[-70.7675219920507,7.074962199437698]]},"properties":{"tipo":"TPE1","estado":"INSTALADO","barrio":"Villa Maria","polivalvula":"","longitud_m":117.036903}},{"type":"Feature","geometry":{"type":"LineString","coordinates":[[-70.76659121647326,7.074968025975421],[-70.76664776577395,7.075040890409589],[-70.76669758110192,7.075101099418553],[-70.76682600667009,7.075256317408257],[-70.76697519326288,7.075436628622121]]},"properties":{"tipo":"TPE1","estado":"INSTALADO","barrio":"La Chorrera","polivalvula":"","longitud_m":66.976646}},{"type":"Feature","geometry":{"type":"LineString","coordinates":[[-70.77050851111444,7.073280553696276],[-70.77056119289583,7.073299002839478],[-70.77057021496697,7.073302383330803],[-70.77062400081076,7.073322537647719],[-70.77064406336422,7.073328027721343],[-70.77074416256303,7.073355420066122],[-70.77077269304044,7.073363227799776],[-70.77095420928762,7.073412494327981],[-70.77097428273863,7.073417942800779],[-70.77113890135657,7.073470572683198],[-70.77133254013248,7.073532481695553],[-70.77141766780646,7.073552378026131],[-70.77153440014872,7.073579659970449],[-70.77162499318013,7.073600833899104],[-70.77163366177066,7.073603580280567],[-70.77182453096661,7.073664053182543],[-70.77189719469197,7.073678638000906],[-70.77192325585524,7.073683868828994],[-70.77200517625262,7.073683716409882],[-70.7720125300709,7.073683097322298],[-70.77201812599769,7.073682625373514],[-70.77206948505268,7.07367829710469],[-70.77207628048633,7.073676162178484],[-70.77219501858639,7.07363886955471],[-70.77229516234848,7.073594525368134],[-70.7723059281211,7.073587693812876],[-70.77235761541864,7.073554890958409],[-70.77242895676363,7.073500471143325],[-70.77243620008244,7.073495819158626],[-70.77244522366873,7.073490024502508],[-70.77251021825761,7.073447792105275],[-70.77268882531024,7.073344311723291],[-70.7728197722166,7.073269239599469],[-70.77323900436342,7.073031046603758],[-70.77340498039615,7.072977844935997],[-70.77344127633287,7.072954923160983],[-70.77345429407971,7.072946702358368],[-70.77345544046757,7.07294597792275],[-70.77348385385383,7.072928034151571],[-70.77352210932597,7.07290387577255],[-70.77358473812197,7.072841600554483],[-70.77362542912294,7.072801139775821],[-70.77366592810148,7.072760869658246],[-70.77369045808514,7.072736478064535],[-70.7737635167125,7.072688219598091],[-70.77385573645412,7.072646706428365],[-70.77390517326565,7.072630667056917],[-70.77397172350791,7.072602362244984],[-70.77407345093786,7.072531601014656],[-70.77414751163829,7.072434568636572],[-70.77423982590842,7.07249361098039]]},"properties":{"tipo":"TPE3","estado":"INSTALADO","barrio":"El Centauro","polivalvula":"","longitud_m":461.765106}},{"type":"Feature","geometry":{"type":"LineString","coordinates":[[-70.76393814997517,7.077964015931234],[-70.76430242659876,7.077836518638944],[-70.7643276199523,7.077761040586057],[-70.76440082523446,7.077575648197226],[-70.76444416408427,7.077470745509457],[-70.76445929447334,7.077427994290569],[-70.76449447177633,7.077321381655885],[-70.76455132493477,7.077174199552987],[-70.76461140967358,7.077023997714621],[-70.76468244788863,7.076902968793559],[-70.76481878075049,7.076711065863361],[-70.76494712821432,7.076542089411592],[-70.76499903723531,7.076470196387882],[-70.76505550987761,7.076407926401198],[-70.76511055612477,7.076341411952146],[-70.76536725003702,7.076052707087749],[-70.76553912657971,7.075836730318374],[-70.76582472263954,7.075590671210432],[-70.76613808007558,7.075334044788677],[-70.76626719296782,7.075225076910631],[-70.76629628487589,7.075205538105008],[-70.7664653782617,7.075073376550777],[-70.76659121647326,7.074968025975421],[-70.76670343802708,7.074871471556983],[-70.76686201812704,7.074741649277297],[-70.76707595644585,7.074562510680355],[-70.7671547706163,7.074501184841492],[-70.76720993577376,7.074461845586902],[-70.76725308638767,7.074425980467705],[-70.76729140848289,7.074397576453911],[-70.76740644549659,7.074310776631114],[-70.76755452858738,7.074189903393581],[-70.76760826368245,7.074151711494389],[-70.76776048296854,7.074044755962315],[-70.76793270870778,7.073917323172274],[-70.76817248923493,7.073781468082099],[-70.76835887576054,7.073684004014368],[-70.76851216571082,7.073639383071616],[-70.76898254698024,7.073528517567287],[-70.7692001270643,7.073481883686012],[-70.7697450794199,7.073353193055127],[-70.77020047316077,7.073251296190795],[-70.77042104006446,7.073260731612435],[-70.77048328510733,7.073271719123721],[-70.77049290005648,7.073275086444033],[-70.77050851111444,7.073280553696276]]},"properties":{"tipo":"TPE3","estado":"INSTALADO","barrio":"LA CHORRERA","polivalvula":"","longitud_m":941.991638}},{"type":"Feature","geometry":{"type":"LineString","coordinates":[[-70.76825908414187,7.080934135634347],[-70.76826896868437,7.080943363425655],[-70.76839374354587,7.08105984007456],[-70.76850674421021,7.08116532532862],[-70.76856119202657,7.081216151447961],[-70.76867428141766,7.081321719910908],[-70.76880628333295,7.081444942203358],[-70.76888412055872,7.081517603506597],[-70.76892110605033,7.081552128503091],[-70.76895487378036,7.081579718718287],[-70.76896940369386,7.081591590799235],[-70.76910451265722,7.081701983305758],[-70.76913517829212,7.081727038735679],[-70.7692292876241,7.081803931663075],[-70.76928679397261,7.081850917704267],[-70.76941635021169,7.081956772693988],[-70.76956669316921,7.082079611786326],[-70.7696491676483,7.082146999018529],[-70.76976142670397,7.082238720382702],[-70.76986070283444,7.082319835692066],[-70.76996905197356,7.082408363435304],[-70.76997165472002,7.082410490069999],[-70.76996210319933,7.082421775638514],[-70.76951127239724,7.082930084081684],[-70.7698003993828,7.083116762401017],[-70.77006739485022,7.083282278054218],[-70.76991037472133,7.08356123601278],[-70.77004287235577,7.083639912882902],[-70.77004358531948,7.083640376314188],[-70.7702324338081,7.083763264176156],[-70.77031447984193,7.083816653714032],[-70.77035975305454,7.083846114124904],[-70.77036696075115,7.083851800995119],[-70.77042743592624,7.08389952038038],[-70.77050521410203,7.083946136278694],[-70.77054575311367,7.083970432266891],[-70.77056049695867,7.083979268980858],[-70.77060036189404,7.084003161238096],[-70.77063440801221,7.08402356660215],[-70.77064789779699,7.08403165108026],[-70.77067383412368,7.084047195436158],[-70.77068287858624,7.084052616769019]]},"properties":{"tipo":"TPE1","estado":"INSTALADO","barrio":"Oiti","polivalvula":"","longitud_m":536.170349}},{"type":"Feature","geometry":{"type":"LineString","coordinates":[[-70.76800251972496,7.08069560396789],[-70.76818131766963,7.080861542096511],[-70.76824510810249,7.080921089320682],[-70.76825908414187,7.080934135634347]]},"properties":{"tipo":"TPE1","estado":"INSTALADO","barrio":"Villa San Juan","polivalvula":"","longitud_m":38.721046}},{"type":"Feature","geometry":{"type":"LineString","coordinates":[[-70.7666103292736,7.081474494631635],[-70.76665248444682,7.081451516769492],[-70.76681269851568,7.081364188575575],[-70.76684939627208,7.08134418645002],[-70.76690022965111,7.081316478062368],[-70.76700360233632,7.081260131967187],[-70.76705665505493,7.081231215198324],[-70.76714120086352,7.081176820470452],[-70.76738199605055,7.08104842738403],[-70.7674527224252,7.081010715259041],[-70.76747820090463,7.080997129173204],[-70.76777481346588,7.080838973636267],[-70.76800251972496,7.08069560396789]]},"properties":{"tipo":"TPE1","estado":"INSTALADO","barrio":"Villa San Juan","polivalvula":"","longitud_m":176.365479}},{"type":"Feature","geometry":{"type":"LineString","coordinates":[[-70.76510201620069,7.077992671976717],[-70.76504862440945,7.078047015837391],[-70.76559422816759,7.078684410946152],[-70.76540658349253,7.078849393637331],[-70.76534788452085,7.078908046186442],[-70.7650977935427,7.079111120458172],[-70.76496471877573,7.079189796670365]]},"properties":{"tipo":"TPE1","estado":"INSTALADO","barrio":"Flor Amarillo","polivalvula":"","longitud_m":190.648468}},{"type":"Feature","geometry":{"type":"LineString","coordinates":[[-70.76341063715175,7.081912741276248],[-70.7633536289855,7.081918328827927],[-70.76327533633315,7.081926001590736],[-70.76321648001634,7.081292182652057]]},"properties":{"tipo":"TPE1","estado":"INSTALADO","barrio":"Los Guarataros","polivalvula":"","longitud_m":85.416214}},{"type":"Feature","geometry":{"type":"LineString","coordinates":[[-70.76523965464068,7.08172570166492],[-70.76477735207659,7.081801332805489],[-70.7645816200168,7.081833353382328],[-70.7644556805837,7.08184906263301]]},"properties":{"tipo":"TPE1","estado":"INSTALADO","barrio":"Los Guarataros","polivalvula":"","longitud_m":87.687958}},{"type":"Feature","geometry":{"type":"LineString","coordinates":[[-70.76661747360461,7.081470600415768],[-70.76661471728706,7.081472103193418],[-70.7666103292736,7.081474494631635],[-70.7665741782456,7.081487692858791],[-70.76642759232877,7.081535659503579],[-70.7663908561087,7.081537370133574],[-70.7662428948568,7.081561575651062],[-70.76615669863558,7.081575677129714],[-70.76615254529906,7.081576356130826],[-70.76608488157451,7.08158742549498],[-70.76579352332732,7.081635090650071],[-70.76559735776921,7.081667182803344],[-70.76540182768065,7.081699171313906],[-70.76533114306781,7.081710734956062],[-70.76527393507754,7.081720094105835],[-70.7652536409289,7.081723413433813],[-70.76523965464068,7.08172570166492]]},"properties":{"tipo":"TPE1","estado":"INSTALADO","barrio":"Los Guarataros","polivalvula":"","longitud_m":155.131561}},{"type":"Feature","geometry":{"type":"LineString","coordinates":[[-70.77448787670362,7.072151297473074],[-70.77445694230832,7.072212696457609],[-70.7744556390254,7.072215282581668],[-70.77437319879903,7.072328665986855],[-70.77434497462194,7.072367483845074],[-70.77423982590842,7.07249361098039]]},"properties":{"tipo":"TPE4","estado":"INSTALADO","barrio":"Urb Maria Emilia","polivalvula":"","longitud_m":46.878658}},{"type":"Feature","geometry":{"type":"LineString","coordinates":[[-70.77466890467528,7.070147216217814],[-70.77464112020743,7.070682697778762],[-70.77462945995252,7.070874809725493],[-70.77461847034418,7.071055883393905],[-70.77461022012406,7.071191821106841],[-70.7746075292491,7.071475079685253],[-70.77462825466061,7.071569004494205],[-70.77462492742184,7.071867618110346],[-70.77462223358887,7.071937278333331],[-70.77452415027687,7.072079181532379],[-70.77452409038123,7.072079421111584],[-70.77448787670362,7.072151297473074]]},"properties":{"tipo":"TPE4","estado":"INSTALADO","barrio":"Urb Maria Emilia","polivalvula":"BT002","longitud_m":226.406677}},{"type":"Feature","geometry":{"type":"LineString","coordinates":[[-70.77476599973535,7.068471999990463],[-70.77476242198999,7.06866072458115],[-70.77476069091398,7.068792136408568],[-70.77474928264546,7.069118772911217],[-70.77472648684846,7.06947453415684],[-70.7746996767041,7.069688517484063],[-70.7746838033286,7.069782964659984],[-70.77467816781399,7.06992075321147],[-70.77466890467528,7.070147216217814]]},"properties":{"tipo":"TPE4","estado":"INSTALADO","barrio":"Senderos de Playitas","polivalvula":"BT002","longitud_m":185.738525}},{"type":"Feature","geometry":{"type":"LineString","coordinates":[[-70.77648973638162,7.069790060093142],[-70.77651865983964,7.068674396379442],[-70.77651037611268,7.068372138387113],[-70.77649412960044,7.068273163751549],[-70.77648825622977,7.067839476249942],[-70.77691284777907,7.067821801494327]]},"properties":{"tipo":"TPE4","estado":"INSTALADO","barrio":"Senderos de Playitas","polivalvula":"AT001","longitud_m":262.874512}},{"type":"Feature","geometry":{"type":"LineString","coordinates":[[-70.77647879501572,7.070573131713277],[-70.77648516121495,7.070484515965767],[-70.77648973638162,7.069790060093142]]},"properties":{"tipo":"TPE4","estado":"INSTALADO","barrio":"Sector Playitas","polivalvula":"AT001","longitud_m":86.628807}},{"type":"Feature","geometry":{"type":"LineString","coordinates":[[-70.77643452310036,7.071615400747478],[-70.77643034944286,7.071369463865571],[-70.77643296714106,7.07127856706661],[-70.77644562452485,7.070971226456687]]},"properties":{"tipo":"TPE4","estado":"INSTALADO","barrio":"Urb Villa Gaby","polivalvula":"AT001","longitud_m":71.27774}},{"type":"Feature","geometry":{"type":"LineString","coordinates":[[-70.77647879501572,7.070573131713277],[-70.77644562452485,7.070971226456687]]},"properties":{"tipo":"TPE4","estado":"INSTALADO","barrio":"Sector Playitas","polivalvula":"AT001","longitud_m":44.178596}},{"type":"Feature","geometry":{"type":"LineString","coordinates":[[-70.77489319342708,7.074650191494176],[-70.7741449637239,7.073846325649755],[-70.77473646243527,7.073435766332443],[-70.77491249519751,7.07331358143194],[-70.7746186060895,7.07288562226855],[-70.77640262772114,7.072381165555229],[-70.77640309894517,7.072205635128683]]},"properties":{"tipo":"TPE4","estado":"INSTALADO","barrio":"Urb Las Palmeras","polivalvula":"AT007","longitud_m":506.300446}},{"type":"Feature","geometry":{"type":"LineString","coordinates":[[-70.76960583799163,7.078979400726189],[-70.769720195889,7.079100369521865],[-70.76993402249624,7.079326555648835],[-70.77004603283567,7.079441677043606],[-70.77009938093202,7.079496507948131],[-70.77015986045568,7.079558667729536],[-70.7701983912629,7.079598269025738],[-70.77024472920581,7.079675962979847],[-70.77036114443457,7.079790739992319],[-70.77036816589163,7.0797973662213],[-70.77046112016836,7.079885075305624],[-70.77047049719255,7.079893922944704]]},"properties":{"tipo":"TPE1","estado":"INSTALADO","barrio":"Sabanales","polivalvula":"","longitud_m":139.402542}},{"type":"Feature","geometry":{"type":"LineString","coordinates":[[-70.76651572431365,7.081416699765832],[-70.76624605909821,7.08093675558805]]},"properties":{"tipo":"TPE3/4","estado":"INSTALADO","barrio":"Villa San Juan","polivalvula":"","longitud_m":60.867672}},{"type":"Feature","geometry":{"type":"LineString","coordinates":[[-70.76530151441024,7.081617859082645],[-70.76575718521318,7.081554808780999],[-70.7660690214159,7.081504993560617],[-70.76638965437866,7.081453140477222],[-70.76646077762545,7.081432582703549]]},"properties":{"tipo":"TPE3/4","estado":"INSTALADO","barrio":"Los Guarataros","polivalvula":"","longitud_m":129.774399}},{"type":"Feature","geometry":{"type":"LineString","coordinates":[[-70.76518753439312,7.081074644836266],[-70.76525285231304,7.081385943244156]]},"properties":{"tipo":"TPE3/4","estado":"INSTALADO","barrio":"Los Guarataros","polivalvula":"","longitud_m":35.175503}},{"type":"Feature","geometry":{"type":"LineString","coordinates":[[-70.766138312076,7.080950791110491],[-70.76518753439312,7.081074644836266]]},"properties":{"tipo":"TPE3/4","estado":"INSTALADO","barrio":"Los Guarataros","polivalvula":"","longitud_m":105.929024}},{"type":"Feature","geometry":{"type":"LineString","coordinates":[[-70.76572382320185,7.080913916205678],[-70.76608282756057,7.080872516474862]]},"properties":{"tipo":"TPE3/4","estado":"INSTALADO","barrio":"Los Guarataros","polivalvula":"","longitud_m":39.925373}},{"type":"Feature","geometry":{"type":"LineString","coordinates":[[-70.76504243680134,7.080299088837586],[-70.76508367413186,7.080543785361969],[-70.76516176769762,7.08097297621477]]},"properties":{"tipo":"TPE3/4","estado":"INSTALADO","barrio":"Los Guarataros","polivalvula":"","longitud_m":75.685616}},{"type":"Feature","geometry":{"type":"LineString","coordinates":[[-70.7657588193124,7.080440860712234],[-70.76563455470173,7.080528186426498],[-70.76548269912031,7.080597777252372],[-70.76533223988883,7.080634108194009],[-70.76528546426373,7.080437111820449],[-70.76533452107674,7.080429186709075],[-70.7653544132226,7.080579443175213],[-70.76547292017825,7.080539260529828],[-70.76565545826152,7.080426044551732],[-70.76558852733321,7.080285656851609],[-70.76555490193292,7.080219114577173]]},"properties":{"tipo":"TPE3/4","estado":"INSTALADO","barrio":"Los Guarataros","polivalvula":"","longitud_m":159.99054}},{"type":"Feature","geometry":{"type":"LineString","coordinates":[[-70.76506593364559,7.080986735559784],[-70.76500605928288,7.080675799758926]]},"properties":{"tipo":"TPE3/4","estado":"INSTALADO","barrio":"Los Guarataros","polivalvula":"","longitud_m":35.017689}},{"type":"Feature","geometry":{"type":"LineString","coordinates":[[-70.7644077051082,7.08106937265284],[-70.76506593364559,7.080986735559784]]},"properties":{"tipo":"TPE3/4","estado":"INSTALADO","barrio":"Los Guarataros","polivalvula":"","longitud_m":73.291595}},{"type":"Feature","geometry":{"type":"LineString","coordinates":[[-70.76464771402716,7.081136235577649],[-70.7644352912451,7.081169356165979]]},"properties":{"tipo":"TPE3/4","estado":"INSTALADO","barrio":"Los Guarataros","polivalvula":"","longitud_m":23.752106}},{"type":"Feature","geometry":{"type":"LineString","coordinates":[[-70.76474923855298,7.081714149070296],[-70.76464771402716,7.081136235577649]]},"properties":{"tipo":"TPE3/4","estado":"INSTALADO","barrio":"Los Guarataros","polivalvula":"","longitud_m":64.889771}},{"type":"Feature","geometry":{"type":"LineString","coordinates":[[-70.76453741282907,7.08175142769038],[-70.76474923855298,7.081714149070296]]},"properties":{"tipo":"TPE3/4","estado":"INSTALADO","barrio":"Los Guarataros","polivalvula":"","longitud_m":23.76236}},{"type":"Feature","geometry":{"type":"LineString","coordinates":[[-70.76443203683597,7.081168542892256],[-70.76453741282907,7.08175142769038]]},"properties":{"tipo":"TPE3/4","estado":"INSTALADO","barrio":"Los Guarataros","polivalvula":"","longitud_m":65.505638}},{"type":"Feature","geometry":{"type":"LineString","coordinates":[[-70.76453741282907,7.08175142769038],[-70.76445078599711,7.081767739373078]]},"properties":{"tipo":"TPE3/4","estado":"INSTALADO","barrio":"Los Guarataros","polivalvula":"","longitud_m":9.738852}},{"type":"Feature","geometry":{"type":"LineString","coordinates":[[-70.76483324098544,7.081707716864941],[-70.76474923855298,7.081714149070296]]},"properties":{"tipo":"TPE3/4","estado":"INSTALADO","barrio":"Los Guarataros","polivalvula":"","longitud_m":9.307604}},{"type":"Feature","geometry":{"type":"LineString","coordinates":[[-70.76471083635877,7.081138841478321],[-70.76483324098544,7.081707716864941]]},"properties":{"tipo":"TPE3/4","estado":"INSTALADO","barrio":"Los Guarataros","polivalvula":"","longitud_m":64.350456}},{"type":"Feature","geometry":{"type":"LineString","coordinates":[[-70.7652058724166,7.081636561941127],[-70.76483324098544,7.081707716864941]]},"properties":{"tipo":"TPE3/4","estado":"INSTALADO","barrio":"Los Guarataros","polivalvula":"","longitud_m":41.912762}},{"type":"Feature","geometry":{"type":"LineString","coordinates":[[-70.7652058724166,7.081636561941127],[-70.76509228130239,7.081098015512665]]},"properties":{"tipo":"TPE3/4","estado":"INSTALADO","barrio":"Los Guarataros","polivalvula":"","longitud_m":60.867069}},{"type":"Feature","geometry":{"type":"LineString","coordinates":[[-70.76471083635877,7.081138841478321],[-70.76509228130239,7.081098015512665]]},"properties":{"tipo":"TPE3/4","estado":"INSTALADO","barrio":"Los Guarataros","polivalvula":"","longitud_m":42.382332}},{"type":"Feature","geometry":{"type":"LineString","coordinates":[[-70.76433983885396,7.081171424977186],[-70.76445078599711,7.081767739373078]]},"properties":{"tipo":"TPE3/4","estado":"INSTALADO","barrio":"Los Guarataros","polivalvula":"","longitud_m":67.077469}},{"type":"Feature","geometry":{"type":"LineString","coordinates":[[-70.76407992272894,7.081808542979656],[-70.76445078599711,7.081767739373078]]},"properties":{"tipo":"TPE3/4","estado":"INSTALADO","barrio":"Los Guarataros","polivalvula":"","longitud_m":41.219807}},{"type":"Feature","geometry":{"type":"LineString","coordinates":[[-70.76399911625343,7.081198593323397],[-70.76407992272894,7.081808542979656]]},"properties":{"tipo":"TPE3/4","estado":"INSTALADO","barrio":"Los Guarataros","polivalvula":"","longitud_m":68.044205}},{"type":"Feature","geometry":{"type":"LineString","coordinates":[[-70.76433983885396,7.081171424977186],[-70.76399911625343,7.081198593323397]]},"properties":{"tipo":"TPE3/4","estado":"INSTALADO","barrio":"Los Guarataros","polivalvula":"","longitud_m":37.761959}},{"type":"Feature","geometry":{"type":"LineString","coordinates":[[-70.76388877794776,7.080412152886442],[-70.76398374696815,7.081114979850631],[-70.76437675011051,7.081077903013072]]},"properties":{"tipo":"TPE3/4","estado":"INSTALADO","barrio":"Los Guarataros","polivalvula":"","longitud_m":122.043793}},{"type":"Feature","geometry":{"type":"LineString","coordinates":[[-70.76437675011051,7.081077903013072],[-70.7642681646857,7.080381049244772]]},"properties":{"tipo":"TPE3/4","estado":"INSTALADO","barrio":"Los Guarataros","polivalvula":"","longitud_m":77.995087}},{"type":"Feature","geometry":{"type":"LineString","coordinates":[[-70.76359405492306,7.080426304996432],[-70.76368272516565,7.081153568771485],[-70.7639185035646,7.081126208769748],[-70.76381861544701,7.080412152610679]]},"properties":{"tipo":"TPE3/4","estado":"INSTALADO","barrio":"Los Guarataros","polivalvula":"","longitud_m":186.984695}},{"type":"Feature","geometry":{"type":"LineString","coordinates":[[-70.76320819021868,7.081189720992957],[-70.76362215887058,7.08115117965984],[-70.76352079182539,7.08043898334058]]},"properties":{"tipo":"TPE3/4","estado":"INSTALADO","barrio":"Los Guarataros","polivalvula":"","longitud_m":125.488419}},{"type":"Feature","geometry":{"type":"LineString","coordinates":[[-70.76392609998426,7.081218218097106],[-70.76324538836425,7.081289169431835]]},"properties":{"tipo":"TPE3/4","estado":"INSTALADO","barrio":"Los Guarataros","polivalvula":"","longitud_m":75.611671}},{"type":"Feature","geometry":{"type":"LineString","coordinates":[[-70.76400956284476,7.081825739917206],[-70.76407992272894,7.081808542979656]]},"properties":{"tipo":"TPE3/4","estado":"INSTALADO","barrio":"Los Guarataros","polivalvula":"","longitud_m":8.002466}},{"type":"Feature","geometry":{"type":"LineString","coordinates":[[-70.76340855867421,7.081902372107232],[-70.76398013325513,7.08182985326591],[-70.76400938320549,7.081825017325771],[-70.76400938320549,7.081825017325771]]},"properties":{"tipo":"TPE3/4","estado":"INSTALADO","barrio":"Los Guarataros","polivalvula":"","longitud_m":66.928818}},{"type":"Feature","geometry":{"type":"LineString","coordinates":[[-70.76324538836425,7.081289169431835],[-70.76330184386458,7.081912830568602],[-70.76335155050924,7.081907959658711],[-70.76340855867421,7.081902372107232]]},"properties":{"tipo":"TPE3/4","estado":"INSTALADO","barrio":"Los Guarataros","polivalvula":"","longitud_m":81.100044}},{"type":"Feature","geometry":{"type":"LineString","coordinates":[[-70.76462897672663,7.082496132923215],[-70.76460583267995,7.082095847959296],[-70.76492834302906,7.082052731016388],[-70.76491598925048,7.082007207982858],[-70.76462031519031,7.08204494569016],[-70.76458491535588,7.081847309495469]]},"properties":{"tipo":"TPE3/4","estado":"INSTALADO","barrio":"Ciudad Jardin","polivalvula":"","longitud_m":140.641556}},{"type":"Feature","geometry":{"type":"LineString","coordinates":[[-70.7652058724166,7.081636561941127],[-70.76530151441024,7.081617859082645]]},"properties":{"tipo":"TPE3/4","estado":"INSTALADO","barrio":"Los Guarataros","polivalvula":"","longitud_m":10.766838}},{"type":"Feature","geometry":{"type":"LineString","coordinates":[[-70.76690429708934,7.082258640265635],[-70.76654225826283,7.082300391201756],[-70.76642858821462,7.081817680477111],[-70.7663570456816,7.081823584198585],[-70.76647570708984,7.082319259341693]]},"properties":{"tipo":"TPE3/4","estado":"INSTALADO","barrio":"Los Almendros","polivalvula":"","longitud_m":159.398788}},{"type":"Feature","geometry":{"type":"LineString","coordinates":[[-70.76644501179933,7.081534849216236],[-70.76673191920193,7.081953765541946]]},"properties":{"tipo":"TPE3/4","estado":"INSTALADO","barrio":"Los Almendros","polivalvula":"","longitud_m":56.134438}},{"type":"Feature","geometry":{"type":"LineString","coordinates":[[-70.76692352914775,7.082353251537633],[-70.76690429708934,7.082258640265635]]},"properties":{"tipo":"TPE3/4","estado":"INSTALADO","barrio":"Los Almendros","polivalvula":"","longitud_m":10.676867}},{"type":"Feature","geometry":{"type":"LineString","coordinates":[[-70.7668233979837,7.082364384322885],[-70.76635966279255,7.082420069906917],[-70.76639502627607,7.08279602597869],[-70.76697218838054,7.082693659881167],[-70.76692352914775,7.082353251537633],[-70.7668233979837,7.082364384322885]]},"properties":{"tipo":"TPE3/4","estado":"INSTALADO","barrio":"Los Almendros","polivalvula":"","longitud_m":207.281815}},{"type":"Feature","geometry":{"type":"LineString","coordinates":[[-70.76504243680134,7.080299088837586],[-70.76555490193292,7.080219114577173]]},"properties":{"tipo":"TPE3/4","estado":"INSTALADO","barrio":"Los Guarataros","polivalvula":"","longitud_m":57.302738}},{"type":"Feature","geometry":{"type":"LineString","coordinates":[[-70.76448204604218,7.081862632797598],[-70.7652430394781,7.081749274196432],[-70.76533382201033,7.081730080696886],[-70.76646223375326,7.081559994386875]]},"properties":{"tipo":"TPE3/4","estado":"INSTALADO","barrio":"Los Guarataros","polivalvula":"","longitud_m":221.329102}},{"type":"Feature","geometry":{"type":"LineString","coordinates":[[-70.76487537574278,7.079881551444155],[-70.76491842915037,7.080199541527052]]},"properties":{"tipo":"TPE3/4","estado":"INSTALADO","barrio":"Los Guarataros","polivalvula":"","longitud_m":35.487606}},{"type":"Feature","geometry":{"type":"LineString","coordinates":[[-70.764868689179,7.079844144862595],[-70.7648128997252,7.079618364736535],[-70.76476399198046,7.079461506041928],[-70.7647065688422,7.079321683423086]]},"properties":{"tipo":"TPE3/4","estado":"INSTALADO","barrio":"Los Guarataros","polivalvula":"","longitud_m":60.602673}},{"type":"Feature","geometry":{"type":"LineString","coordinates":[[-70.76457361867558,7.078344733449513],[-70.7643226049184,7.078046363332383]]},"properties":{"tipo":"TPE3/4","estado":"INSTALADO","barrio":"Flor Amarillo","polivalvula":"","longitud_m":43.103146}},{"type":"Feature","geometry":{"type":"LineString","coordinates":[[-70.76457361867558,7.078344733449513],[-70.76477616145866,7.078136588290963],[-70.76484292414908,7.078020516122237],[-70.76442270565728,7.077790308093931]]},"properties":{"tipo":"TPE3/4","estado":"INSTALADO","barrio":"Flor Amarillo","polivalvula":"","longitud_m":99.855659}},{"type":"Feature","geometry":{"type":"LineString","coordinates":[[-70.76486600189422,7.078731994203127],[-70.76459016346378,7.078405998137034],[-70.76476419920814,7.078266581547045]]},"properties":{"tipo":"TPE3/4","estado":"INSTALADO","barrio":"Flor Amarillo","polivalvula":"","longitud_m":71.852531}},{"type":"Feature","geometry":{"type":"LineString","coordinates":[[-70.76558520879229,7.078679618873012],[-70.76502252462498,7.07803035346253],[-70.76482933828693,7.078191876284849],[-70.76540658349253,7.078849393637331]]},"properties":{"tipo":"TPE3/4","estado":"INSTALADO","barrio":"Flor Amarillo","polivalvula":"","longitud_m":219.526627}},{"type":"Feature","geometry":{"type":"LineString","coordinates":[[-70.76564334875323,7.078629755824282],[-70.76510331749198,7.077994494850342],[-70.76504331979699,7.078054348200864]]},"properties":{"tipo":"TPE3/4","estado":"INSTALADO","barrio":"Flor Amarillo","polivalvula":"","longitud_m":101.537704}},{"type":"Feature","geometry":{"type":"LineString","coordinates":[[-70.7765482389489,7.069898086130777],[-70.77648908391868,7.069889122368427]]},"properties":{"tipo":"TPE1","estado":"INSTALADO","barrio":"Sector Playitas","polivalvula":"BT001","longitud_m":6.610217}},{"type":"Feature","geometry":{"type":"LineString","coordinates":[[-70.77656999970245,7.070554999536484],[-70.77648027924316,7.070552473964656]]},"properties":{"tipo":"TPE1","estado":"INSTALADO","barrio":"Sector Playitas","polivalvula":"BT001","longitud_m":9.916256}},{"type":"Feature","geometry":{"type":"LineString","coordinates":[[-70.77241082167994,7.071504208901232],[-70.77254212232506,7.071572164668711],[-70.77262061499276,7.071612790174376],[-70.77271397455112,7.071678409879072],[-70.77297409173913,7.071809742432151],[-70.77305965691946,7.07185229395615],[-70.77331368902487,7.072000232860162],[-70.77341374159435,7.072061395382875],[-70.77341773543682,7.072063629603422],[-70.77362895760697,7.072181844022466],[-70.77367537993793,7.072207824495577],[-70.77414751163829,7.072434568636572]]},"properties":{"tipo":"TPE1","estado":"INSTALADO","barrio":"El Arauco","polivalvula":"","longitud_m":217.928543}},{"type":"Feature","geometry":{"type":"LineString","coordinates":[[-70.77168551698321,7.071067380632257],[-70.77179591276406,7.071152437037756],[-70.77186863772758,7.071190310053792],[-70.77197899739032,7.071247781375998],[-70.77205809774365,7.071318044967524],[-70.77227942520425,7.071427866401121],[-70.77230734601656,7.071444582911115],[-70.77236018375574,7.071476216370755],[-70.77238217369602,7.071489381739328],[-70.77241082167994,7.071504208901232]]},"properties":{"tipo":"TPE1","estado":"INSTALADO","barrio":"Villa Esperanza","polivalvula":"","longitud_m":94.008484}},{"type":"Feature","geometry":{"type":"LineString","coordinates":[[-70.77035403738651,7.070455182949424],[-70.77064141708021,7.070424427206906],[-70.7707498786357,7.070412819729283],[-70.77146844939462,7.070837982343289],[-70.77171494901293,7.070991004270692],[-70.77166586272448,7.071056395933954],[-70.77168003022179,7.071064314439986],[-70.77168551698321,7.071067380632257]]},"properties":{"tipo":"TPE1","estado":"INSTALADO","barrio":"Urb El Alcaravan","polivalvula":"","longitud_m":179.840851}},{"type":"Feature","geometry":{"type":"LineString","coordinates":[[-70.76720690850232,7.074458463599933],[-70.76658726025875,7.073766322957087],[-70.76646545779528,7.073639989178933],[-70.76650990411203,7.073604784167324],[-70.76655168230101,7.073650382879879],[-70.76659240304504,7.073694990763465],[-70.76661153383738,7.073715853914852],[-70.7667187206379,7.07382507279741],[-70.76679119385243,7.073895558892672],[-70.76693046467769,7.074034418628461],[-70.76704967166606,7.074175273220443],[-70.7671935071942,7.074357686719767],[-70.76722462164095,7.074397003896181],[-70.76724511952091,7.074422904432917],[-70.76724872711162,7.07442746319492]]},"properties":{"tipo":"TPE3/4","estado":"INSTALADO","barrio":"La Chorrera","polivalvula":"","longitud_m":250.744568}},{"type":"Feature","geometry":{"type":"LineString","coordinates":[[-70.76659355557246,7.075184189158705],[-70.76679637964796,7.075430456494773],[-70.76677470363232,7.075468950896595]]},"properties":{"tipo":"TPE3/4","estado":"INSTALADO","barrio":"La Chorrera","polivalvula":"","longitud_m":40.153145}},{"type":"Feature","geometry":{"type":"LineString","coordinates":[[-70.76588574769654,7.076136134922061],[-70.76572621416335,7.075956404186471]]},"properties":{"tipo":"TPE3/4","estado":"INSTALADO","barrio":"La Chorrera","polivalvula":"","longitud_m":26.56568}},{"type":"Feature","geometry":{"type":"LineString","coordinates":[[-70.77116083557992,7.074933288138726],[-70.77064129092456,7.074794838346353]]},"properties":{"tipo":"TPE3/4","estado":"INSTALADO","barrio":"Pedro Nel Jimenez","polivalvula":"","longitud_m":59.405956}},{"type":"Feature","geometry":{"type":"LineString","coordinates":[[-70.7662487520211,7.075233696255612],[-70.76591535767442,7.0748446936149],[-70.7659893454889,7.074786515051058],[-70.7663123777799,7.075187582939332]]},"properties":{"tipo":"TPE3/4","estado":"INSTALADO","barrio":"La Chorrera","polivalvula":"","longitud_m":123.967285}},{"type":"Feature","geometry":{"type":"LineString","coordinates":[[-70.76553293715511,7.075279954468582],[-70.76581642649498,7.075579192026765]]},"properties":{"tipo":"TPE3/4","estado":"INSTALADO","barrio":"La Chorrera","polivalvula":"","longitud_m":45.564224}},{"type":"Feature","geometry":{"type":"LineString","coordinates":[[-70.77049524476081,7.073284108479377],[-70.770554510794,7.073092510958634],[-70.77042148702158,7.072151179992546]]},"properties":{"tipo":"TPE3/4","estado":"INSTALADO","barrio":"El Centauro","polivalvula":"","longitud_m":127.314423}},{"type":"Feature","geometry":{"type":"LineString","coordinates":[[-70.77513622693523,7.068206019967871],[-70.77475899997738,7.068370999534722],[-70.77476083204424,7.067828516854195],[-70.77513242374476,7.067686343454315],[-70.77513622693523,7.068206019967871]]},"properties":{"tipo":"TPE3/4","estado":"INSTALADO","barrio":"Villa Estrella","polivalvula":"BA002","longitud_m":206.92572}},{"type":"Feature","geometry":{"type":"LineString","coordinates":[[-70.77514922779902,7.067624733590226],[-70.77476095979297,7.067790774808207],[-70.77476927885593,7.066956300277356],[-70.77515362066231,7.06693220269357],[-70.77514922779902,7.067624733590226]]},"properties":{"tipo":"TPE3/4","estado":"INSTALADO","barrio":"Villa Estrella","polivalvula":"BA002","longitud_m":258.088928}},{"type":"Feature","geometry":{"type":"LineString","coordinates":[[-70.77523434124625,7.068092801156034],[-70.77547964580396,7.068032828659508],[-70.77552641418734,7.067529474412377],[-70.77519334181306,7.067651905974366],[-70.77523434124625,7.068092801156034]]},"properties":{"tipo":"TPE3/4","estado":"INSTALADO","barrio":"Villa Estrella","polivalvula":"BA002","longitud_m":171.987534}},{"type":"Feature","geometry":{"type":"LineString","coordinates":[[-70.77519334152066,7.067563217392244],[-70.77553668883061,7.067418613781476],[-70.77555070448209,7.066894826439476],[-70.77523319400889,7.066920562735442],[-70.77519334152066,7.067563217392244]]},"properties":{"tipo":"TPE3/4","estado":"INSTALADO","barrio":"Villa Estrella","polivalvula":"BA002","longitud_m":205.517441}},{"type":"Feature","geometry":{"type":"LineString","coordinates":[[-70.766138312076,7.080950791110491],[-70.76613984207364,7.080953077998622],[-70.76646077762545,7.081432582703549]]},"properties":{"tipo":"TPE3/4","estado":"INSTALADO","barrio":"Los Guarataros","polivalvula":"","longitud_m":64.095238}},{"type":"Feature","geometry":{"type":"LineString","coordinates":[[-70.76432211554456,7.080374697258199],[-70.7644077051082,7.08106937265284]]},"properties":{"tipo":"TPE3/4","estado":"INSTALADO","barrio":"Los Guarataros","polivalvula":"","longitud_m":77.405807}},{"type":"Feature","geometry":{"type":"LineString","coordinates":[[-70.76944483221305,7.086272423492303],[-70.76983245709978,7.085837159685357],[-70.77008534784139,7.085531479542806],[-70.77025077307724,7.085288067439449],[-70.77034620275018,7.085046784587158],[-70.77047898914093,7.084591275378838]]},"properties":{"tipo":"TPE3","estado":"INSTALADO","barrio":"San Antonio Corocoras","polivalvula":"","longitud_m":221.98201}},{"type":"Feature","geometry":{"type":"LineString","coordinates":[[-70.7690118674816,7.085937140638267],[-70.76885188880769,7.085955864814668],[-70.76821873572841,7.08672444385092]]},"properties":{"tipo":"TPE3/4","estado":"INSTALADO","barrio":"San Antonio Corocoras","polivalvula":"","longitud_m":127.875046}},{"type":"Feature","geometry":{"type":"LineString","coordinates":[[-70.76874012787118,7.085994646685275],[-70.76879121058602,7.086029521048033]]},"properties":{"tipo":"TPE3/4","estado":"INSTALADO","barrio":"San Antonio Corocoras","polivalvula":"","longitud_m":6.835474}},{"type":"Feature","geometry":{"type":"LineString","coordinates":[[-70.76854479230641,7.086234936854689],[-70.76832144674378,7.086085666485728],[-70.76852566083556,7.085851311271499],[-70.76874012787118,7.085994646685275],[-70.76854479230641,7.086234936854689]]},"properties":{"tipo":"TPE3/4","estado":"INSTALADO","barrio":"San Antonio Corocoras","polivalvula":"","longitud_m":126.789536}},{"type":"Feature","geometry":{"type":"LineString","coordinates":[[-70.76828454497743,7.086145086168276],[-70.76832144674378,7.086085666485728]]},"properties":{"tipo":"TPE3/4","estado":"INSTALADO","barrio":"San Antonio Corocoras","polivalvula":"","longitud_m":7.733255}},{"type":"Feature","geometry":{"type":"LineString","coordinates":[[-70.76817197919837,7.086693045406283],[-70.76849598462312,7.08628245364872],[-70.76831344606762,7.086160181422907],[-70.76828454497743,7.086145086168276]]},"properties":{"tipo":"TPE3/4","estado":"INSTALADO","barrio":"San Antonio Corocoras","polivalvula":"","longitud_m":85.703743}},{"type":"Feature","geometry":{"type":"LineString","coordinates":[[-70.76794532806721,7.086555678499276],[-70.76828454497743,7.086145086168276]]},"properties":{"tipo":"TPE3/4","estado":"INSTALADO","barrio":"San Antonio Corocoras","polivalvula":"","longitud_m":58.875683}},{"type":"Feature","geometry":{"type":"LineString","coordinates":[[-70.76794532806721,7.086555678499276],[-70.76817197919837,7.086693045406283]]},"properties":{"tipo":"TPE3/4","estado":"INSTALADO","barrio":"San Antonio Corocoras","polivalvula":"","longitud_m":29.287729}},{"type":"Feature","geometry":{"type":"LineString","coordinates":[[-70.7678737973736,7.086511564686552],[-70.76851153883247,7.085737807098324]]},"properties":{"tipo":"TPE3/4","estado":"INSTALADO","barrio":"San Antonio Corocoras","polivalvula":"","longitud_m":110.844627}},{"type":"Feature","geometry":{"type":"LineString","coordinates":[[-70.76784341107611,7.086490768222603],[-70.7678737973736,7.086511564686552]]},"properties":{"tipo":"TPE3/4","estado":"INSTALADO","barrio":"San Antonio Corocoras","polivalvula":"","longitud_m":4.069269}},{"type":"Feature","geometry":{"type":"LineString","coordinates":[[-70.7667625516144,7.086693376800619],[-70.76684594362676,7.086727976384214],[-70.7672331813232,7.086203092109916]]},"properties":{"tipo":"TPE3/4","estado":"INSTALADO","barrio":"Las Corocoras","polivalvula":"","longitud_m":82.085518}},{"type":"Feature","geometry":{"type":"LineString","coordinates":[[-70.76772971780464,7.086215780257156],[-70.76762195686231,7.086350495756046],[-70.76784341107611,7.086490768222603]]},"properties":{"tipo":"TPE3/4","estado":"INSTALADO","barrio":"San Antonio Corocoras","polivalvula":"","longitud_m":48.040062}},{"type":"Feature","geometry":{"type":"LineString","coordinates":[[-70.76847350576155,7.085807941940073],[-70.76858156170545,7.085683670144067],[-70.76903600591402,7.085966707418188],[-70.76915769733705,7.086038410382164],[-70.76944483221305,7.086272423492303]]},"properties":{"tipo":"TPE2","estado":"INSTALADO","barrio":"San Antonio Corocoras","polivalvula":"","longitud_m":133.91629}},{"type":"Feature","geometry":{"type":"LineString","coordinates":[[-70.76788408496232,7.086532790830675],[-70.76847350576155,7.085807941940073]]},"properties":{"tipo":"TPE2","estado":"INSTALADO","barrio":"San Antonio Corocoras","polivalvula":"","longitud_m":103.27803}},{"type":"Feature","geometry":{"type":"LineString","coordinates":[[-70.76760989683208,7.086363346606875],[-70.76788408496232,7.086532790830675]]},"properties":{"tipo":"TPE2","estado":"INSTALADO","barrio":"San Antonio Corocoras","polivalvula":"","longitud_m":35.619167}},{"type":"Feature","geometry":{"type":"LineString","coordinates":[[-70.76684966091436,7.086747277599044],[-70.76715866902087,7.08632557209958],[-70.7672847345511,7.086150089584279],[-70.76760989683208,7.086363346606875]]},"properties":{"tipo":"TPE2","estado":"INSTALADO","barrio":"Veinte de Julio","polivalvula":"","longitud_m":124.657196}},{"type":"Feature","geometry":{"type":"LineString","coordinates":[[-70.76497207686174,7.086699148106348],[-70.76626301135003,7.086726537591495],[-70.76641328817053,7.086727543297884],[-70.76652281110174,7.086719618763163],[-70.76664716482783,7.086708297025019],[-70.7667612517753,7.086701503949898],[-70.7667974671548,7.086719873839995],[-70.76684966091436,7.086747277599044]]},"properties":{"tipo":"TPE2","estado":"INSTALADO","barrio":"Las Corocoras","polivalvula":"","longitud_m":208.806305}},{"type":"Feature","geometry":{"type":"LineString","coordinates":[[-70.76490927478827,7.085258137507615],[-70.76491009273529,7.085972052659234],[-70.76491582273407,7.086698455631616],[-70.76497207686174,7.086699148106348]]},"properties":{"tipo":"TPE1","estado":"INSTALADO","barrio":"Las Corocoras","polivalvula":"","longitud_m":165.506592}},{"type":"Feature","geometry":{"type":"LineString","coordinates":[[-70.76491622446571,7.084524770588192],[-70.76495437238414,7.085154239697288],[-70.76492090724051,7.085162542339144],[-70.76491406171488,7.085262925848256]]},"properties":{"tipo":"TPE1","estado":"INSTALADO","barrio":"LAS COROCORAS","polivalvula":"","longitud_m":84.679062}},{"type":"Feature","geometry":{"type":"LineString","coordinates":[[-70.76461618968702,7.083045055329513],[-70.76472997164714,7.083654735898183]]},"properties":{"tipo":"TPE1","estado":"INSTALADO","barrio":"LA ESPERANZA","polivalvula":"","longitud_m":68.588013}},{"type":"Feature","geometry":{"type":"LineString","coordinates":[[-70.76459717516522,7.082941274453056],[-70.76461618968702,7.083045055329513]]},"properties":{"tipo":"TPE1","estado":"INSTALADO","barrio":"La Esperanza","polivalvula":"","longitud_m":11.668073}},{"type":"Feature","geometry":{"type":"LineString","coordinates":[[-70.7644556805837,7.08184906263301],[-70.76451588916532,7.082336513864238],[-70.76459717516522,7.082941274453056]]},"properties":{"tipo":"TPE1","estado":"INSTALADO","barrio":"LA ESPERANZA","polivalvula":"","longitud_m":121.799774}},{"type":"Feature","geometry":{"type":"LineString","coordinates":[[-70.7671655954033,7.076023000357004],[-70.7671091059892,7.076051240332183]]},"properties":{"tipo":"TPE3/4","estado":"INSTALADO","barrio":"Villa Maria","polivalvula":"","longitud_m":6.978727}},{"type":"Feature","geometry":{"type":"LineString","coordinates":[[-70.76781257224916,7.076269585727113],[-70.76776827309027,7.076260302482799]]},"properties":{"tipo":"TPE3/4","estado":"INSTALADO","barrio":"Villa Maria","polivalvula":"","longitud_m":5.000641}},{"type":"Feature","geometry":{"type":"LineString","coordinates":[[-70.76708783911263,7.075973195694917],[-70.76715572344409,7.075909745806519],[-70.76677470363232,7.075468950896595]]},"properties":{"tipo":"TPE3/4","estado":"INSTALADO","barrio":"Villa Maria","polivalvula":"","longitud_m":74.678719}},{"type":"Feature","geometry":{"type":"LineString","coordinates":[[-70.76734076851884,7.076242380183838],[-70.76732342957185,7.076258454683478],[-70.7671091059892,7.076051240332183],[-70.7670576090184,7.076001451362451],[-70.76708783911263,7.075973195694917]]},"properties":{"tipo":"TPE3/4","estado":"INSTALADO","barrio":"Villa Maria","polivalvula":"","longitud_m":48.056446}},{"type":"Feature","geometry":{"type":"LineString","coordinates":[[-70.76832168471473,7.077100413804639],[-70.76819265971073,7.076969861077969],[-70.76770373555567,7.076475147130007],[-70.76741013606973,7.076178070431152],[-70.76734076851884,7.076242380183838]]},"properties":{"tipo":"TPE3/4","estado":"INSTALADO","barrio":"Villa Maria","polivalvula":"","longitud_m":153.796753}},{"type":"Feature","geometry":{"type":"LineString","coordinates":[[-70.76497861311711,7.086568794084998],[-70.76497528535747,7.086694273814912],[-70.76551562145674,7.086707229789928]]},"properties":{"tipo":"TPE3/4","estado":"INSTALADO","barrio":"VILLA CELESTE","polivalvula":"VILLA CELESTE","longitud_m":73.593567}},{"type":"Feature","geometry":{"type":"LineString","coordinates":[[-70.76499766354569,7.086514752730737],[-70.76499667733006,7.086569222168349]]},"properties":{"tipo":"TPE3/4","estado":"INSTALADO","barrio":"VILLA CELESTE","polivalvula":"VILLA CELESTE","longitud_m":6.024913}},{"type":"Feature","geometry":{"type":"LineString","coordinates":[[-70.76499652289803,7.086248878373921],[-70.76499766354569,7.086514752730737]]},"properties":{"tipo":"TPE3/4","estado":"INSTALADO","barrio":"VILLA CELESTE","polivalvula":"VILLA CELESTE","longitud_m":29.404062}},{"type":"Feature","geometry":{"type":"LineString","coordinates":[[-70.7654772649262,7.086541528672692],[-70.76546489387603,7.086498576335702],[-70.76546337290998,7.086415551810092],[-70.76552726121875,7.086409513818757],[-70.76554247292404,7.086343094732702],[-70.76552831319808,7.086286766001347]]},"properties":{"tipo":"TPE3/4","estado":"INSTALADO","barrio":"VILLA CELESTE","polivalvula":"VILLA CELESTE","longitud_m":35.174263}},{"type":"Feature","geometry":{"type":"LineString","coordinates":[[-70.76500980114297,7.085804944214251],[-70.76500437429878,7.086093062449872]]},"properties":{"tipo":"TPE3/4","estado":"INSTALADO","barrio":"VILLA CELESTE","polivalvula":"VILLA CELESTE","longitud_m":31.869444}},{"type":"Feature","geometry":{"type":"LineString","coordinates":[[-70.76502532187764,7.085246120684618],[-70.76501201119757,7.085723510907176]]},"properties":{"tipo":"TPE3/4","estado":"INSTALADO","barrio":"VILLA CELESTE","polivalvula":"VILLA CELESTE","longitud_m":52.816399}},{"type":"Feature","geometry":{"type":"LineString","coordinates":[[-70.76541262973015,7.084539874401228],[-70.76496116220369,7.084534464172232],[-70.76502355632498,7.085166176663698]]},"properties":{"tipo":"TPE3/4","estado":"INSTALADO","barrio":"LAS COROCORAS","polivalvula":"","longitud_m":120.082382}},{"type":"Feature","geometry":{"type":"LineString","coordinates":[[-70.76474895679677,7.083651739426999],[-70.76480161459025,7.084010744948407],[-70.76485312710876,7.084371551798775]]},"properties":{"tipo":"TPE3/4","estado":"INSTALADO","barrio":"LA ESPERANZA","polivalvula":"","longitud_m":80.433777}},{"type":"Feature","geometry":{"type":"LineString","coordinates":[[-70.77475961834396,7.076818071866308],[-70.77472382273548,7.076849283938484]]},"properties":{"tipo":"TPE3/4","estado":"INSTALADO","barrio":"Primero de Enero","polivalvula":"AA011","longitud_m":5.249223}},{"type":"Feature","geometry":{"type":"LineString","coordinates":[[-70.77493759279176,7.076925628721772],[-70.77479384456322,7.07678523931384],[-70.77475961834396,7.076818071866308]]},"properties":{"tipo":"TPE3/4","estado":"INSTALADO","barrio":"Primero de Enero","polivalvula":"AA011","longitud_m":27.451986}},{"type":"Feature","geometry":{"type":"LineString","coordinates":[[-70.77507273522063,7.077097516403119],[-70.77510050810855,7.077080735858663],[-70.77493759279176,7.076925628721772]]},"properties":{"tipo":"TPE3/4","estado":"INSTALADO","barrio":"Primero de Enero","polivalvula":"AA011","longitud_m":28.449528}},{"type":"Feature","geometry":{"type":"LineString","coordinates":[[-70.77449734585981,7.076905326578952],[-70.77439915635821,7.077005674401341]]},"properties":{"tipo":"TPE3/4","estado":"INSTALADO","barrio":"Primero de Enero","polivalvula":"AA011","longitud_m":15.518866}},{"type":"Feature","geometry":{"type":"LineString","coordinates":[[-70.77445645119474,7.065455225228645],[-70.77440416172246,7.066452975085753]]},"properties":{"tipo":"TPE3/4","estado":"INSTALADO","barrio":"Villa Luz","polivalvula":"BA003","longitud_m":110.494888}},{"type":"Feature","geometry":{"type":"LineString","coordinates":[[-70.77433956538808,7.066121939848785],[-70.77442268010157,7.066099628916994]]},"properties":{"tipo":"TPE3/4","estado":"INSTALADO","barrio":"Villa Luz","polivalvula":"BA003","longitud_m":9.508337}},{"type":"Feature","geometry":{"type":"LineString","coordinates":[[-70.77412132274647,7.065563727957706],[-70.77433956538808,7.066121939848785]]},"properties":{"tipo":"TPE3/4","estado":"INSTALADO","barrio":"Villa Luz","polivalvula":"BA003","longitud_m":66.275749}},{"type":"Feature","geometry":{"type":"LineString","coordinates":[[-70.77450732607605,7.064384504762756],[-70.77446070316472,7.065357059568037]]},"properties":{"tipo":"TPE3/4","estado":"INSTALADO","barrio":"Villa Luz","polivalvula":"BA003","longitud_m":107.680641}},{"type":"Feature","geometry":{"type":"LineString","coordinates":[[-70.7654994113697,7.08658112478247],[-70.76497861311711,7.086568794084998]]},"properties":{"tipo":"TPE3/4","estado":"INSTALADO","barrio":"VILLA CELESTE","polivalvula":"VILLA CELESTE","longitud_m":57.552055}},{"type":"Feature","geometry":{"type":"LineString","coordinates":[[-70.7654772649262,7.086541528672692],[-70.76499741441064,7.086528506625358]]},"properties":{"tipo":"TPE3/4","estado":"INSTALADO","barrio":"VILLA CELESTE","polivalvula":"VILLA CELESTE","longitud_m":53.0317}},{"type":"Feature","geometry":{"type":"LineString","coordinates":[[-70.76552831319808,7.086286766001347],[-70.76499658241063,7.086262655985843]]},"properties":{"tipo":"TPE3/4","estado":"INSTALADO","barrio":"VILLA CELESTE","polivalvula":"VILLA CELESTE","longitud_m":58.804203}},{"type":"Feature","geometry":{"type":"LineString","coordinates":[[-70.76554716251509,7.08610496568817],[-70.76500437429878,7.086093062449872]]},"properties":{"tipo":"TPE3/4","estado":"INSTALADO","barrio":"VILLA CELESTE","polivalvula":"VILLA CELESTE","longitud_m":59.979774}},{"type":"Feature","geometry":{"type":"LineString","coordinates":[[-70.76552699189844,7.08581928520946],[-70.76500980114297,7.085804944214251]]},"properties":{"tipo":"TPE3/4","estado":"INSTALADO","barrio":"VILLA CELESTE","polivalvula":"VILLA CELESTE","longitud_m":57.159454}},{"type":"Feature","geometry":{"type":"LineString","coordinates":[[-70.76558593675422,7.085750318439517],[-70.76501201119757,7.085723510907176]]},"properties":{"tipo":"TPE3/4","estado":"INSTALADO","barrio":"VILLA CELESTE","polivalvula":"VILLA CELESTE","longitud_m":63.474598}},{"type":"Feature","geometry":{"type":"LineString","coordinates":[[-70.76558593675422,7.085750318439517],[-70.76562472607729,7.085274815188823],[-70.76502532187764,7.085246120684618]]},"properties":{"tipo":"TPE3/4","estado":"INSTALADO","barrio":"VILLA CELESTE","polivalvula":"VILLA CELESTE","longitud_m":119.057724}},{"type":"Feature","geometry":{"type":"LineString","coordinates":[[-70.76490768676561,7.08668813574493],[-70.76497549247422,7.086686460605295]]},"properties":{"tipo":"TPE3/4","estado":"INSTALADO","barrio":"VILLA CELESTE","polivalvula":"VILLA CELESTE","longitud_m":7.493217}},{"type":"Feature","geometry":{"type":"LineString","coordinates":[[-70.76490171342508,7.085970933932992],[-70.76490779811655,7.086701547183012]]},"properties":{"tipo":"TPE3/4","estado":"INSTALADO","barrio":"LAS COROCORAS","polivalvula":"","longitud_m":80.803368}},{"type":"Feature","geometry":{"type":"LineString","coordinates":[[-70.76491258505736,7.086706335524029],[-70.76420372937213,7.086701806555802],[-70.7641809117073,7.086691239857548],[-70.76453077685082,7.086037613708976],[-70.76459770682257,7.086014970116778],[-70.76480914683212,7.085972703633149],[-70.76490650035862,7.08597572227389]]},"properties":{"tipo":"TPE3/4","estado":"INSTALADO","barrio":"LAS COROCORAS","polivalvula":"","longitud_m":205.452576}},{"type":"Feature","geometry":{"type":"LineString","coordinates":[[-70.76569448504702,7.085170600183521],[-70.76543208623916,7.085188714680406],[-70.76517425197092,7.085178902602395],[-70.76501876939815,7.085161388324145]]},"properties":{"tipo":"TPE3/4","estado":"INSTALADO","barrio":"LAS COROCORAS","polivalvula":"","longitud_m":74.849495}},{"type":"Feature","geometry":{"type":"LineString","coordinates":[[-70.76569448504702,7.085170600183521],[-70.76569077711243,7.08498794651452]]},"properties":{"tipo":"TPE3/4","estado":"INSTALADO","barrio":"LAS COROCORAS","polivalvula":"","longitud_m":20.204332}},{"type":"Feature","geometry":{"type":"LineString","coordinates":[[-70.76494327419414,7.085164871268622],[-70.76502355632498,7.085166176663698]]},"properties":{"tipo":"TPE3/4","estado":"INSTALADO","barrio":"LAS COROCORAS","polivalvula":"","longitud_m":8.87048}},{"type":"Feature","geometry":{"type":"LineString","coordinates":[[-70.76422750477819,7.085171951568292],[-70.76465585819007,7.085167086821796],[-70.76494327419414,7.085164871268622]]},"properties":{"tipo":"TPE3/4","estado":"INSTALADO","barrio":"LAS COROCORAS","polivalvula":"","longitud_m":79.079849}},{"type":"Feature","geometry":{"type":"LineString","coordinates":[[-70.76490441671268,7.08451379358006],[-70.76494327419414,7.085164871268622]]},"properties":{"tipo":"TPE3/4","estado":"INSTALADO","barrio":"LAS COROCORAS","polivalvula":"","longitud_m":72.132362}},{"type":"Feature","geometry":{"type":"LineString","coordinates":[[-70.76422750477819,7.085171951568292],[-70.76421381514044,7.084522851164352],[-70.76490441671268,7.08451379358006]]},"properties":{"tipo":"TPE3/4","estado":"INSTALADO","barrio":"LAS COROCORAS","polivalvula":"","longitud_m":148.103836}},{"type":"Feature","geometry":{"type":"LineString","coordinates":[[-70.76335892815511,7.084524360482078],[-70.76411950317657,7.084521341773102],[-70.76412254564603,7.084554551234597]]},"properties":{"tipo":"TPE3/4","estado":"INSTALADO","barrio":"LAS COROCORAS","polivalvula":"","longitud_m":87.714684}},{"type":"Feature","geometry":{"type":"LineString","coordinates":[[-70.76335892815511,7.084524360482078],[-70.763365012861,7.085165912734751],[-70.76412102506623,7.085174970436151],[-70.76412254564603,7.084554551234597]]},"properties":{"tipo":"TPE3/4","estado":"INSTALADO","barrio":"LAS COROCORAS","polivalvula":"","longitud_m":223.096115}},{"type":"Feature","geometry":{"type":"LineString","coordinates":[[-70.76412109383152,7.085146865575002],[-70.7642269741489,7.085146775065533]]},"properties":{"tipo":"TPE3/4","estado":"INSTALADO","barrio":"LAS COROCORAS","polivalvula":"","longitud_m":11.697313}},{"type":"Feature","geometry":{"type":"LineString","coordinates":[[-70.7637991115888,7.085254409559669],[-70.76338840096638,7.085256296086732],[-70.76339222018952,7.085166238548653]]},"properties":{"tipo":"TPE3/4","estado":"INSTALADO","barrio":"LAS COROCORAS","polivalvula":"","longitud_m":55.343082}},{"type":"Feature","geometry":{"type":"LineString","coordinates":[[-70.76334869592286,7.086007369727005],[-70.76334940403703,7.085255639501452],[-70.76338840096638,7.085256296086732]]},"properties":{"tipo":"TPE3/4","estado":"INSTALADO","barrio":"LAS COROCORAS","polivalvula":"","longitud_m":87.44487}},{"type":"Feature","geometry":{"type":"LineString","coordinates":[[-70.7658563210368,7.085666539468148],[-70.76588484271163,7.085594081874951],[-70.76585175721655,7.085574835115939],[-70.76587571614512,7.085518227218948],[-70.76573995265565,7.085469545329708],[-70.7656749239162,7.085735600489764],[-70.76558835173783,7.085720709625639]]},"properties":{"tipo":"TPE3/4","estado":"INSTALADO","barrio":"VILLA CELESTE","polivalvula":"VILLA CELESTE","longitud_m":75.566086}},{"type":"Feature","geometry":{"type":"LineString","coordinates":[[-70.76327393394068,7.085139150540631],[-70.76327203288496,7.084525901335604],[-70.76255709236402,7.084520241042569],[-70.76253997936871,7.085165567122957],[-70.76327203234366,7.085175001501066],[-70.76327393394068,7.085139150540631]]},"properties":{"tipo":"TPE3/4","estado":"INSTALADO","barrio":"LAS COROCORAS","polivalvula":"","longitud_m":303.053589}},{"type":"Feature","geometry":{"type":"LineString","coordinates":[[-70.7632625257711,7.085965619810819],[-70.76325872232303,7.085250478436841],[-70.76251716156341,7.085235383517126],[-70.7624995671136,7.086001706267221],[-70.76326252576952,7.085997696944796],[-70.7632625257711,7.085965619810819]]},"properties":{"tipo":"TPE3/4","estado":"INSTALADO","barrio":"LAS COROCORAS","polivalvula":"","longitud_m":333.642578}},{"type":"Feature","geometry":{"type":"LineString","coordinates":[[-70.7632237359576,7.086073362815583],[-70.76249073151784,7.086062041457029],[-70.7624536540357,7.086679061882486],[-70.76325225742174,7.086684722977039],[-70.76325225775965,7.086076193308171],[-70.7632237359576,7.086073362815583]]},"properties":{"tipo":"TPE3/4","estado":"INSTALADO","barrio":"LAS COROCORAS","polivalvula":"","longitud_m":308.044861}},{"type":"Feature","geometry":{"type":"LineString","coordinates":[[-70.76762195686231,7.086350495756046],[-70.76728166756091,7.086132898347152],[-70.7672331813232,7.086203092109916]]},"properties":{"tipo":"TPE3/4","estado":"INSTALADO","barrio":"Las Corocoras","polivalvula":"","longitud_m":54.068119}},{"type":"Feature","geometry":{"type":"LineString","coordinates":[[-70.76323033145495,7.085173346630533],[-70.76322749534695,7.08524984246401]]},"properties":{"tipo":"TPE3/4","estado":"INSTALADO","barrio":"LAS COROCORAS","polivalvula":"","longitud_m":8.465691}},{"type":"Feature","geometry":{"type":"LineString","coordinates":[[-70.7646275376273,7.08303446733361],[-70.76474895679677,7.083651739426999]]},"properties":{"tipo":"TPE3/4","estado":"INSTALADO","barrio":"LA ESPERANZA","polivalvula":"","longitud_m":69.571274}},{"type":"Feature","geometry":{"type":"LineString","coordinates":[[-70.76448204604218,7.081862632797598],[-70.76455094157328,7.082476184011143],[-70.76461026654306,7.082942632353282],[-70.7646275376273,7.08303446733361]]},"properties":{"tipo":"TPE3/4","estado":"INSTALADO","barrio":"LA ESPERANZA","polivalvula":"","longitud_m":130.61438}},{"type":"Feature","geometry":{"type":"LineString","coordinates":[[-70.76342260291268,7.082012454781226],[-70.76372379107514,7.081968300704321],[-70.76399759779497,7.081925845088397],[-70.76414419864216,7.081903201868265],[-70.764288517747,7.081885653239122],[-70.76448204604218,7.081862632797598]]},"properties":{"tipo":"TPE3/4","estado":"INSTALADO","barrio":"LA ESPERANZA","polivalvula":"","longitud_m":118.224411}},{"type":"Feature","geometry":{"type":"LineString","coordinates":[[-70.77443539861498,7.06439222165406],[-70.77438450961112,7.065334299658732]]},"properties":{"tipo":"TPE3/4","estado":"INSTALADO","barrio":"Villa Luz","polivalvula":"BA003","longitud_m":104.338455}},{"type":"Feature","geometry":{"type":"LineString","coordinates":[[-70.7751576794473,7.066931948527609],[-70.77515186766333,7.067626764371607],[-70.77511222219887,7.067644313972294],[-70.775115930063,7.067689601508861],[-70.77513549393157,7.067680822471967],[-70.7751404967374,7.068165217111895],[-70.77514201825437,7.068201446564822],[-70.77476283167235,7.068370612304952],[-70.77476299331937,7.068430982634594]]},"properties":{"tipo":"TPE1","estado":"INSTALADO","barrio":"Villa Estrella","polivalvula":"BT001","longitud_m":199.170151}},{"type":"Feature","geometry":{"type":"LineString","coordinates":[[-70.77515494760647,7.066827718251021],[-70.7751576794473,7.066931948527609]]},"properties":{"tipo":"TPE1","estado":"INSTALADO","barrio":"Villa Luz","polivalvula":"","longitud_m":11.531049}},{"type":"Feature","geometry":{"type":"LineString","coordinates":[[-70.77414799008946,7.066366988072764],[-70.77426393375063,7.066506174082615],[-70.77440322068233,7.066617852604543],[-70.77458679852278,7.066782430498391],[-70.77476477257315,7.066845833350825],[-70.77515494760647,7.066827718251021]]},"properties":{"tipo":"TPE1","estado":"INSTALADO","barrio":"Villa Luz","polivalvula":"","longitud_m":131.037994}},{"type":"Feature","geometry":{"type":"LineString","coordinates":[[-70.7738000799443,7.064450105184951],[-70.77402553681539,7.065342348808899]]},"properties":{"tipo":"TPE3/4","estado":"INSTALADO","barrio":"Villa Luz","polivalvula":"BA003","longitud_m":101.770889}},{"type":"Feature","geometry":{"type":"LineString","coordinates":[[-70.77443539861498,7.06439222165406],[-70.77450732607605,7.064384504762756]]},"properties":{"tipo":"TPE3/4","estado":"INSTALADO","barrio":"Villa Luz","polivalvula":"B002","longitud_m":7.992352}},{"type":"Feature","geometry":{"type":"LineString","coordinates":[[-70.76485312710876,7.084371551798775],[-70.76485478616695,7.084433522604785],[-70.76455639363918,7.08443576600092],[-70.7642181847452,7.084439183185714]]},"properties":{"tipo":"TPE3/4","estado":"INSTALADO","barrio":"LA ESPERANZA","polivalvula":"","longitud_m":77.18856}},{"type":"Feature","geometry":{"type":"LineString","coordinates":[[-70.76690429708934,7.082258640265635],[-70.76673191920193,7.081953765541946]]},"properties":{"tipo":"TPE3/4","estado":"INSTALADO","barrio":"Los Almendros","polivalvula":"","longitud_m":38.723389}},{"type":"Feature","geometry":{"type":"LineString","coordinates":[[-70.76631874884325,7.082342608890981],[-70.76647570708984,7.082319259341693]]},"properties":{"tipo":"TPE3/4","estado":"INSTALADO","barrio":"Los Almendros","polivalvula":"","longitud_m":17.531553}},{"type":"Feature","geometry":{"type":"LineString","coordinates":[[-70.76393579646128,7.082466603691294],[-70.76399055773457,7.082277910368437],[-70.7640285862178,7.082123936782533],[-70.76403771338535,7.082010721247351],[-70.76402654699157,7.081921373344736]]},"properties":{"tipo":"TPE3/4","estado":"INSTALADO","barrio":"LA ESPERANZA","polivalvula":"","longitud_m":61.785686}},{"type":"Feature","geometry":{"type":"LineString","coordinates":[[-70.76314995617236,7.080469913110523],[-70.76315192029561,7.080371079769376]]},"properties":{"tipo":"TPE1","estado":"INSTALADO","barrio":"Los Guarataros","polivalvula":"","longitud_m":10.932409}},{"type":"Feature","geometry":{"type":"LineString","coordinates":[[-70.76534788452085,7.078908046186442],[-70.76478523444439,7.078252632739508],[-70.76476419920814,7.078266581547045]]},"properties":{"tipo":"TPE3/4","estado":"INSTALADO","barrio":"Flor Amarillo","polivalvula":"","longitud_m":98.276878}},{"type":"Feature","geometry":{"type":"LineString","coordinates":[[-70.76606741199691,7.079703465608429],[-70.76549483431545,7.079070496248894]]},"properties":{"tipo":"TPE3/4","estado":"INSTALADO","barrio":"Matagea","polivalvula":"","longitud_m":94.34903}},{"type":"Feature","geometry":{"type":"LineString","coordinates":[[-70.76422630536483,7.080274075547107],[-70.76446493662483,7.080247658458759],[-70.76491842915037,7.080199541527052]]},"properties":{"tipo":"TPE3/4","estado":"INSTALADO","barrio":"Los Guarataros","polivalvula":"","longitud_m":76.907562}},{"type":"Feature","geometry":{"type":"LineString","coordinates":[[-70.76316995550481,7.080514271291387],[-70.7631541507501,7.080515267913156]]},"properties":{"tipo":"TPE3/4","estado":"INSTALADO","barrio":"Los Guarataros","polivalvula":"","longitud_m":1.74955}},{"type":"Feature","geometry":{"type":"LineString","coordinates":[[-70.76329988884683,7.081891237422404],[-70.76327259556693,7.081896486962581]]},"properties":{"tipo":"TPE3/4","estado":"INSTALADO","barrio":"Los Guarataros","polivalvula":"","longitud_m":3.070675}},{"type":"Feature","geometry":{"type":"LineString","coordinates":[[-70.7707622127223,7.075933877754854],[-70.77073044089074,7.076032778382762]]},"properties":{"tipo":"TPE1","estado":"INSTALADO","barrio":"Urb Laureles","polivalvula":"","longitud_m":11.48712}},{"type":"Feature","geometry":{"type":"LineString","coordinates":[[-70.77076649238654,7.075922741500176],[-70.7707622127223,7.075933877754854]]},"properties":{"tipo":"TPE3/4","estado":"INSTALADO","barrio":"Pedro Nel Jimenez","polivalvula":"","longitud_m":1.319228}},{"type":"Feature","geometry":{"type":"LineString","coordinates":[[-70.76860081602632,7.077969856279092],[-70.76865579784325,7.077924926869244]]},"properties":{"tipo":"TPE1","estado":"INSTALADO","barrio":"Villa Maria","polivalvula":"","longitud_m":7.847724}},{"type":"Feature","geometry":{"type":"LineString","coordinates":[[-70.76857642988595,7.077986739943264],[-70.76860081602632,7.077969856279092]]},"properties":{"tipo":"TPE3/4","estado":"INSTALADO","barrio":"Altos de la Sabana","polivalvula":"","longitud_m":3.277937}},{"type":"Feature","geometry":{"type":"LineString","coordinates":[[-70.77155507330656,7.076233636274382],[-70.77128054587065,7.076466325650588],[-70.7706467612676,7.076314052898608]]},"properties":{"tipo":"TPE3/4","estado":"INSTALADO","barrio":"Urb Laureles","polivalvula":"","longitud_m":111.791977}},{"type":"Feature","geometry":{"type":"LineString","coordinates":[[-70.7706467612676,7.076314052898608],[-70.77063949230703,7.076310839034289]]},"properties":{"tipo":"TPE3/4","estado":"INSTALADO","barrio":"Urb Laureles","polivalvula":"","longitud_m":0.878205}},{"type":"Feature","geometry":{"type":"LineString","coordinates":[[-70.77083203602498,7.076579826385525],[-70.77095852450357,7.076455301075685],[-70.77124463969756,7.07654276188978],[-70.77148594413296,7.07682458661255]]},"properties":{"tipo":"TPE3/4","estado":"INSTALADO","barrio":"Urb Laureles","polivalvula":"","longitud_m":93.690025}},{"type":"Feature","geometry":{"type":"LineString","coordinates":[[-70.77138308272599,7.076496046947819],[-70.77164778065014,7.076258525235318]]},"properties":{"tipo":"TPE3/4","estado":"INSTALADO","barrio":"Urb Laureles","polivalvula":"","longitud_m":39.30901}},{"type":"Feature","geometry":{"type":"LineString","coordinates":[[-70.77445645119474,7.065455225228645],[-70.77446070316472,7.065357059568037]]},"properties":{"tipo":"TPE3/4","estado":"INSTALADO","barrio":"Villa Luz","polivalvula":"BA003","longitud_m":10.866555}},{"type":"Feature","geometry":{"type":"LineString","coordinates":[[-70.77402553681539,7.065342348808899],[-70.77398422529704,7.065405489803023],[-70.77402035252274,7.065537580031011],[-70.77412132274647,7.065563727957706]]},"properties":{"tipo":"TPE3/4","estado":"INSTALADO","barrio":"Villa Luz","polivalvula":"BA003","longitud_m":35.009933}},{"type":"Feature","geometry":{"type":"LineString","coordinates":[[-70.77412845895971,7.065317748671615],[-70.77438450961112,7.065334299658732]]},"properties":{"tipo":"TPE3/4","estado":"INSTALADO","barrio":"Villa Luz","polivalvula":"BA003","longitud_m":28.347971}},{"type":"Feature","geometry":{"type":"LineString","coordinates":[[-70.77388659575722,7.064437650737267],[-70.77412845895971,7.065317748671615]]},"properties":{"tipo":"TPE3/4","estado":"INSTALADO","barrio":"Villa Luz","polivalvula":"BA003","longitud_m":100.933716}},{"type":"Feature","geometry":{"type":"LineString","coordinates":[[-70.77388659575722,7.064437650737267],[-70.7738000799443,7.064450105184951]]},"properties":{"tipo":"TPE3/4","estado":"INSTALADO","barrio":"Villa Luz","polivalvula":"B002","longitud_m":9.657129}},{"type":"Feature","geometry":{"type":"LineString","coordinates":[[-70.76842439152946,7.076466394957731],[-70.76781257224916,7.076269585727113]]},"properties":{"tipo":"TPE3/4","estado":"INSTALADO","barrio":"Villa Maria","polivalvula":"","longitud_m":71.011002}},{"type":"Feature","geometry":{"type":"LineString","coordinates":[[-70.76843889647934,7.076594456438446],[-70.76842439152946,7.076466394957731]]},"properties":{"tipo":"TPE3/4","estado":"INSTALADO","barrio":"Villa Maria","polivalvula":"","longitud_m":14.253039}},{"type":"Feature","geometry":{"type":"LineString","coordinates":[[-70.7683808729265,7.07703609443579],[-70.76818791599132,7.076832275613917]]},"properties":{"tipo":"TPE3/4","estado":"INSTALADO","barrio":"Villa Maria","polivalvula":"","longitud_m":31.0247}},{"type":"Feature","geometry":{"type":"LineString","coordinates":[[-70.77440416172246,7.066452975085753],[-70.77440699966141,7.066614999535726]]},"properties":{"tipo":"TPE3/4","estado":"INSTALADO","barrio":"Villa Luz","polivalvula":"B002","longitud_m":17.921452}},{"type":"Feature","geometry":{"type":"LineString","coordinates":[[-70.7683808729265,7.07703609443579],[-70.76883721777061,7.076564357034714]]},"properties":{"tipo":"TPE3/4","estado":"INSTALADO","barrio":"Villa Maria","polivalvula":"","longitud_m":72.550629}},{"type":"Feature","geometry":{"type":"LineString","coordinates":[[-70.76444057958496,7.079330810779076],[-70.7644534873662,7.079378791863526],[-70.7647065688422,7.079321683423086]]},"properties":{"tipo":"TPE3/4","estado":"INSTALADO","barrio":"Los Guarataros","polivalvula":"","longitud_m":34.159046}},{"type":"Feature","geometry":{"type":"LineString","coordinates":[[-70.76413482815597,7.07902399359426],[-70.76443031211998,7.078924363137259],[-70.76467559724497,7.079273069908366],[-70.76444057958496,7.079330810779076]]},"properties":{"tipo":"TPE3/4","estado":"INSTALADO","barrio":"Los Guarataros","polivalvula":"","longitud_m":108.325287}},{"type":"Feature","geometry":{"type":"LineString","coordinates":[[-70.77314715667454,7.074957598515576],[-70.77291567362111,7.075247885993134]]},"properties":{"tipo":"TPE3/4","estado":"INSTALADO","barrio":"Pedro Nel Jimenez","polivalvula":"","longitud_m":41.044804}},{"type":"Feature","geometry":{"type":"LineString","coordinates":[[-70.76832168471473,7.077100413804639],[-70.7683808729265,7.07703609443579]]},"properties":{"tipo":"TPE3/4","estado":"INSTALADO","barrio":"Villa Maria","polivalvula":"","longitud_m":9.662158}},{"type":"Feature","geometry":{"type":"LineString","coordinates":[[-70.76808286444843,7.077330339013031],[-70.76832168471473,7.077100413804639]]},"properties":{"tipo":"TPE3/4","estado":"INSTALADO","barrio":"Villa Maria","polivalvula":"","longitud_m":36.643265}},{"type":"Feature","geometry":{"type":"LineString","coordinates":[[-70.76786524577302,7.076010092792377],[-70.76851795018068,7.076201824762999],[-70.76842439152946,7.076466394957731]]},"properties":{"tipo":"TPE3/4","estado":"INSTALADO","barrio":"Villa Maria","polivalvula":"","longitud_m":106.194534}},{"type":"Feature","geometry":{"type":"LineString","coordinates":[[-70.77056086827947,7.076388691096498],[-70.77055254337957,7.076394502448606]]},"properties":{"tipo":"TPE3/4","estado":"INSTALADO","barrio":"Urb Laureles","polivalvula":"","longitud_m":1.122028}},{"type":"Feature","geometry":{"type":"LineString","coordinates":[[-70.77032039060838,7.077369682390395],[-70.77092958141522,7.076847522278591]]},"properties":{"tipo":"TPE3/4","estado":"INSTALADO","barrio":"Urb Laureles","polivalvula":"a","longitud_m":88.681213}},{"type":"Feature","geometry":{"type":"LineString","coordinates":[[-70.77054313949226,7.077564782552352],[-70.77111509224511,7.07707568482835]]},"properties":{"tipo":"TPE3/4","estado":"INSTALADO","barrio":"Urb Laureles","polivalvula":"a","longitud_m":83.178017}},{"type":"Feature","geometry":{"type":"LineString","coordinates":[[-70.77092958141522,7.076847522278591],[-70.77111509224511,7.07707568482835]]},"properties":{"tipo":"TPE3/4","estado":"INSTALADO","barrio":"Urb Laureles","polivalvula":"a","longitud_m":32.507751}},{"type":"Feature","geometry":{"type":"LineString","coordinates":[[-70.7686532541251,7.075779517746698],[-70.76855630681256,7.076058982737103]]},"properties":{"tipo":"TPE3/4","estado":"INSTALADO","barrio":"Villa Maria","polivalvula":"","longitud_m":32.710052}},{"type":"Feature","geometry":{"type":"LineString","coordinates":[[-70.76800382204583,7.075571945342665],[-70.7686532541251,7.075779517746698]]},"properties":{"tipo":"TPE3/4","estado":"INSTALADO","barrio":"Villa Maria","polivalvula":"","longitud_m":75.33149}},{"type":"Feature","geometry":{"type":"LineString","coordinates":[[-70.76723333056022,7.075807470712858],[-70.76786524577302,7.076010092792377]]},"properties":{"tipo":"TPE3/4","estado":"INSTALADO","barrio":"Villa Maria","polivalvula":"","longitud_m":73.321457}},{"type":"Feature","geometry":{"type":"LineString","coordinates":[[-70.76855630681256,7.076058982737103],[-70.76794803701193,7.075879957519521]]},"properties":{"tipo":"TPE3/4","estado":"INSTALADO","barrio":"Villa Maria","polivalvula":"","longitud_m":70.056862}},{"type":"Feature","geometry":{"type":"LineString","coordinates":[[-70.7684624708296,7.080068059135907],[-70.76815508783146,7.079782913888114],[-70.76762454976277,7.080289468560312],[-70.76799186494668,7.080603477800484],[-70.7684624708296,7.080068059135907]]},"properties":{"tipo":"TPE3/4","estado":"INSTALADO","barrio":"Villa San Juan","polivalvula":"","longitud_m":259.632477}},{"type":"Feature","geometry":{"type":"LineString","coordinates":[[-70.76944266222318,7.080996668093951],[-70.76917170708103,7.080767405705334],[-70.76869007937161,7.081233003038219],[-70.76897205662667,7.081500479869399],[-70.76944266222318,7.080996668093951]]},"properties":{"tipo":"TPE3/4","estado":"INSTALADO","barrio":"Oiti","polivalvula":"","longitud_m":232.440628}},{"type":"Feature","geometry":{"type":"LineString","coordinates":[[-70.7688777917598,7.080383145759011],[-70.76893673691393,7.080420884442775]]},"properties":{"tipo":"TPE3/4","estado":"INSTALADO","barrio":"Bulevar de la Ceiba","polivalvula":"","longitud_m":7.73479}},{"type":"Feature","geometry":{"type":"LineString","coordinates":[[-70.76783470483758,7.079597609951679],[-70.76790297249428,7.079531460240638],[-70.76742381076366,7.079055950814941]]},"properties":{"tipo":"TPE3/4","estado":"INSTALADO","barrio":"Villa San Juan","polivalvula":"","longitud_m":85.124916}},{"type":"Feature","geometry":{"type":"LineString","coordinates":[[-70.76749482241065,7.078989070572474],[-70.76742381076366,7.079055950814941]]},"properties":{"tipo":"TPE3/4","estado":"INSTALADO","barrio":"Villa San Juan","polivalvula":"","longitud_m":10.782183}},{"type":"Feature","geometry":{"type":"LineString","coordinates":[[-70.76774610372291,7.079678642215015],[-70.76728975905175,7.079208793782197],[-70.76710483792813,7.079031770961469]]},"properties":{"tipo":"TPE3/4","estado":"INSTALADO","barrio":"Villa San Juan","polivalvula":"","longitud_m":100.696121}},{"type":"Feature","geometry":{"type":"LineString","coordinates":[[-70.76736435927765,7.079417675505203],[-70.76743117137556,7.079354390363365]]},"properties":{"tipo":"TPE3/4","estado":"INSTALADO","barrio":"Villa San Juan","polivalvula":"","longitud_m":10.171895}},{"type":"Feature","geometry":{"type":"LineString","coordinates":[[-70.76764218467085,7.078845190878696],[-70.76772660794632,7.078760680028907],[-70.76797947351179,7.078998022116343],[-70.76816819480744,7.078799985353144]]},"properties":{"tipo":"TPE3/4","estado":"INSTALADO","barrio":"Altos de la Sabana","polivalvula":"","longitud_m":81.775406}},{"type":"Feature","geometry":{"type":"LineString","coordinates":[[-70.76887271662899,7.075751318723986],[-70.7687693166923,7.076177808186037]]},"properties":{"tipo":"TPE3/4","estado":"INSTALADO","barrio":"Villa Maria","polivalvula":"","longitud_m":48.530273}},{"type":"Feature","geometry":{"type":"LineString","coordinates":[[-70.76887019614597,7.079551668210549],[-70.7689898283529,7.079404198027285]]},"properties":{"tipo":"TPE3/4","estado":"INSTALADO","barrio":"Altos de la Sabana","polivalvula":"","longitud_m":20.992134}},{"type":"Feature","geometry":{"type":"LineString","coordinates":[[-70.76864275112095,7.079819298966242],[-70.76871047474475,7.079731304657148]]},"properties":{"tipo":"TPE3/4","estado":"INSTALADO","barrio":"Altos de la Sabana","polivalvula":"","longitud_m":12.275281}},{"type":"Feature","geometry":{"type":"LineString","coordinates":[[-70.7690543013876,7.078506704173071],[-70.76919334530021,7.078675465657639]]},"properties":{"tipo":"TPE3/4","estado":"INSTALADO","barrio":"Altos de la Sabana","polivalvula":"","longitud_m":24.172453}},{"type":"Feature","geometry":{"type":"LineString","coordinates":[[-70.76791340184369,7.078550908038738],[-70.76772660794632,7.078760680028907]]},"properties":{"tipo":"TPE3/4","estado":"INSTALADO","barrio":"Altos de la Sabana","polivalvula":"","longitud_m":31.049593}},{"type":"Feature","geometry":{"type":"LineString","coordinates":[[-70.76840351979168,7.077987032047927],[-70.76845712114186,7.078037523046915]]},"properties":{"tipo":"TPE3/4","estado":"INSTALADO","barrio":"Altos de la Sabana","polivalvula":"","longitud_m":8.139284}},{"type":"Feature","geometry":{"type":"LineString","coordinates":[[-70.76761679990118,7.078156857409666],[-70.76793263203811,7.078421654629713],[-70.76815157927538,7.078194596264955],[-70.7678901320003,7.077920988494986],[-70.76794955167533,7.077857304105772],[-70.76824902808036,7.078121477175681],[-70.76840351979168,7.077987032047927],[-70.76848433147256,7.07790211898195],[-70.76821812956196,7.077621435435907]]},"properties":{"tipo":"TPE3/4","estado":"INSTALADO","barrio":"Altos de la Sabana","polivalvula":"","longitud_m":254.372482}},{"type":"Feature","geometry":{"type":"LineString","coordinates":[[-70.76761679990118,7.078156857409666],[-70.76749026844578,7.078023710138427],[-70.76768810417418,7.077812488881638],[-70.76788002534633,7.077634008973837]]},"properties":{"tipo":"TPE3/4","estado":"INSTALADO","barrio":"Altos de la Sabana","polivalvula":"","longitud_m":81.262695}},{"type":"Feature","geometry":{"type":"LineString","coordinates":[[-70.76912069259507,7.076854470919796],[-70.76928084811597,7.07680591192515]]},"properties":{"tipo":"TPE3/4","estado":"INSTALADO","barrio":"Villa Maria","polivalvula":"","longitud_m":18.490784}},{"type":"Feature","geometry":{"type":"LineString","coordinates":[[-70.76824262558587,7.078286472042946],[-70.76815157927538,7.078194596264955]]},"properties":{"tipo":"TPE3/4","estado":"INSTALADO","barrio":"Altos de la Sabana","polivalvula":"","longitud_m":14.297483}},{"type":"Feature","geometry":{"type":"LineString","coordinates":[[-70.76803429098594,7.079535502640219],[-70.76796952298564,7.079466761551559]]},"properties":{"tipo":"TPE3/4","estado":"INSTALADO","barrio":"Altos de la Sabana","polivalvula":"","longitud_m":10.440056}},{"type":"Feature","geometry":{"type":"LineString","coordinates":[[-70.76901969149007,7.079804536257655],[-70.76878391334755,7.080023421452548],[-70.76868194404942,7.07993971536888],[-70.76889680721166,7.079664222209302]]},"properties":{"tipo":"TPE3/4","estado":"INSTALADO","barrio":"Bulevar de la Ceiba","polivalvula":"","longitud_m":88.763901}},{"type":"Feature","geometry":{"type":"LineString","coordinates":[[-70.7684624708296,7.080068059135907],[-70.76850128367434,7.080001954878316]]},"properties":{"tipo":"TPE3/4","estado":"INSTALADO","barrio":"Villa San Juan","polivalvula":"","longitud_m":8.475389}},{"type":"Feature","geometry":{"type":"LineString","coordinates":[[-70.76812088732527,7.079735374460547],[-70.76815508783146,7.079782913888114]]},"properties":{"tipo":"TPE3/4","estado":"INSTALADO","barrio":"Villa San Juan","polivalvula":"","longitud_m":6.474395}},{"type":"Feature","geometry":{"type":"LineString","coordinates":[[-70.766856055481,7.08086808006923],[-70.76693671517948,7.080832947156781]]},"properties":{"tipo":"TPE3/4","estado":"INSTALADO","barrio":"Villa San Juan","polivalvula":"","longitud_m":9.721335}},{"type":"Feature","geometry":{"type":"LineString","coordinates":[[-70.7666819111367,7.080563346115359],[-70.76674209125993,7.0805151345001]]},"properties":{"tipo":"TPE3/4","estado":"INSTALADO","barrio":"Villa San Juan","polivalvula":"","longitud_m":8.522449}},{"type":"Feature","geometry":{"type":"LineString","coordinates":[[-70.76864272133231,7.081164987922368],[-70.76870893876185,7.081214771136217]]},"properties":{"tipo":"TPE3/4","estado":"INSTALADO","barrio":"Oiti","polivalvula":"","longitud_m":9.155845}},{"type":"Feature","geometry":{"type":"LineString","coordinates":[[-70.76835709455631,7.080927881183582],[-70.76842906485264,7.080984866742095]]},"properties":{"tipo":"TPE3/4","estado":"INSTALADO","barrio":"Oiti","polivalvula":"","longitud_m":10.145824}},{"type":"Feature","geometry":{"type":"LineString","coordinates":[[-70.76893673691393,7.080420884442775],[-70.76885859997083,7.080482091627347]]},"properties":{"tipo":"TPE3/4","estado":"INSTALADO","barrio":"Oiti","polivalvula":"","longitud_m":10.969894}},{"type":"Feature","geometry":{"type":"LineString","coordinates":[[-70.76959952090974,7.078781418741128],[-70.76971265605705,7.078874822521883],[-70.76959571794713,7.078966338919571],[-70.76960583799163,7.078979400726189]]},"properties":{"tipo":"TPE1","estado":"INSTALADO","barrio":"Sabanales","polivalvula":"","longitud_m":34.453281}},{"type":"Feature","geometry":{"type":"LineString","coordinates":[[-70.76865000004847,7.079820028960938],[-70.7687131275402,7.079734362676721],[-70.76878690284033,7.079652091554125],[-70.76887659410664,7.079553933000583],[-70.76899695492523,7.0794078838263],[-70.7690334624236,7.079372786362236],[-70.7691464078138,7.079268061355875],[-70.76929529082496,7.07913163560533],[-70.76946451904293,7.078981434836881]]},"properties":{"tipo":"TPE1","estado":"INSTALADO","barrio":"Altos de la Sabana","polivalvula":"","longitud_m":129.55072}},{"type":"Feature","geometry":{"type":"LineString","coordinates":[[-70.76846746198451,7.080070615060031],[-70.76850777237048,7.080001175229523],[-70.76859637949694,7.079890601094253],[-70.76865000004847,7.079820028960938]]},"properties":{"tipo":"TPE1","estado":"INSTALADO","barrio":"Altos de la Sabana","polivalvula":"","longitud_m":34.339931}},{"type":"Feature","geometry":{"type":"LineString","coordinates":[[-70.76799704626819,7.080604555458804],[-70.76808337092002,7.080506057564158],[-70.76820087968153,7.080372839397321],[-70.76830545908712,7.080253207533318],[-70.76838227758401,7.08016565334739],[-70.76846746198451,7.080070615060031]]},"properties":{"tipo":"TPE1","estado":"INSTALADO","barrio":"Villa San Juan","polivalvula":"","longitud_m":78.663475}},{"type":"Feature","geometry":{"type":"LineString","coordinates":[[-70.7676253623633,7.080830980295692],[-70.76785253646712,7.080710624519905],[-70.76793660428477,7.080665556335086],[-70.76799704626819,7.080604555458804]]},"properties":{"tipo":"TPE1","estado":"INSTALADO","barrio":"Villa San Juan","polivalvula":"","longitud_m":48.441498}},{"type":"Feature","geometry":{"type":"LineString","coordinates":[[-70.76766555161818,7.080897232933475],[-70.7676253623633,7.080830980295692]]},"properties":{"tipo":"TPE1","estado":"INSTALADO","barrio":"Villa San Juan","polivalvula":"","longitud_m":8.567355}},{"type":"Feature","geometry":{"type":"LineString","coordinates":[[-70.76729878528347,7.078319764807945],[-70.76774751099654,7.07873583335354]]},"properties":{"tipo":"TPE3/4","estado":"INSTALADO","barrio":"Urb Parque Campestre","polivalvula":"","longitud_m":67.638214}},{"type":"Feature","geometry":{"type":"LineString","coordinates":[[-70.76745478221619,7.07839878081764],[-70.76775045626744,7.078678991607071],[-70.76771903610185,7.078709431108746]]},"properties":{"tipo":"TPE3/4","estado":"INSTALADO","barrio":"Urb Parque Campestre","polivalvula":"","longitud_m":49.86187}},{"type":"Feature","geometry":{"type":"LineString","coordinates":[[-70.76787858834112,7.073775766090926],[-70.76763216234738,7.073490457685025],[-70.76768578245797,7.073430451415327],[-70.76802351276312,7.073853838636351]]},"properties":{"tipo":"TPE3/4","estado":"INSTALADO","barrio":"Urb Puertas de Leon","polivalvula":"","longitud_m":110.442451}},{"type":"Feature","geometry":{"type":"LineString","coordinates":[[-70.76994372835541,7.076879851580286],[-70.76969669598589,7.077095556102698],[-70.76964230203262,7.077045906546929]]},"properties":{"tipo":"TPE3/4","estado":"INSTALADO","barrio":"Urb Laureles","polivalvula":"a","longitud_m":44.388187}},{"type":"Feature","geometry":{"type":"LineString","coordinates":[[-70.77030729480076,7.075907768699183],[-70.77028287234369,7.075901804632149]]},"properties":{"tipo":"TPE3/4","estado":"INSTALADO","barrio":"Villa Maria","polivalvula":"","longitud_m":2.777615}},{"type":"Feature","geometry":{"type":"LineString","coordinates":[[-70.76976450856962,7.076482897681286],[-70.76970524922494,7.076597592131693]]},"properties":{"tipo":"TPE3/4","estado":"INSTALADO","barrio":"Villa Maria","polivalvula":"","longitud_m":14.274281}},{"type":"Feature","geometry":{"type":"LineString","coordinates":[[-70.76932656498245,7.071935187682144],[-70.76925526102863,7.07175969849885],[-70.76936364309088,7.071708750543276],[-70.76939216480376,7.071836121430686],[-70.76945232514504,7.072132507262033],[-70.76961789342594,7.072572040062849],[-70.76959274373915,7.072510928973789]]},"properties":{"tipo":"TPE3/4","estado":"INSTALADO","barrio":"","polivalvula":"","longitud_m":141.302948}},{"type":"Feature","geometry":{"type":"LineString","coordinates":[[-70.76549096418708,7.077122898321099],[-70.7653170753013,7.076970666863592],[-70.76593504224785,7.076329102847223]]},"properties":{"tipo":"TPE3/4","estado":"INSTALADO","barrio":"El Bosque","polivalvula":"","longitud_m":124.008995}},{"type":"Feature","geometry":{"type":"LineString","coordinates":[[-70.76422722246573,7.080287232541037],[-70.7649314341812,7.080210730019295],[-70.76489530707124,7.079908819784849]]},"properties":{"tipo":"TPE1","estado":"INSTALADO","barrio":"Los Guarataros","polivalvula":"","longitud_m":111.8853}},{"type":"Feature","geometry":{"type":"LineString","coordinates":[[-70.76851454850832,7.077871791651782],[-70.76860081602632,7.077969856279092]]},"properties":{"tipo":"TPE1","estado":"INSTALADO","barrio":"El Bosque","polivalvula":"","longitud_m":14.437912}},{"type":"Feature","geometry":{"type":"LineString","coordinates":[[-70.76809014765021,7.077438548095046],[-70.76851454850832,7.077871791651782]]},"properties":{"tipo":"TPE1","estado":"INSTALADO","barrio":"El Bosque","polivalvula":"","longitud_m":67.038177}},{"type":"Feature","geometry":{"type":"LineString","coordinates":[[-70.76804663480071,7.077381936777776],[-70.76809014765021,7.077438548095046]]},"properties":{"tipo":"TPE1","estado":"INSTALADO","barrio":"El Bosque","polivalvula":"","longitud_m":7.893486}},{"type":"Feature","geometry":{"type":"LineString","coordinates":[[-70.76785703122202,7.077566860863483],[-70.76804663480071,7.077381936777776]]},"properties":{"tipo":"TPE1","estado":"INSTALADO","barrio":"El Bosque","polivalvula":"","longitud_m":29.275175}},{"type":"Feature","geometry":{"type":"LineString","coordinates":[[-70.76781710089656,7.07760271279411],[-70.76785703122202,7.077566860863483]]},"properties":{"tipo":"TPE1","estado":"INSTALADO","barrio":"El Bosque","polivalvula":"","longitud_m":5.93142}},{"type":"Feature","geometry":{"type":"LineString","coordinates":[[-70.76764121805424,7.07777725553383],[-70.76781710089656,7.07760271279411]]},"properties":{"tipo":"TPE1","estado":"INSTALADO","barrio":"El Bosque","polivalvula":"","longitud_m":27.389523}},{"type":"Feature","geometry":{"type":"LineString","coordinates":[[-70.76759558317725,7.077821598780695],[-70.76764121805424,7.07777725553383]]},"properties":{"tipo":"TPE1","estado":"INSTALADO","barrio":"El Bosque","polivalvula":"","longitud_m":7.033353}},{"type":"Feature","geometry":{"type":"LineString","coordinates":[[-70.76740068581346,7.078031049685182],[-70.76759558317725,7.077821598780695]]},"properties":{"tipo":"TPE1","estado":"INSTALADO","barrio":"El Bosque","polivalvula":"","longitud_m":31.625687}},{"type":"Feature","geometry":{"type":"LineString","coordinates":[[-70.76733793834275,7.078085770975227],[-70.76740068581346,7.078031049685182]]},"properties":{"tipo":"TPE1","estado":"INSTALADO","barrio":"El Bosque","polivalvula":"","longitud_m":9.20217}},{"type":"Feature","geometry":{"type":"LineString","coordinates":[[-70.76694529119347,7.078471652103111],[-70.76733793834275,7.078085770975227]]},"properties":{"tipo":"TPE1","estado":"INSTALADO","barrio":"El Bosque","polivalvula":"","longitud_m":60.85186}},{"type":"Feature","geometry":{"type":"LineString","coordinates":[[-70.76689110051213,7.078531090919716],[-70.76694529119347,7.078471652103111]]},"properties":{"tipo":"TPE1","estado":"INSTALADO","barrio":"El Bosque","polivalvula":"","longitud_m":8.891221}},{"type":"Feature","geometry":{"type":"LineString","coordinates":[[-70.76661444186786,7.078782053815583],[-70.76689110051213,7.078531090919716]]},"properties":{"tipo":"TPE1","estado":"INSTALADO","barrio":"Matagea","polivalvula":"","longitud_m":41.285912}},{"type":"Feature","geometry":{"type":"LineString","coordinates":[[-70.76563553490303,7.078648092660596],[-70.76571969099922,7.078676197902806],[-70.76581337035456,7.078601642730024],[-70.76599140615798,7.078829983969103],[-70.76604046292925,7.078910934413343],[-70.76624397387414,7.07913630416931],[-70.76655477433285,7.078861285891536],[-70.76661444186786,7.078782053815583]]},"properties":{"tipo":"TPE1","estado":"INSTALADO","barrio":"Urb Matageas","polivalvula":"","longitud_m":156.489151}},{"type":"Feature","geometry":{"type":"LineString","coordinates":[[-70.7666000224291,7.077198943680648],[-70.766540677798,7.077257210771424]]},"properties":{"tipo":"TPE3/4","estado":"INSTALADO","barrio":"El Bosque","polivalvula":"","longitud_m":9.192893}},{"type":"Feature","geometry":{"type":"LineString","coordinates":[[-70.76614221265373,7.0791523167199],[-70.76574195950091,7.078669668086598],[-70.76581681368344,7.078594725051738]]},"properties":{"tipo":"TPE3/4","estado":"INSTALADO","barrio":"Matagea","polivalvula":"","longitud_m":81.022667}},{"type":"Feature","geometry":{"type":"LineString","coordinates":[[-70.76342260291268,7.082012454781226],[-70.76415999204417,7.081881544724504],[-70.7644556805837,7.08184906263301]]},"properties":{"tipo":"TPE1","estado":"INSTALADO","barrio":"LA ESPERANZA","polivalvula":"","longitud_m":115.605209}},{"type":"Feature","geometry":{"type":"LineString","coordinates":[[-70.76341063715175,7.081912741276248],[-70.76342260291268,7.082012454781226]]},"properties":{"tipo":"TPE1","estado":"INSTALADO","barrio":"Los Guarataros","polivalvula":"","longitud_m":11.106548}},{"type":"Feature","geometry":{"type":"LineString","coordinates":[[-70.76316997623753,7.080472948532888],[-70.76316995550481,7.080514271291387],[-70.76320819021868,7.081189720992957]]},"properties":{"tipo":"TPE3/4","estado":"INSTALADO","barrio":"Los Guarataros","polivalvula":"","longitud_m":79.389206}},{"type":"Feature","geometry":{"type":"LineString","coordinates":[[-70.76352079182539,7.08043898334058],[-70.76316997623753,7.080472948532888]]},"properties":{"tipo":"TPE3/4","estado":"INSTALADO","barrio":"Los Guarataros","polivalvula":"","longitud_m":38.93895}},{"type":"Feature","geometry":{"type":"LineString","coordinates":[[-70.76608610555242,7.079634277373283],[-70.76626522072418,7.079331988555524],[-70.76614221265373,7.0791523167199]]},"properties":{"tipo":"TPE3/4","estado":"INSTALADO","barrio":"Matagea","polivalvula":"","longitud_m":62.921566}},{"type":"Feature","geometry":{"type":"LineString","coordinates":[[-70.76581001677518,7.079293495130363],[-70.76608610555242,7.079634277373283]]},"properties":{"tipo":"TPE3/4","estado":"INSTALADO","barrio":"Matagea","polivalvula":"","longitud_m":48.484489}},{"type":"Feature","geometry":{"type":"LineString","coordinates":[[-70.76571076204561,7.080058838719342],[-70.7659138353379,7.07991845015352],[-70.76598114646792,7.079833537565177],[-70.76606741199691,7.079703465608429]]},"properties":{"tipo":"TPE3/4","estado":"INSTALADO","barrio":"Matagea","polivalvula":"","longitud_m":56.517723}},{"type":"Feature","geometry":{"type":"LineString","coordinates":[[-70.76714707220788,7.081188302537027],[-70.76778997793271,7.080846639749687],[-70.76800007000863,7.080719218720107]]},"properties":{"tipo":"TPE3/4","estado":"INSTALADO","barrio":"Villa San Juan","polivalvula":"","longitud_m":107.605453}},{"type":"Feature","geometry":{"type":"LineString","coordinates":[[-70.76845826653357,7.081138086999426],[-70.7684648574008,7.081133420183904],[-70.76846952810834,7.0811305840398]]},"properties":{"tipo":"TPE3/4","estado":"INSTALADO","barrio":"Oiti","polivalvula":"","longitud_m":1.496366}},{"type":"Feature","geometry":{"type":"LineString","coordinates":[[-70.7774511303839,7.071647004449828],[-70.77745839402664,7.071352674750659]]},"properties":{"tipo":"TPE3/4","estado":"INSTALADO","barrio":"Urb Villa Gaby","polivalvula":"AA005","longitud_m":32.560581}},{"type":"Feature","geometry":{"type":"LineString","coordinates":[[-70.76471487023717,7.080346718183439],[-70.76452937226117,7.080350921943667],[-70.76432211554456,7.080374697258199]]},"properties":{"tipo":"TPE3/4","estado":"INSTALADO","barrio":"Los Guarataros","polivalvula":"","longitud_m":43.546444}},{"type":"Feature","geometry":{"type":"LineString","coordinates":[[-70.764868689179,7.079844144862595],[-70.76488082959722,7.079912064340696]]},"properties":{"tipo":"TPE3/4","estado":"INSTALADO","barrio":"Los Guarataros","polivalvula":"","longitud_m":7.630212}},{"type":"Feature","geometry":{"type":"LineString","coordinates":[[-70.76743667770975,7.074988647097768],[-70.76750590492647,7.075019059569327],[-70.76752690149947,7.07497045822347],[-70.7681615791181,7.075208488200858]]},"properties":{"tipo":"TPE3/4","estado":"INSTALADO","barrio":"Villa Maria","polivalvula":"","longitud_m":89.106392}},{"type":"Feature","geometry":{"type":"LineString","coordinates":[[-70.76928084811597,7.07680591192515],[-70.76957531471902,7.076889710872967]]},"properties":{"tipo":"TPE3/4","estado":"INSTALADO","barrio":"Villa Maria","polivalvula":"","longitud_m":33.826557}},{"type":"Feature","geometry":{"type":"LineString","coordinates":[[-70.76966255715743,7.075694074680576],[-70.76961795168349,7.075681273094368]]},"properties":{"tipo":"TPE3/4","estado":"INSTALADO","barrio":"Villa Maria","polivalvula":"","longitud_m":5.127301}},{"type":"Feature","geometry":{"type":"LineString","coordinates":[[-70.7656409542882,7.075988954111954],[-70.76593504224785,7.076329102847223]]},"properties":{"tipo":"TPE3/4","estado":"INSTALADO","barrio":"El Bosque","polivalvula":"","longitud_m":49.706589}},{"type":"Feature","geometry":{"type":"LineString","coordinates":[[-70.76959952090974,7.078781418741128],[-70.76946451904293,7.078981434836881]]},"properties":{"tipo":"TPE1","estado":"INSTALADO","barrio":"Urb Laureles","polivalvula":"","longitud_m":26.678806}},{"type":"Feature","geometry":{"type":"LineString","coordinates":[[-70.76472044903119,7.079310173010054],[-70.76478022130144,7.079463072203956],[-70.76483441168257,7.079638557728479],[-70.7648847999474,7.079837629942181],[-70.76489530707124,7.079908819784849]]},"properties":{"tipo":"TPE1","estado":"INSTALADO","barrio":"Los Guarataros","polivalvula":"","longitud_m":69.130119}},{"type":"Feature","geometry":{"type":"LineString","coordinates":[[-70.76814924233406,7.075192930153476],[-70.7675219920507,7.074962199437698]]},"properties":{"tipo":"TPE1","estado":"INSTALADO","barrio":"Villa Maria","polivalvula":"","longitud_m":73.846741}},{"type":"Feature","geometry":{"type":"LineString","coordinates":[[-70.76857282088989,7.075320352684164],[-70.76814924233406,7.075192930153476]]},"properties":{"tipo":"TPE1","estado":"INSTALADO","barrio":"Villa Maria","polivalvula":"","longitud_m":48.872295}},{"type":"Feature","geometry":{"type":"LineString","coordinates":[[-70.76926950738975,7.07554942896798],[-70.76857282088989,7.075320352684164]]},"properties":{"tipo":"TPE1","estado":"INSTALADO","barrio":"Villa Maria","polivalvula":"","longitud_m":81.031349}},{"type":"Feature","geometry":{"type":"LineString","coordinates":[[-70.7707446846795,7.076013083931093],[-70.76926950738975,7.07554942896798]]},"properties":{"tipo":"TPE1","estado":"INSTALADO","barrio":"Villa Maria","polivalvula":"","longitud_m":170.852188}},{"type":"Feature","geometry":{"type":"LineString","coordinates":[[-70.76726507407288,7.075644960354457],[-70.76738699539445,7.075344754141113]]},"properties":{"tipo":"TPE3/4","estado":"INSTALADO","barrio":"Villa Maria","polivalvula":"","longitud_m":35.828976}},{"type":"Feature","geometry":{"type":"LineString","coordinates":[[-70.76737994536639,7.075362113158616],[-70.76800382204583,7.075571945342665]]},"properties":{"tipo":"TPE3/4","estado":"INSTALADO","barrio":"Villa Maria","polivalvula":"","longitud_m":72.726929}},{"type":"Feature","geometry":{"type":"LineString","coordinates":[[-70.76790714115424,7.075866746817571],[-70.76800382204583,7.075571945342665]]},"properties":{"tipo":"TPE3/4","estado":"INSTALADO","barrio":"Villa Maria","polivalvula":"","longitud_m":34.307972}},{"type":"Feature","geometry":{"type":"LineString","coordinates":[[-70.76444416408427,7.077470745509457],[-70.76482084039915,7.077641013459294],[-70.76498149062658,7.077803926788244],[-70.76510201620069,7.077992671976717]]},"properties":{"tipo":"TPE1","estado":"INSTALADO","barrio":"La Chorrera","polivalvula":"","longitud_m":95.726639}},{"type":"Feature","geometry":{"type":"LineString","coordinates":[[-70.77513981656665,7.077165020167044],[-70.77507273522063,7.077097516403119]]},"properties":{"tipo":"TPE3/4","estado":"INSTALADO","barrio":"Primero de Enero","polivalvula":"AT007","longitud_m":10.519321}},{"type":"Feature","geometry":{"type":"LineString","coordinates":[[-70.76321648001634,7.081292182652057],[-70.76314995617236,7.080469913110523]]},"properties":{"tipo":"TPE1","estado":"INSTALADO","barrio":"Los Guarataros","polivalvula":"","longitud_m":91.233589}},{"type":"Feature","geometry":{"type":"LineString","coordinates":[[-70.76315192029561,7.080371079769376],[-70.76368305409301,7.080349510094679],[-70.76422722246573,7.080287232541037]]},"properties":{"tipo":"TPE1","estado":"INSTALADO","barrio":"Los Guarataros","polivalvula":"","longitud_m":119.238792}},{"type":"Feature","geometry":{"type":"LineString","coordinates":[[-70.76315835289077,7.080352906616211],[-70.76368086795962,7.080331018260932],[-70.7641942562219,7.080278372515074],[-70.76415955474204,7.080005332183041],[-70.76419282948557,7.080007691088695],[-70.76422630536483,7.080274075547107]]},"properties":{"tipo":"TPE3/4","estado":"INSTALADO","barrio":"Los Guarataros","polivalvula":"","longitud_m":178.608658}},{"type":"Feature","geometry":{"type":"LineString","coordinates":[[-70.76496471877573,7.079189796670365],[-70.76472044903119,7.079310173010054]]},"properties":{"tipo":"TPE1","estado":"INSTALADO","barrio":"Los Guarataros","polivalvula":"","longitud_m":30.091501}},{"type":"Feature","geometry":{"type":"LineString","coordinates":[[-70.76940406212502,7.076501357623015],[-70.76928084811597,7.07680591192515]]},"properties":{"tipo":"TPE3/4","estado":"INSTALADO","barrio":"Villa Maria","polivalvula":"","longitud_m":36.32827}},{"type":"Feature","geometry":{"type":"LineString","coordinates":[[-70.76913758724187,7.076160372962802],[-70.7693337704746,7.075591516781066]]},"properties":{"tipo":"TPE3/4","estado":"INSTALADO","barrio":"Villa Maria","polivalvula":"","longitud_m":66.540245}},{"type":"Feature","geometry":{"type":"LineString","coordinates":[[-70.76938504192927,7.076373422475685],[-70.76961795168349,7.075681273094368]]},"properties":{"tipo":"TPE3/4","estado":"INSTALADO","barrio":"Villa Maria","polivalvula":"","longitud_m":80.755859}},{"type":"Feature","geometry":{"type":"LineString","coordinates":[[-70.76887271662899,7.075751318723986],[-70.76896530033206,7.075471284720654]]},"properties":{"tipo":"TPE3/4","estado":"INSTALADO","barrio":"Villa Maria","polivalvula":"","longitud_m":32.615131}},{"type":"Feature","geometry":{"type":"LineString","coordinates":[[-70.76804187281965,7.077377813087212],[-70.76804663480071,7.077381936777776]]},"properties":{"tipo":"TPE3/4","estado":"INSTALADO","barrio":"Villa Maria","polivalvula":"","longitud_m":0.696247}},{"type":"Feature","geometry":{"type":"LineString","coordinates":[[-70.76597205000499,7.077139385238731],[-70.76600959137667,7.077094605425635]]},"properties":{"tipo":"TPE3/4","estado":"INSTALADO","barrio":"El Bosque","polivalvula":"","longitud_m":6.459676}},{"type":"Feature","geometry":{"type":"LineString","coordinates":[[-70.76671192833302,7.076056927843602],[-70.76676010410799,7.0760920753329]]},"properties":{"tipo":"TPE3/4","estado":"INSTALADO","barrio":"El Bosque","polivalvula":"","longitud_m":6.59069}},{"type":"Feature","geometry":{"type":"LineString","coordinates":[[-70.76961795168349,7.075681273094368],[-70.7693337704746,7.075591516781066]]},"properties":{"tipo":"TPE3/4","estado":"INSTALADO","barrio":"Villa Maria","polivalvula":"","longitud_m":32.927864}},{"type":"Feature","geometry":{"type":"LineString","coordinates":[[-70.7687693166923,7.076177808186037],[-70.768920796713,7.076211511193287],[-70.76896491022435,7.076098294250161],[-70.76908051757923,7.076117918252477],[-70.76927814077465,7.075576623641829]]},"properties":{"tipo":"TPE3/4","estado":"INSTALADO","barrio":"Villa Maria","polivalvula":"","longitud_m":107.257095}},{"type":"Feature","geometry":{"type":"LineString","coordinates":[[-70.7693337704746,7.075591516781066],[-70.76927814077465,7.075576623641829]]},"properties":{"tipo":"TPE3/4","estado":"INSTALADO","barrio":"Villa Maria","polivalvula":"","longitud_m":6.362787}},{"type":"Feature","geometry":{"type":"LineString","coordinates":[[-70.76379370637413,7.080412152997566],[-70.76359405492306,7.080426304996432]]},"properties":{"tipo":"TPE3/4","estado":"INSTALADO","barrio":"Los Guarataros","polivalvula":"","longitud_m":22.11252}},{"type":"Feature","geometry":{"type":"LineString","coordinates":[[-70.76359405492306,7.080426304996432],[-70.76352079182539,7.08043898334058]]},"properties":{"tipo":"TPE3/4","estado":"INSTALADO","barrio":"Los Guarataros","polivalvula":"","longitud_m":8.214499}},{"type":"Feature","geometry":{"type":"LineString","coordinates":[[-70.76388877794776,7.080412152886442],[-70.76379370637413,7.080412152997566]]},"properties":{"tipo":"TPE3/4","estado":"INSTALADO","barrio":"Los Guarataros","polivalvula":"","longitud_m":10.503303}},{"type":"Feature","geometry":{"type":"LineString","coordinates":[[-70.76425480528695,7.080382622633271],[-70.76388877794776,7.080412152886442]]},"properties":{"tipo":"TPE3/4","estado":"INSTALADO","barrio":"Los Guarataros","polivalvula":"","longitud_m":40.569572}},{"type":"Feature","geometry":{"type":"LineString","coordinates":[[-70.76432211554456,7.080374697258199],[-70.76425480528695,7.080382622633271]]},"properties":{"tipo":"TPE3/4","estado":"INSTALADO","barrio":"Los Guarataros","polivalvula":"","longitud_m":7.487769}},{"type":"Feature","geometry":{"type":"LineString","coordinates":[[-70.77473360657632,7.069783318923996],[-70.77542644091434,7.069815396366175],[-70.77543214579713,7.070077686151207],[-70.77472298724159,7.070050602045685]]},"properties":{"tipo":"TPE3/4","estado":"INSTALADO","barrio":"Senderos de Playitas","polivalvula":"AA002","longitud_m":184.046036}},{"type":"Feature","geometry":{"type":"LineString","coordinates":[[-70.77477212163116,7.068768899059686],[-70.77544560272501,7.068791070772403],[-70.7754437013951,7.069028831392646],[-70.77476431605753,7.069010349564758]]},"properties":{"tipo":"TPE3/4","estado":"INSTALADO","barrio":"Senderos de Playitas","polivalvula":"AA002","longitud_m":175.828934}},{"type":"Feature","geometry":{"type":"LineString","coordinates":[[-70.775456439113,7.068457824010748],[-70.77545725614493,7.068681306959073],[-70.77477213030335,7.068661012099654]]},"properties":{"tipo":"TPE3/4","estado":"INSTALADO","barrio":"Senderos de Playitas","polivalvula":"AA002","longitud_m":100.442055}},{"type":"Feature","geometry":{"type":"LineString","coordinates":[[-70.77629189687072,7.068689519437445],[-70.77559545985304,7.068689489273163],[-70.77559771624054,7.06845819223806]]},"properties":{"tipo":"TPE3/4","estado":"INSTALADO","barrio":"Senderos de Playitas","polivalvula":"AA002","longitud_m":102.523674}},{"type":"Feature","geometry":{"type":"LineString","coordinates":[[-70.77629189687072,7.068689519437445],[-70.77629349734418,7.068792651256184]]},"properties":{"tipo":"TPE3/4","estado":"INSTALADO","barrio":"Senderos de Playitas","polivalvula":"AA002","longitud_m":11.406987}},{"type":"Feature","geometry":{"type":"LineString","coordinates":[[-70.77628208819885,7.069039846711014],[-70.7755557389203,7.069032298436859],[-70.77555193596952,7.068768120956555],[-70.77629349734418,7.068792651256184]]},"properties":{"tipo":"TPE3/4","estado":"INSTALADO","barrio":"Senderos de Playitas","polivalvula":"AA002","longitud_m":191.443787}},{"type":"Feature","geometry":{"type":"LineString","coordinates":[[-70.77629349734418,7.068792651256184],[-70.77628208819885,7.069039846711014]]},"properties":{"tipo":"TPE3/4","estado":"INSTALADO","barrio":"Senderos de Playitas","polivalvula":"AA002","longitud_m":27.367033}},{"type":"Feature","geometry":{"type":"LineString","coordinates":[[-70.77628208802054,7.069396486347051],[-70.77555573909035,7.069388938050007],[-70.77555193614467,7.069124761477823]]},"properties":{"tipo":"TPE3/4","estado":"INSTALADO","barrio":"Senderos de Playitas","polivalvula":"AA002","longitud_m":109.470619}},{"type":"Feature","geometry":{"type":"LineString","coordinates":[[-70.77628018672097,7.069124760758006],[-70.77628208802054,7.069396486347051]]},"properties":{"tipo":"TPE3/4","estado":"INSTALADO","barrio":"Senderos de Playitas","polivalvula":"AA002","longitud_m":30.051577}},{"type":"Feature","geometry":{"type":"LineString","coordinates":[[-70.77628208819885,7.069039846711014],[-70.77628018672097,7.069124760758006]]},"properties":{"tipo":"TPE3/4","estado":"INSTALADO","barrio":"Senderos de Playitas","polivalvula":"AA002","longitud_m":9.393215}},{"type":"Feature","geometry":{"type":"LineString","coordinates":[[-70.77628208819365,7.069745578455906],[-70.77552963278409,7.06973788843692],[-70.77552582985881,7.069473711868986],[-70.7762801869013,7.069473852870847]]},"properties":{"tipo":"TPE3/4","estado":"INSTALADO","barrio":"Senderos de Playitas","polivalvula":"AA002","longitud_m":195.696426}},{"type":"Feature","geometry":{"type":"LineString","coordinates":[[-70.7762801869013,7.069473852870847],[-70.77628208819365,7.069745578455906]]},"properties":{"tipo":"TPE3/4","estado":"INSTALADO","barrio":"Senderos de Playitas","polivalvula":"AA002","longitud_m":30.051577}},{"type":"Feature","geometry":{"type":"LineString","coordinates":[[-70.77628208802054,7.069396486347051],[-70.7762801869013,7.069473852870847]]},"properties":{"tipo":"TPE3/4","estado":"INSTALADO","barrio":"Senderos de Playitas","polivalvula":"AA002","longitud_m":8.558743}},{"type":"Feature","geometry":{"type":"LineString","coordinates":[[-70.77101288745263,7.07598675790405],[-70.77092670642858,7.075974081883053]]},"properties":{"tipo":"TPE3/4","estado":"INSTALADO","barrio":"Pedro Nel Jimenez","polivalvula":"","longitud_m":9.623829}},{"type":"Feature","geometry":{"type":"LineString","coordinates":[[-70.76574885451838,7.07935130967677],[-70.76581001677518,7.079293495130363]]},"properties":{"tipo":"TPE3/4","estado":"INSTALADO","barrio":"Matagea","polivalvula":"","longitud_m":9.302679}},{"type":"Feature","geometry":{"type":"LineString","coordinates":[[-70.76654635370593,7.078851759748115],[-70.7665997312623,7.078771248523205]]},"properties":{"tipo":"TPE3/4","estado":"INSTALADO","barrio":"El Bosque","polivalvula":"","longitud_m":10.679688}},{"type":"Feature","geometry":{"type":"LineString","coordinates":[[-70.76599276510363,7.078832226436404],[-70.76599987219299,7.078825772360513]]},"properties":{"tipo":"TPE3/4","estado":"INSTALADO","barrio":"El Bosque","polivalvula":"","longitud_m":1.061121}},{"type":"Feature","geometry":{"type":"LineString","coordinates":[[-70.768429682182,7.075300193981684],[-70.76832238417786,7.07556783843758],[-70.76807424613261,7.075496134519864],[-70.7681615791181,7.075208488200858]]},"properties":{"tipo":"TPE3/4","estado":"INSTALADO","barrio":"Villa Maria","polivalvula":"","longitud_m":93.66552}},{"type":"Feature","geometry":{"type":"LineString","coordinates":[[-70.76392609998426,7.081218218097106],[-70.76400938320549,7.081825017325771]]},"properties":{"tipo":"TPE3/4","estado":"INSTALADO","barrio":"Los Guarataros","polivalvula":"","longitud_m":67.735443}},{"type":"Feature","geometry":{"type":"LineString","coordinates":[[-70.76516176769762,7.08097297621477],[-70.76555042479463,7.080926765565512]]},"properties":{"tipo":"TPE3/4","estado":"INSTALADO","barrio":"Los Guarataros","polivalvula":"","longitud_m":43.241009}},{"type":"Feature","geometry":{"type":"LineString","coordinates":[[-70.76555042479463,7.080926765565512],[-70.76572382320185,7.080913916205678]]},"properties":{"tipo":"TPE3/4","estado":"INSTALADO","barrio":"Los Guarataros","polivalvula":"","longitud_m":19.209291}},{"type":"Feature","geometry":{"type":"LineString","coordinates":[[-70.76762536632506,7.077774186009273],[-70.76780790429318,7.077594925873416]]},"properties":{"tipo":"TPE3/4","estado":"INSTALADO","barrio":"El Bosque","polivalvula":"","longitud_m":28.279209}},{"type":"Feature","geometry":{"type":"LineString","coordinates":[[-70.76785021692466,7.077559162333349],[-70.76803269645788,7.077368175248616]]},"properties":{"tipo":"TPE3/4","estado":"INSTALADO","barrio":"El Bosque","polivalvula":"","longitud_m":29.198595}},{"type":"Feature","geometry":{"type":"LineString","coordinates":[[-70.76692270876107,7.078460384033686],[-70.76732758213613,7.078076777044717]]},"properties":{"tipo":"TPE3/4","estado":"INSTALADO","barrio":"El Bosque","polivalvula":"","longitud_m":61.648659}},{"type":"Feature","geometry":{"type":"LineString","coordinates":[[-70.7665997312623,7.078771248523205],[-70.76689211552844,7.078504871065983]]},"properties":{"tipo":"TPE3/4","estado":"INSTALADO","barrio":"El Bosque","polivalvula":"","longitud_m":43.71822}},{"type":"Feature","geometry":{"type":"LineString","coordinates":[[-70.76604452446503,7.077675677849612],[-70.76689211552844,7.078504871065983]]},"properties":{"tipo":"TPE3/4","estado":"INSTALADO","barrio":"El Bosque","polivalvula":"","longitud_m":131.064621}},{"type":"Feature","geometry":{"type":"LineString","coordinates":[[-70.77542863251165,7.070503330795417],[-70.77469467770973,7.070480687442043]]},"properties":{"tipo":"TPE3/4","estado":"INSTALADO","barrio":"Urb Maria Emilia","polivalvula":"A005","longitud_m":81.126045}},{"type":"Feature","geometry":{"type":"LineString","coordinates":[[-70.77236703930636,7.072063701195177],[-70.77237958815456,7.071494212194054]]},"properties":{"tipo":"TPE3/4","estado":"INSTALADO","barrio":"El Arauco","polivalvula":"","longitud_m":62.996563}},{"type":"Feature","geometry":{"type":"LineString","coordinates":[[-70.77400510524116,7.076354257724664],[-70.77357157793443,7.07592705050184]]},"properties":{"tipo":"TPE3/4","estado":"INSTALADO","barrio":"Primero de Enero","polivalvula":"AA011","longitud_m":67.276802}},{"type":"Feature","geometry":{"type":"LineString","coordinates":[[-70.77452018882316,7.076885100497642],[-70.77409272104353,7.076443265596311]]},"properties":{"tipo":"TPE3/4","estado":"INSTALADO","barrio":"Primero de Enero","polivalvula":"AA011","longitud_m":67.955582}},{"type":"Feature","geometry":{"type":"LineString","coordinates":[[-70.77433306185723,7.076205645043131],[-70.77424977935544,7.076290842408],[-70.77409272104353,7.076443265596311]]},"properties":{"tipo":"TPE3/4","estado":"INSTALADO","barrio":"Primero de Enero","polivalvula":"AA011","longitud_m":37.361065}},{"type":"Feature","geometry":{"type":"LineString","coordinates":[[-70.76454320477244,7.077515514859106],[-70.76466882059793,7.077165408144842],[-70.76472815297066,7.077043655210144],[-70.76481885660728,7.076886156071697],[-70.7649443514185,7.076687082603266],[-70.76504798031037,7.076554052104494],[-70.76507460042252,7.076573488062846],[-70.7653499283327,7.07627610437295],[-70.7656409542882,7.075988954111954]]},"properties":{"tipo":"TPE3/4","estado":"INSTALADO","barrio":"Flor Amarillo","polivalvula":"","longitud_m":214.494476}},{"type":"Feature","geometry":{"type":"LineString","coordinates":[[-70.7657588193124,7.080440860712234],[-70.76608282756057,7.080872516474862]]},"properties":{"tipo":"TPE3/4","estado":"INSTALADO","barrio":"Los Guarataros","polivalvula":"","longitud_m":59.667831}},{"type":"Feature","geometry":{"type":"LineString","coordinates":[[-70.76510588968448,7.080665878800916],[-70.76500605928288,7.080675799758926]]},"properties":{"tipo":"TPE3/4","estado":"INSTALADO","barrio":"Los Guarataros","polivalvula":"","longitud_m":11.083481}},{"type":"Feature","geometry":{"type":"LineString","coordinates":[[-70.76324538836425,7.081289169431835],[-70.76324272567369,7.081191117829189]]},"properties":{"tipo":"TPE3/4","estado":"INSTALADO","barrio":"Los Guarataros","polivalvula":"","longitud_m":10.847791}},{"type":"Feature","geometry":{"type":"LineString","coordinates":[[-70.76692096533974,7.078016519130409],[-70.76635205467603,7.077445150445598],[-70.766540677798,7.077257210771424],[-70.76700777929624,7.077728591551366]]},"properties":{"tipo":"TPE3/4","estado":"INSTALADO","barrio":"El Bosque","polivalvula":"","longitud_m":191.910873}},{"type":"Feature","geometry":{"type":"LineString","coordinates":[[-70.77513563003247,7.068124510505579],[-70.77523267117611,7.068074838652924]]},"properties":{"tipo":"TPE3/4","estado":"INSTALADO","barrio":"Villa Luz","polivalvula":"BA002","longitud_m":12.046587}},{"type":"Feature","geometry":{"type":"LineString","coordinates":[[-70.77521588325304,7.067643619856403],[-70.77521503630261,7.067554080758468]]},"properties":{"tipo":"TPE3/4","estado":"INSTALADO","barrio":"Villa Luz","polivalvula":"BA002","longitud_m":9.902805}},{"type":"Feature","geometry":{"type":"LineString","coordinates":[[-70.76493180878086,7.078106200787333],[-70.76484292414908,7.078020516122237]]},"properties":{"tipo":"TPE3/4","estado":"INSTALADO","barrio":"Flor Amarillo","polivalvula":"","longitud_m":13.646451}},{"type":"Feature","geometry":{"type":"LineString","coordinates":[[-70.76514176472308,7.079075415260673],[-70.76507094145799,7.079081085092738],[-70.76451203497984,7.078435564182136]]},"properties":{"tipo":"TPE3/4","estado":"INSTALADO","barrio":"Flor Amarillo","polivalvula":"","longitud_m":102.238152}},{"type":"Feature","geometry":{"type":"LineString","coordinates":[[-70.76508668085374,7.078605295010596],[-70.76493516158966,7.078730122808567]]},"properties":{"tipo":"TPE3/4","estado":"INSTALADO","barrio":"Flor Amarillo","polivalvula":"","longitud_m":21.697767}},{"type":"Feature","geometry":{"type":"LineString","coordinates":[[-70.76533873215033,7.078390055784054],[-70.76514081108792,7.078547250678895]]},"properties":{"tipo":"TPE3/4","estado":"INSTALADO","barrio":"Flor Amarillo","polivalvula":"","longitud_m":27.934675}},{"type":"Feature","geometry":{"type":"LineString","coordinates":[[-70.76514176472308,7.079075415260673],[-70.7649035855781,7.07878339352268]]},"properties":{"tipo":"TPE3/4","estado":"INSTALADO","barrio":"Flor Amarillo","polivalvula":"","longitud_m":41.658184}},{"type":"Feature","geometry":{"type":"LineString","coordinates":[[-70.76564334875323,7.078629755824282],[-70.76533557859962,7.078893711495054],[-70.76513032392673,7.079061388578972]]},"properties":{"tipo":"TPE3/4","estado":"INSTALADO","barrio":"Flor Amarillo","polivalvula":"","longitud_m":74.106873}},{"type":"Feature","geometry":{"type":"LineString","coordinates":[[-70.76563553490303,7.078648092660596],[-70.76559422816759,7.078684410946152]]},"properties":{"tipo":"TPE1","estado":"INSTALADO","barrio":"Flor Amarillo","polivalvula":"","longitud_m":6.079316}},{"type":"Feature","geometry":{"type":"LineString","coordinates":[[-70.76442270565728,7.077790308093931],[-70.76435994668313,7.077896557656625]]},"properties":{"tipo":"TPE3/4","estado":"INSTALADO","barrio":"Flor Amarillo","polivalvula":"","longitud_m":13.643545}},{"type":"Feature","geometry":{"type":"LineString","coordinates":[[-70.76548892539951,7.078262153515817],[-70.76539632607066,7.078339172440472]]},"properties":{"tipo":"TPE3/4","estado":"INSTALADO","barrio":"Flor Amarillo","polivalvula":"","longitud_m":13.311995}},{"type":"Feature","geometry":{"type":"LineString","coordinates":[[-70.76483552311457,7.078809183130824],[-70.76476400198426,7.078865976053958]]},"properties":{"tipo":"TPE3/4","estado":"INSTALADO","barrio":"Flor Amarillo","polivalvula":"","longitud_m":10.093743}},{"type":"Feature","geometry":{"type":"LineString","coordinates":[[-70.76574195950091,7.078669668086598],[-70.76570160106384,7.07862690045024]]},"properties":{"tipo":"TPE3/4","estado":"INSTALADO","barrio":"Flor Amarillo","polivalvula":"","longitud_m":6.500092}},{"type":"Feature","geometry":{"type":"LineString","coordinates":[[-70.76372134230071,7.083013228055829],[-70.7641277751214,7.082989641550738],[-70.76411826800076,7.082595745035045],[-70.76418244093126,7.082591027555923],[-70.76420383269354,7.082982564834723],[-70.76461570067995,7.082971525781596]]},"properties":{"tipo":"TPE3/4","estado":"INSTALADO","barrio":"LA ESPERANZA","polivalvula":"","longitud_m":184.544937}},{"type":"Feature","geometry":{"type":"LineString","coordinates":[[-70.77112615595819,7.07706466606338],[-70.77111509224511,7.07707568482835]]},"properties":{"tipo":"TPE3/4","estado":"INSTALADO","barrio":"Urb Laureles","polivalvula":"a","longitud_m":1.725978}},{"type":"Feature","geometry":{"type":"LineString","coordinates":[[-70.76474338287586,7.083623401096358],[-70.76422194307291,7.083637209305952],[-70.76423217434228,7.08308709256012],[-70.76463379079878,7.083066255715234]]},"properties":{"tipo":"TPE3/4","estado":"INSTALADO","barrio":"LA ESPERANZA","polivalvula":"","longitud_m":162.906097}},{"type":"Feature","geometry":{"type":"LineString","coordinates":[[-70.76472997164714,7.083654735898183],[-70.7648370399308,7.08438043216073]]},"properties":{"tipo":"TPE1","estado":"INSTALADO","barrio":"LA ESPERANZA","polivalvula":"","longitud_m":81.123772}},{"type":"Feature","geometry":{"type":"LineString","coordinates":[[-70.76971861289034,7.077865392709962],[-70.76999049366776,7.077650142258403],[-70.76944093300833,7.078085389013395]]},"properties":{"tipo":"TPE3/4","estado":"INSTALADO","barrio":"Urb Laureles","polivalvula":"a","longitud_m":115.806915}},{"type":"Feature","geometry":{"type":"LineString","coordinates":[[-70.7701707286091,7.077876284372778],[-70.76977236819748,7.078202878211026]]},"properties":{"tipo":"TPE3/4","estado":"INSTALADO","barrio":"Urb Laureles","polivalvula":"a","longitud_m":56.933929}},{"type":"Feature","geometry":{"type":"LineString","coordinates":[[-70.77016024359438,7.077153493676064],[-70.76962976079528,7.077587261329931]]},"properties":{"tipo":"TPE3/4","estado":"INSTALADO","barrio":"Urb Laureles","polivalvula":"a","longitud_m":75.736671}},{"type":"Feature","geometry":{"type":"LineString","coordinates":[[-70.76337084157973,7.083667741242181],[-70.76414472663588,7.083633776415659],[-70.76415233240495,7.083371494067407],[-70.7641599381925,7.083099776198814],[-70.763361333878,7.083120532757169],[-70.76337084157973,7.083667741242181]]},"properties":{"tipo":"TPE3/4","estado":"INSTALADO","barrio":"LA ESPERANZA","polivalvula":"","longitud_m":293.44339}},{"type":"Feature","geometry":{"type":"LineString","coordinates":[[-70.76475513423277,7.083693853023864],[-70.76421888277082,7.083697460727373],[-70.7642181847452,7.084439183185714]]},"properties":{"tipo":"TPE3/4","estado":"INSTALADO","barrio":"LA ESPERANZA","polivalvula":"","longitud_m":141.274033}},{"type":"Feature","geometry":{"type":"LineString","coordinates":[[-70.76821873572841,7.08672444385092],[-70.76817197919837,7.086693045406283]]},"properties":{"tipo":"TPE3/4","estado":"INSTALADO","barrio":"San Antonio Corocoras","polivalvula":"","longitud_m":6.224156}},{"type":"Feature","geometry":{"type":"LineString","coordinates":[[-70.76794532806721,7.086555678499276],[-70.7678737973736,7.086511564686552]]},"properties":{"tipo":"TPE3/4","estado":"INSTALADO","barrio":"San Antonio Corocoras","polivalvula":"","longitud_m":9.287094}},{"type":"Feature","geometry":{"type":"LineString","coordinates":[[-70.75982540001952,7.085369263645671],[-70.75976265248536,7.0847220504263],[-70.75982349929764,7.085373037456162]]},"properties":{"tipo":"TPE3/4","estado":"INSTALADO","barrio":"","polivalvula":"","longitud_m":318.462097}},{"type":"Feature","geometry":{"type":"LineString","coordinates":[[-70.7604882096361,7.082260399231219],[-70.75971812780435,7.082331159616071]]},"properties":{"tipo":"TPE3/4","estado":"INSTALADO","barrio":"LA ESPERANZA","polivalvula":"","longitud_m":364.838898}},{"type":"Feature","geometry":{"type":"LineString","coordinates":[[-70.76046681849961,7.082170770327475],[-70.76043116712523,7.08157402820238],[-70.75964444678394,7.081632994313438],[-70.75969435939582,7.082225019849862],[-70.76046681830044,7.082168411222784]]},"properties":{"tipo":"TPE3/4","estado":"INSTALADO","barrio":"SANTA TERESITA","polivalvula":"","longitud_m":304.546326}},{"type":"Feature","geometry":{"type":"LineString","coordinates":[[-70.7596697995719,7.083217884887072],[-70.7596213359094,7.082344607018388]]},"properties":{"tipo":"TPE3/4","estado":"INSTALADO","barrio":"LA ESPERANZA","polivalvula":"","longitud_m":356.164917}},{"type":"Feature","geometry":{"type":"LineString","coordinates":[[-70.75973278412056,7.083876848618194],[-70.75969855821056,7.083310770420214]]},"properties":{"tipo":"TPE3/4","estado":"INSTALADO","barrio":"LA ESPERANZA","polivalvula":"","longitud_m":305.339417}},{"type":"Feature","geometry":{"type":"LineString","coordinates":[[-70.7597775473166,7.084623773036354],[-70.75972525780911,7.083991654721241]]},"properties":{"tipo":"TPE3/4","estado":"INSTALADO","barrio":"LA ESPERANZA","polivalvula":"","longitud_m":317.551056}},{"type":"Feature","geometry":{"type":"LineString","coordinates":[[-70.76116274490516,7.080626315287757],[-70.7610938179817,7.080069667959854],[-70.76048298051863,7.080138069521904],[-70.76051863295972,7.080682923129527],[-70.76115561455916,7.080621597655451]]},"properties":{"tipo":"TPE3/4","estado":"INSTALADO","barrio":"SANTA TERESITA","polivalvula":"","longitud_m":261.020996}},{"type":"Feature","geometry":{"type":"LineString","coordinates":[[-70.76154239899442,7.080564517671038],[-70.76149486297867,7.079984283909262],[-70.76117874854982,7.080029099185441],[-70.76124292237773,7.080583386882968],[-70.76154239899442,7.080564517671038]]},"properties":{"tipo":"TPE3/4","estado":"INSTALADO","barrio":"SANTA TERESITA","polivalvula":"","longitud_m":194.517975}},{"type":"Feature","geometry":{"type":"LineString","coordinates":[[-70.7613831537437,7.082062271997096],[-70.76232674174342,7.082010380796189],[-70.76228158267136,7.081411280392571],[-70.76132848738033,7.081465529625079],[-70.7613831537437,7.082062271997096]]},"properties":{"tipo":"TPE3/4","estado":"INSTALADO","barrio":"SANTA TERESITA","polivalvula":"","longitud_m":342.584503}},{"type":"Feature","geometry":{"type":"LineString","coordinates":[[-70.76231138146053,7.082135229343152],[-70.76140216724913,7.082194356807275]]},"properties":{"tipo":"TPE3/4","estado":"INSTALADO","barrio":"LA ESPERANZA","polivalvula":"","longitud_m":408.35022}},{"type":"Feature","geometry":{"type":"LineString","coordinates":[[-70.76414404148285,7.084448761346423],[-70.76414784413457,7.083735504869305],[-70.76338726856186,7.083750600417196],[-70.7633834655847,7.084441213407617],[-70.76413643536456,7.084448761646431]]},"properties":{"tipo":"TPE3/4","estado":"INSTALADO","barrio":"LA ESPERANZA","polivalvula":"","longitud_m":322.492828}},{"type":"Feature","geometry":{"type":"LineString","coordinates":[[-70.76319712500697,7.081956603559378],[-70.76313057484556,7.081336274873629],[-70.76236999978636,7.081385806076052],[-70.76241753594053,7.082046233061999],[-70.76319707125592,7.081971821514732]]},"properties":{"tipo":"TPE3/4","estado":"INSTALADO","barrio":"Los Guarataros","polivalvula":"","longitud_m":312.942047}},{"type":"Feature","geometry":{"type":"LineString","coordinates":[[-70.76306640102243,7.080406958330459],[-70.76300768100725,7.079734172152332],[-70.76225243038299,7.0798338023727],[-70.76229869539289,7.080473001114028],[-70.76306164781946,7.080404599629913]]},"properties":{"tipo":"TPE3/4","estado":"INSTALADO","barrio":"Los Guarataros","polivalvula":"","longitud_m":314.353973}},{"type":"Feature","geometry":{"type":"LineString","coordinates":[[-70.76195406023166,7.080520174772593],[-70.7619065237225,7.079909278088153],[-70.76215133413778,7.079873898338593],[-70.76221075452352,7.080491870434639],[-70.76195881342964,7.080522533484241]]},"properties":{"tipo":"TPE3/4","estado":"INSTALADO","barrio":"SANTA TERESITA","polivalvula":"","longitud_m":191.789856}},{"type":"Feature","geometry":{"type":"LineString","coordinates":[[-70.75924973982993,7.080152222328527],[-70.75848678833597,7.080241851304344]]},"properties":{"tipo":"TPE3/4","estado":"INSTALADO","barrio":"CRISTO REY","polivalvula":"","longitud_m":147.484436}},{"type":"Feature","geometry":{"type":"LineString","coordinates":[[-70.75947791289109,7.081532043933393],[-70.75942591556331,7.080854785368771],[-70.75870070005439,7.080937659710478]]},"properties":{"tipo":"TPE3/4","estado":"PROYECTADO","barrio":"CRISTO REY","polivalvula":"","longitud_m":310.479797}},{"type":"Feature","geometry":{"type":"LineString","coordinates":[[-70.75835238642571,7.087667452368176],[-70.75904260887329,7.087664621745374],[-70.75834097825438,7.087392906912055],[-70.75835238656266,7.087664622167406]]},"properties":{"tipo":"TPE3/4","estado":"INSTALADO","barrio":"7 DE AGOSTO","polivalvula":"","longitud_m":189.464355}},{"type":"Feature","geometry":{"type":"LineString","coordinates":[[-70.75833242190747,7.087350451640687],[-70.7591025042032,7.08762499655875],[-70.75904831282871,7.086959861273771],[-70.75830104791238,7.087010807797276],[-70.75832956943552,7.087356112796625]]},"properties":{"tipo":"TPE3/4","estado":"INSTALADO","barrio":"7 DE AGOSTO","polivalvula":"","longitud_m":285.199158}},{"type":"Feature","geometry":{"type":"LineString","coordinates":[[-70.75914528619393,7.088324095464847],[-70.75909965155905,7.087789158021138],[-70.7583694995985,7.087724059092763],[-70.75841798587155,7.088346738371907],[-70.75914243385748,7.088326926424781]]},"properties":{"tipo":"TPE3/4","estado":"INSTALADO","barrio":"MIRAMAR FRONTERA","polivalvula":"","longitud_m":289.495758}},{"type":"Feature","geometry":{"type":"LineString","coordinates":[[-70.75761653052764,7.088377872153427],[-70.75828963901428,7.088355229457804],[-70.75824685660422,7.087709907962904],[-70.75764219997882,7.087715568619353]]},"properties":{"tipo":"TPE3/4","estado":"INSTALADO","barrio":"MIRAMAR FRONTERA","polivalvula":"","longitud_m":212.731873}},{"type":"Feature","geometry":{"type":"LineString","coordinates":[[-70.75752811314614,7.08929490747397],[-70.75838376067249,7.089385479017364],[-70.75831611319032,7.088455708915897],[-70.75761367777832,7.08844297113284]]},"properties":{"tipo":"TPE3/4","estado":"INSTALADO","barrio":"MIRAMAR FRONTERA","polivalvula":"","longitud_m":275.769775}},{"type":"Feature","geometry":{"type":"LineString","coordinates":[[-70.75744540110023,7.090203449725584],[-70.75843340242643,7.09034567358334],[-70.7583809081242,7.089504353624136],[-70.75837389823953,7.089446768242479],[-70.75751955690946,7.089376987341903]]},"properties":{"tipo":"TPE3/4","estado":"INSTALADO","barrio":"MIRAMAR FRONTERA","polivalvula":"MIRAMAR FRONTERA","longitud_m":304.616486}},{"type":"Feature","geometry":{"type":"LineString","coordinates":[[-70.75731966411873,7.091538608154774],[-70.75853324093845,7.091709919570237],[-70.7584265427804,7.090452520246624],[-70.75742258331873,7.090294020310982]]},"properties":{"tipo":"TPE3/4","estado":"INSTALADO","barrio":"MIRAMAR","polivalvula":"MIRAMAR FRONTERA","longitud_m":387.249908}},{"type":"Feature","geometry":{"type":"LineString","coordinates":[[-70.75930215509317,7.091811083548957],[-70.75932211946109,7.091216712586165],[-70.75932497184735,7.090494975373722],[-70.75856344632255,7.09045535039953],[-70.75865756745972,7.091720512824755],[-70.75930215509317,7.091811083548957]]},"properties":{"tipo":"TPE3/4","estado":"INSTALADO","barrio":"MIRAMAR","polivalvula":"MIRAMAR FRONTERA 1","longitud_m":442.049561}},{"type":"Feature","geometry":{"type":"LineString","coordinates":[[-70.75934208458818,7.090396856886759],[-70.75925652049486,7.089557187115981],[-70.75849784635513,7.08948548422587],[-70.75855869216973,7.09036477981318],[-70.75933638067097,7.090398743699962]]},"properties":{"tipo":"TPE3/4","estado":"INSTALADO","barrio":"MIRAMAR FRONTERA","polivalvula":"MIRAMAR FRONTERA 1","longitud_m":361.004242}},{"type":"Feature","geometry":{"type":"LineString","coordinates":[[-70.7592527175357,7.089479824180453],[-70.75915384244718,7.08841561085613],[-70.75841608465709,7.08842881921928],[-70.75850164920554,7.089406234887462],[-70.75925271702043,7.08947793707809]]},"properties":{"tipo":"TPE3/4","estado":"INSTALADO","barrio":"MIRAMAR FRONTERA","polivalvula":"","longitud_m":391.57843}},{"type":"Feature","geometry":{"type":"LineString","coordinates":[[-70.75932307017034,7.089481710628682],[-70.76021025913845,7.089592531398528],[-70.76020343666205,7.089406234401626],[-70.76018442172239,7.089255283083465],[-70.76007984305596,7.088879788646487],[-70.75998857340232,7.08842881919116],[-70.75924511168736,7.088417497167774],[-70.75932307055994,7.089479823526945]]},"properties":{"tipo":"TPE3/4","estado":"INSTALADO","barrio":"MIRAMAR FRONTERA","polivalvula":"","longitud_m":430.151306}},{"type":"Feature","geometry":{"type":"LineString","coordinates":[[-70.75938700644222,7.091822090828458],[-70.76020462491476,7.091932945529465],[-70.76021888583847,7.09141876744807],[-70.75940364362002,7.091343291945065],[-70.7593846292454,7.09181973190574]]},"properties":{"tipo":"TPE3/4","estado":"INSTALADO","barrio":"MIRAMAR","polivalvula":"MIRAMAR FRONTERA 1","longitud_m":291.223785}},{"type":"Feature","geometry":{"type":"LineString","coordinates":[[-70.75942741216116,7.091258381399821],[-70.76021888562573,7.091329139596406],[-70.76023790025332,7.090529568361371],[-70.75942741246382,7.090484754610813],[-70.75942741216116,7.091258381399821]]},"properties":{"tipo":"TPE3/4","estado":"INSTALADO","barrio":"MIRAMAR","polivalvula":"MIRAMAR FRONTERA 1","longitud_m":351.473267}},{"type":"Feature","geometry":{"type":"LineString","coordinates":[[-70.7602474067242,7.090435223364504],[-70.76021413184677,7.089689898386723],[-70.75933650193188,7.089583516635643],[-70.75942503501336,7.090390409640598],[-70.76024027663415,7.090435223921511]]},"properties":{"tipo":"TPE3/4","estado":"INSTALADO","barrio":"MIRAMAR FRONTERA","polivalvula":"MIRAMAR FRONTERA 1","longitud_m":360.149048}},{"type":"Feature","geometry":{"type":"LineString","coordinates":[[-70.7610674018863,7.08968518148072],[-70.76108866317233,7.089652625132667],[-70.76104125749268,7.089491774119987],[-70.76090815705025,7.089175718156393],[-70.76081783824402,7.088925703724326],[-70.76078693969825,7.088739372230303],[-70.760772133983,7.088430199258288],[-70.76009141968831,7.088454729266228],[-70.76018554059017,7.088997213806499],[-70.76026404506464,7.089331387571402],[-70.76027776025053,7.089606682372405],[-70.7610674018863,7.08968518148072]]},"properties":{"tipo":"TPE3/4","estado":"INSTALADO","barrio":"MIRAMAR FRONTERA","polivalvula":"","longitud_m":437.530121}},{"type":"Feature","geometry":{"type":"LineString","coordinates":[[-70.76118624156229,7.089694615616069],[-70.76146432692636,7.089711125951266],[-70.76152374734477,7.089449319372732],[-70.76155226849093,7.08917571795565],[-70.76154513798177,7.089034200318045],[-70.76145244294287,7.088880889562557],[-70.76145244348461,7.088803055403385],[-70.76151899325275,7.088670971834492],[-70.76157365957627,7.088567192138733],[-70.7608392300352,7.088378501117923],[-70.76084873681022,7.088524736779036],[-70.7608772579236,7.088833717453234],[-70.76092241765674,7.089010614103325],[-70.76097233062116,7.089114393518466],[-70.76102461937974,7.089288932294009],[-70.76109222714503,7.089441265770006],[-70.76118386506975,7.089689898503146]]},"properties":{"tipo":"TPE3/4","estado":"INSTALADO","barrio":"PRIMERO DE MAYO","polivalvula":"PRIMERO DE MAYO","longitud_m":399.396881}},{"type":"Feature","geometry":{"type":"LineString","coordinates":[[-70.76077061293162,7.088361798673277],[-70.76068188605996,7.087842148482292],[-70.76003550208651,7.08786028009085],[-70.76008609517807,7.088367836643464],[-70.76077061293162,7.088361798673277]]},"properties":{"tipo":"TPE3/4","estado":"INSTALADO","barrio":"MIRAMAR FRONTERA","polivalvula":"","longitud_m":261.773132}},{"type":"Feature","geometry":{"type":"LineString","coordinates":[[-70.75998310765429,7.088332744141333],[-70.75994270126144,7.087837431318925],[-70.75963134139442,7.087835072789503],[-70.75922015493029,7.087804410608396],[-70.7592439234191,7.088332744040536],[-70.75998310745896,7.088330385037364]]},"properties":{"tipo":"TPE3/4","estado":"INSTALADO","barrio":"MIRAMAR FRONTERA","polivalvula":"","longitud_m":275.062561}},{"type":"Feature","geometry":{"type":"LineString","coordinates":[[-70.76234564363793,7.086764250997168],[-70.76200338465516,7.086752458422849],[-70.76144008390455,7.086752458281108],[-70.76107643378351,7.086780761583669],[-70.76160170638785,7.087490711890064],[-70.76170390854317,7.08763694724003],[-70.76177996551583,7.087707706026233],[-70.7619011822269,7.087733651685975],[-70.76207231184303,7.087726575696398],[-70.76225057192099,7.087724216358867],[-70.76231474549135,7.08718408916122],[-70.76234088988545,7.086766610495882]]},"properties":{"tipo":"TPE3/4","estado":"INSTALADO","barrio":"7 DE AGOSTO","polivalvula":"SIETE DE AGOSTO","longitud_m":427.927399}},{"type":"Feature","geometry":{"type":"LineString","coordinates":[[-70.76235039742258,7.086669905410782],[-70.76241219395241,7.085252360525415],[-70.76187503770464,7.085268871640459],[-70.76203190641257,7.086667547305488],[-70.76235039742258,7.086669905410782]]},"properties":{"tipo":"TPE3/4","estado":"INSTALADO","barrio":"7 DE AGOSTO","polivalvula":"SIETE DE AGOSTO","longitud_m":407.128235}},{"type":"Feature","geometry":{"type":"LineString","coordinates":[[-70.76078687923236,7.086298462614778],[-70.76084437222839,7.086478529730726],[-70.76100513042405,7.086702926806012],[-70.76129985280235,7.086655753577743],[-70.76157318499736,7.086660471345534],[-70.76190593584592,7.086660471298751]]},"properties":{"tipo":"TPE3/4","estado":"INSTALADO","barrio":"7 DE AGOSTO","polivalvula":"SIETE DE AGOSTO","longitud_m":151.357056}},{"type":"Feature","geometry":{"type":"LineString","coordinates":[[-70.7609100577876,7.086035430884186],[-70.76134501226173,7.085988258132197],[-70.76163973480196,7.085969389397986],[-70.76184176272236,7.0859528790481],[-70.76190355955853,7.086450551889038],[-70.7619011822126,7.086518952549195],[-70.76190593584592,7.086660471298751]]},"properties":{"tipo":"TPE3/4","estado":"INSTALADO","barrio":"7 DE AGOSTO","polivalvula":"SIETE DE AGOSTO","longitud_m":182.045074}},{"type":"Feature","geometry":{"type":"LineString","coordinates":[[-70.76082211633923,7.085964672011723],[-70.76155892388236,7.085905705584008],[-70.76182032533448,7.085894716049031],[-70.76177924917593,7.085425831284526]]},"properties":{"tipo":"TPE3/4","estado":"INSTALADO","barrio":"7 DE AGOSTO","polivalvula":"SIETE DE AGOSTO","longitud_m":162.618546}},{"type":"Feature","geometry":{"type":"LineString","coordinates":[[-70.76007405890901,7.085517345405823],[-70.76047985759193,7.08608732105855],[-70.76052026342812,7.086129777218779],[-70.76058681403941,7.086127418271992],[-70.76064147967644,7.086113266545546],[-70.76068901640495,7.086080245259063],[-70.76073655212662,7.086035431158212],[-70.76068736261595,7.08551161772583]]},"properties":{"tipo":"TPE3/4","estado":"INSTALADO","barrio":"7 DE AGOSTO","polivalvula":"SIETE DE AGOSTO","longitud_m":169.227921}},{"type":"Feature","geometry":{"type":"LineString","coordinates":[[-70.76059464729815,7.086319685628768],[-70.76003777353489,7.085533039554412],[-70.75993340661856,7.085559571275031],[-70.76001162920663,7.086290164810042]]},"properties":{"tipo":"TPE3/4","estado":"INSTALADO","barrio":"7 DE AGOSTO","polivalvula":"7 DE AGOSTO 2","longitud_m":199.709427}},{"type":"Feature","geometry":{"type":"LineString","coordinates":[[-70.76103901551593,7.092092167790449],[-70.7611036643856,7.09145439842916],[-70.76108084725354,7.091410999432474],[-70.76030125776305,7.091403451996638],[-70.76028794767235,7.091958198453607],[-70.76103901499386,7.09209028068799]]},"properties":{"tipo":"TPE3/4","estado":"INSTALADO","barrio":"MIRAMAR","polivalvula":"","longitud_m":308.062958}},{"type":"Feature","geometry":{"type":"LineString","coordinates":[[-70.76121775048045,7.091469178689651],[-70.76111507236645,7.092106948396645],[-70.76185283103905,7.092231482712436],[-70.76198212846502,7.091310680001015]]},"properties":{"tipo":"TPE3/4","estado":"INSTALADO","barrio":"MIRAMAR","polivalvula":"","longitud_m":256.929657}},{"type":"Feature","geometry":{"type":"LineString","coordinates":[[-70.76148300137068,7.090675740007543],[-70.76142310544539,7.090573847282805],[-70.7611354311743,7.090579649176671],[-70.76075855297026,7.090556865642164],[-70.76033964727323,7.090552760475733],[-70.76032443642025,7.091327141913315],[-70.76086811979359,7.091331674878083]]},"properties":{"tipo":"TPE3/4","estado":"INSTALADO","barrio":"MIRAMAR","polivalvula":"","longitud_m":278.571411}},{"type":"Feature","geometry":{"type":"LineString","coordinates":[[-70.76154289653586,7.09040685735749],[-70.76153148764678,7.09023420641025],[-70.76152578334738,7.090101179448165],[-70.76150867014918,7.089990796285088],[-70.7614801486522,7.0898889041052],[-70.76148014898727,7.089772859516875],[-70.76120919405082,7.089775689833993],[-70.76122345490151,7.089908716292056],[-70.76132898471803,7.090237036307983],[-70.76143451467148,7.09045780322551],[-70.76154289653586,7.09040685735749]]},"properties":{"tipo":"TPE3/4","estado":"INSTALADO","barrio":"PRIMERO DE MAYO","polivalvula":"PRIMERO DE MAYO","longitud_m":193.904404}},{"type":"Feature","geometry":{"type":"LineString","coordinates":[[-70.76003153339299,7.086805452292758],[-70.76042580182533,7.086767962141906],[-70.76090903799214,7.086730000569556],[-70.76058875796112,7.086310847406692]]},"properties":{"tipo":"TPE3/4","estado":"INSTALADO","barrio":"7 DE AGOSTO","polivalvula":"7 DE AGOSTO 2","longitud_m":155.621628}},{"type":"Feature","geometry":{"type":"LineString","coordinates":[[-70.7599029060362,7.086220757849342],[-70.75983635564181,7.085461274381629]]},"properties":{"tipo":"TPE3/4","estado":"INSTALADO","barrio":"7 DE AGOSTO","polivalvula":"","longitud_m":212.639282}},{"type":"Feature","geometry":{"type":"LineString","coordinates":[[-70.75527955980525,7.087202226708921],[-70.75597596207791,7.087133826530621],[-70.75590465735131,7.086478124684448],[-70.75520587964598,7.086541807661087],[-70.75528193678531,7.087202227452323]]},"properties":{"tipo":"TPE3/4","estado":"INSTALADO","barrio":"CORDOBA","polivalvula":"","longitud_m":301.288116}},{"type":"Feature","geometry":{"type":"LineString","coordinates":[[-70.75530332839301,7.087284779233001],[-70.75536512469401,7.088056053385331],[-70.7554126603439,7.088471171778549],[-70.75547683443057,7.088940539354555],[-70.75551010955445,7.089150457451219],[-70.75565034057726,7.089044319009433],[-70.75602112078474,7.088600897016145],[-70.75616610546885,7.088421641254687],[-70.75610193158296,7.088060769868061],[-70.75599259946736,7.087223455018644],[-70.75530332839301,7.087284779233001]]},"properties":{"tipo":"TPE3/4","estado":"INSTALADO","barrio":"CORDOBA","polivalvula":"","longitud_m":526.863708}},{"type":"Feature","geometry":{"type":"LineString","coordinates":[[-70.75553482769338,7.089439153158684],[-70.75555764538504,7.089654259636834],[-70.75556137039804,7.089673511193485],[-70.75595347010018,7.089624062476195],[-70.75639426341924,7.089568473077762],[-70.75624216318202,7.088788172204157]]},"properties":{"tipo":"TPE3/4","estado":"INSTALADO","barrio":"SAN LUIS","polivalvula":"","longitud_m":258.819519}},{"type":"Feature","geometry":{"type":"LineString","coordinates":[[-70.75556739054947,7.090441679520092],[-70.75590893594796,7.09047034371855],[-70.75587369543511,7.090850242459024],[-70.75555479331544,7.090843004871408]]},"properties":{"tipo":"TPE3/4","estado":"INSTALADO","barrio":"SAN LUIS","polivalvula":"","longitud_m":115.299393}},{"type":"Feature","geometry":{"type":"LineString","coordinates":[[-70.75650075876786,7.092364312218478],[-70.7566598247723,7.091877484865482],[-70.75668872689174,7.091518221342839],[-70.75550250351876,7.0913218049665],[-70.75547873597858,7.091715693506785],[-70.75600163150278,7.092069485217309],[-70.75650075876786,7.092364312218478]]},"properties":{"tipo":"TPE3/4","estado":"INSTALADO","barrio":"SAN LUIS","polivalvula":"","longitud_m":406.80246}},{"type":"Feature","geometry":{"type":"LineString","coordinates":[[-70.75642636968121,7.092708494477951],[-70.75648649730928,7.092444504619133],[-70.75547160498198,7.091852492997402],[-70.75541693858108,7.092439787510535],[-70.75609194963542,7.092607248583206],[-70.75642636968121,7.092708494477951]]},"properties":{"tipo":"TPE3/4","estado":"INSTALADO","barrio":"SAN LUIS","polivalvula":"","longitud_m":340.450897}},{"type":"Feature","geometry":{"type":"LineString","coordinates":[[-70.75613378125026,7.0935988076675],[-70.75641422774896,7.092761802346056],[-70.7554045638095,7.092529715074416],[-70.7553266203686,7.093420496576365],[-70.75613378125026,7.0935988076675]]},"properties":{"tipo":"TPE3/4","estado":"INSTALADO","barrio":"SAN LUIS","polivalvula":"","longitud_m":402.287048}},{"type":"Feature","geometry":{"type":"LineString","coordinates":[[-70.7560087617386,7.094062036556694],[-70.75611096351156,7.0937082464549],[-70.7553242439026,7.093503048135559],[-70.75525016179252,7.093719223064453],[-70.75552389530434,7.093856838532012],[-70.75600400753213,7.094059678684329]]},"properties":{"tipo":"TPE3/4","estado":"INSTALADO","barrio":"SAN LUIS","polivalvula":"","longitud_m":247.26265}},{"type":"Feature","geometry":{"type":"LineString","coordinates":[[-70.75506041904349,7.094045526371309],[-70.7551055788256,7.094135153872775],[-70.75523630205412,7.0942106291739],[-70.75553577895343,7.094309690417795],[-70.75583763192766,7.094406393113092]]},"properties":{"tipo":"TPE3/4","estado":"INSTALADO","barrio":"SAN LUIS","polivalvula":"","longitud_m":97.648567}},{"type":"Feature","geometry":{"type":"LineString","coordinates":[[-70.75526482388076,7.093814383995151],[-70.75543832974553,7.093878066281716],[-70.75572592244778,7.094040809492212],[-70.75594696432901,7.094142229475629]]},"properties":{"tipo":"TPE3/4","estado":"INSTALADO","barrio":"SAN LUIS","polivalvula":"","longitud_m":83.808662}},{"type":"Feature","geometry":{"type":"LineString","coordinates":[[-70.75607293501714,7.094125718869996],[-70.75656017826398,7.094345068982772],[-70.7568953073194,7.093812024833457],[-70.75622267339492,7.0937106050834],[-70.75607293501714,7.094125718869996]]},"properties":{"tipo":"TPE3/4","estado":"INSTALADO","barrio":"SAN LUIS","polivalvula":"","longitud_m":252.603409}},{"type":"Feature","geometry":{"type":"LineString","coordinates":[[-70.75695948066254,7.093696453208159],[-70.75700701611309,7.092835561831509],[-70.75649600491822,7.09277187940179],[-70.75625357150373,7.09363277155402],[-70.7566433667533,7.093684660046972],[-70.75695948066254,7.093696453208159]]},"properties":{"tipo":"TPE3/4","estado":"INSTALADO","barrio":"SAN LUIS","polivalvula":"","longitud_m":329.53891}},{"type":"Feature","geometry":{"type":"LineString","coordinates":[[-70.75704227326175,7.092781475990099],[-70.75710958431024,7.092212012952154],[-70.75716302969023,7.091579553451609],[-70.75678557993596,7.091530468019688],[-70.75671704710156,7.092007690067732],[-70.75653002610763,7.092715811607591],[-70.75676618499172,7.092753172418798],[-70.75704227326175,7.092781475990099]]},"properties":{"tipo":"TPE3/4","estado":"INSTALADO","barrio":"SAN LUIS","polivalvula":"","longitud_m":367.047516}},{"type":"Feature","geometry":{"type":"LineString","coordinates":[[-70.75717575449133,7.091507825243516],[-70.75729460909507,7.090281181770748],[-70.75678597439077,7.090210423200392],[-70.75661246799272,7.090184478063492],[-70.75668176079951,7.090718725722882],[-70.75670343705742,7.090903264306666],[-70.75672853664986,7.091196487645211],[-70.75675705812407,7.09146706812589],[-70.75717575449133,7.091507825243516]]},"properties":{"tipo":"TPE3/4","estado":"INSTALADO","barrio":"SAN LUIS","polivalvula":"","longitud_m":401.645538}},{"type":"Feature","geometry":{"type":"LineString","coordinates":[[-70.7573350142143,7.089656146762484],[-70.75677884352439,7.088495702131089],[-70.7563557741469,7.088712696132083],[-70.75649362848841,7.089455663760581],[-70.75660874545493,7.090128882405826],[-70.75678122047114,7.090127871209505],[-70.75730923532892,7.090213792393421]]},"properties":{"tipo":"TPE3/4","estado":"INSTALADO","barrio":"SAN LUIS","polivalvula":"","longitud_m":432.08139}},{"type":"Feature","geometry":{"type":"LineString","coordinates":[[-70.75738568777437,7.089323133999025],[-70.75747524584382,7.088462680910079],[-70.7574562310052,7.088429660264182],[-70.75686702361139,7.088443586012742],[-70.75725000548935,7.089331052787512]]},"properties":{"tipo":"TPE3/4","estado":"INSTALADO","barrio":"SAN LUIS","polivalvula":"","longitud_m":271.876282}},{"type":"Feature","geometry":{"type":"LineString","coordinates":[[-70.75528811674185,7.088511268867927],[-70.75518116069571,7.087355538155406],[-70.75517407822645,7.087296197603125],[-70.75410992818831,7.087444122963635],[-70.75414853996679,7.088575735737814],[-70.75462499045615,7.088558441929592],[-70.75496962568349,7.088534855095086],[-70.75528573958304,7.088508909925577]]},"properties":{"tipo":"TPE3/4","estado":"INSTALADO","barrio":"CORDOBA","polivalvula":"","longitud_m":505.779877}},{"type":"Feature","geometry":{"type":"LineString","coordinates":[[-70.7554283475512,7.089308485091341],[-70.75530713055333,7.088582028005383],[-70.7541686449748,7.088633917972754],[-70.75417102190643,7.088813173438028],[-70.75420429678509,7.089195271721239],[-70.7542256880283,7.089402830650727],[-70.75493872738244,7.089261312483406],[-70.75495061115251,7.089320278403937],[-70.75419716630198,7.089459437405123],[-70.75423519579708,7.090119852483863],[-70.75425183271317,7.090129286903788],[-70.75465826548002,7.089888706817129],[-70.75493872721472,7.089711810654541],[-70.75515501605682,7.089544347807316],[-70.7554283475512,7.089308485091341]]},"properties":{"tipo":"TPE3/4","estado":"INSTALADO","barrio":"CORDOBA","polivalvula":"","longitud_m":698.529724}},{"type":"Feature","geometry":{"type":"LineString","coordinates":[[-70.7554373798607,7.091210477823324],[-70.75546875288039,7.090692525103351],[-70.75549727452072,7.090256652514069],[-70.75547730965236,7.089750020253857],[-70.75500670421923,7.089953805548623],[-70.75451898486133,7.090225518611687],[-70.75423947324825,7.090384017956591],[-70.75434321323374,7.090691410894223],[-70.7544191595525,7.091136889172731],[-70.75493254803165,7.091156701931615],[-70.75544023133146,7.091207647791868]]},"properties":{"tipo":"TPE3/4","estado":"INSTALADO","barrio":"SAN LUIS","polivalvula":"","longitud_m":514.613281}},{"type":"Feature","geometry":{"type":"LineString","coordinates":[[-70.7546054406944,7.09229771055787],[-70.75498388628904,7.092365255347003],[-70.75532899739457,7.092419031710634],[-70.75540885775308,7.091323691354376],[-70.75444482890505,7.09125859384073],[-70.75450757672859,7.091530306768593],[-70.75457021293599,7.091854492229626],[-70.7546054406944,7.09229771055787]]},"properties":{"tipo":"TPE3/4","estado":"INSTALADO","barrio":"SAN LUIS","polivalvula":"","longitud_m":425.784515}},{"type":"Feature","geometry":{"type":"LineString","coordinates":[[-70.75514931144684,7.09365305481487],[-70.7552263198477,7.093525690513793],[-70.75524628502457,7.093403986807221],[-70.7552548416135,7.093194542620507],[-70.75526339748025,7.092900187928032],[-70.75531473706384,7.092535075369827],[-70.75459599317163,7.092368085531348],[-70.75449046356684,7.092730368086465],[-70.75436211627694,7.093259639988736],[-70.75439063797279,7.093302094733154],[-70.7547186357635,7.093460593316572],[-70.75498959126418,7.093596448454038],[-70.75514931203509,7.093658716118039]]},"properties":{"tipo":"TPE3/4","estado":"INSTALADO","barrio":"SAN LUIS","polivalvula":"","longitud_m":408.4375}},{"type":"Feature","geometry":{"type":"LineString","coordinates":[[-70.75390516897676,7.092209272801854],[-70.75298487288009,7.091852650570734],[-70.75289170308247,7.09217908192074],[-70.75296966151456,7.092303617215613],[-70.75305142387347,7.092397961545217],[-70.75331001893272,7.092603632614934],[-70.75362755911088,7.092824398055709],[-70.75381009767194,7.092437586450958],[-70.75390516897676,7.092209272801854]]},"properties":{"tipo":"TPE3/4","estado":"INSTALADO","barrio":"SANTA FE","polivalvula":"SANTA FE","longitud_m":330.534027}},{"type":"Feature","geometry":{"type":"LineString","coordinates":[[-70.7528175466325,7.091733776522441],[-70.75296966139095,7.09178660950531],[-70.75320924305885,7.091871519113566],[-70.75336896373096,7.091926238954205],[-70.7536484753636,7.092033791570795],[-70.75387664790874,7.092096059436354],[-70.75400974821295,7.09177340092916],[-70.7541409472875,7.091792270142853],[-70.75421700478942,7.091697925532677],[-70.75430447113773,7.091582824405488],[-70.75434630244892,7.091552634571418],[-70.75426644201158,7.091207333580349],[-70.75389376018593,7.091226201954649],[-70.7537017148799,7.09121676737455],[-70.75337847053258,7.091135630838564],[-70.75310466427942,7.09102241714678],[-70.75290501316344,7.090958262764908],[-70.75285821513587,7.091381379171872]]},"properties":{"tipo":"TPE3/4","estado":"INSTALADO","barrio":"SANTA FE","polivalvula":"SANTA FE","longitud_m":453.536682}},{"type":"Feature","geometry":{"type":"LineString","coordinates":[[-70.75419060651072,7.090848472120816],[-70.75410672121193,7.090505408047495],[-70.75366558792976,7.090643151238275],[-70.75351537434123,7.090656360212094],[-70.75334424541977,7.090633716809946],[-70.75300769068315,7.090541258994728],[-70.75293733696806,7.090905430249432],[-70.75325487742485,7.09100354881751],[-70.75359903794346,7.091099780547856],[-70.75383101276596,7.09116582165314],[-70.75399331969713,7.091155225150334]]},"properties":{"tipo":"TPE3/4","estado":"INSTALADO","barrio":"SANTA FE","polivalvula":"SANTA FE","longitud_m":326.244965}},{"type":"Feature","geometry":{"type":"LineString","coordinates":[[-70.75339178120109,7.090012928143902],[-70.75347544447978,7.09001481481739],[-70.75352297998731,7.089675173410354],[-70.75358382580949,7.089733667128508],[-70.75353058634774,7.090137463284383],[-70.7535534032276,7.090141237117733],[-70.75373974449099,7.090126141782416],[-70.75405348103861,7.090120481053472],[-70.7540268613782,7.089452519179837],[-70.7532054404034,7.089444971558576],[-70.75316969600026,7.089591098825525],[-70.753098959756,7.089973303568226],[-70.75300769069725,7.09033558761362],[-70.75311226996507,7.090382760392277],[-70.75328035797162,7.090439512435107],[-70.75357051624468,7.090452575486751],[-70.75373404017431,7.090407289625658],[-70.75397362063616,7.090295962922548]]},"properties":{"tipo":"TPE3/4","estado":"INSTALADO","barrio":"CORDOBA","polivalvula":"","longitud_m":537.341431}},{"type":"Feature","geometry":{"type":"LineString","coordinates":[[-70.75342600720248,7.09020539199972],[-70.75366368684813,7.090205391328856],[-70.75397171943125,7.090177087799964],[-70.75397362063616,7.090295962922548]]},"properties":{"tipo":"TPE3/4","estado":"INSTALADO","barrio":"CORDOBA","polivalvula":"","longitud_m":73.579979}},{"type":"Feature","geometry":{"type":"LineString","coordinates":[[-70.75401506991463,7.089367797585799],[-70.75398693055729,7.088654358843751],[-70.75334614635229,7.088631716550342],[-70.7531407915201,7.088643037847243],[-70.75318832681008,7.089137406472544],[-70.75321304570893,7.089378930142203],[-70.7534336123231,7.089388363983482],[-70.75368840505317,7.089378929763171],[-70.75401506991463,7.089367797585799]]},"properties":{"tipo":"TPE3/4","estado":"INSTALADO","barrio":"CORDOBA","polivalvula":"","longitud_m":342.961639}},{"type":"Feature","geometry":{"type":"LineString","coordinates":[[-70.75397171949473,7.088548692294057],[-70.75397171912928,7.088367549573973],[-70.75396411333213,7.088199614883432],[-70.75393559223646,7.0877882693676],[-70.75391087374295,7.087518441901939],[-70.75357051618717,7.087552405951912],[-70.75318832753442,7.087592030805116],[-70.75304381748077,7.087625995432886],[-70.75309895939726,7.08819584167433],[-70.75313128384876,7.088522275738488],[-70.75377206861593,7.088558127124799],[-70.75396601500445,7.088544918641972]]},"properties":{"tipo":"TPE3/4","estado":"INSTALADO","barrio":"CORDOBA","polivalvula":"","longitud_m":402.800781}},{"type":"Feature","geometry":{"type":"LineString","coordinates":[[-70.75385525685788,7.086673105714001],[-70.7529948556756,7.086732072137879],[-70.75301624728772,7.086993880524716],[-70.75305902910316,7.087456173286645],[-70.75332285357426,7.087434945489345],[-70.7536460984487,7.087406641849665],[-70.75390754630848,7.087378338371429]]},"properties":{"tipo":"TPE3/4","estado":"INSTALADO","barrio":"CORDOBA","polivalvula":"","longitud_m":269.813721}},{"type":"Feature","geometry":{"type":"LineString","coordinates":[[-70.75296395702031,7.086642443558318],[-70.7532895789761,7.086623574594369],[-70.75387664758252,7.086578760116802],[-70.75384337220083,7.085925416519757],[-70.75287126204144,7.085986740962306],[-70.75295682715421,7.086644802204518]]},"properties":{"tipo":"TPE3/4","estado":"INSTALADO","barrio":"CORDOBA","polivalvula":"","longitud_m":354.426697}},{"type":"Feature","geometry":{"type":"LineString","coordinates":[[-70.7528427412043,7.08562822698864],[-70.7528688855335,7.085873525894036],[-70.75383148822245,7.085821635759054]]},"properties":{"tipo":"TPE3/4","estado":"INSTALADO","barrio":"CRISTO REY","polivalvula":"","longitud_m":133.781509}},{"type":"Feature","geometry":{"type":"LineString","coordinates":[[-70.7516686025064,7.082837941178902],[-70.75206315156036,7.082802561398424],[-70.75240778675322,7.082774257162177],[-70.75235756746774,7.082270212292935],[-70.75194193485103,7.082309600452379],[-70.75162041348004,7.082341513006143],[-70.7516686025064,7.082837941178902]]},"properties":{"tipo":"TPE3/4","estado":"INSTALADO","barrio":"LAS AMERICAS","polivalvula":"","longitud_m":274.965057}},{"type":"Feature","geometry":{"type":"LineString","coordinates":[[-70.75174941391147,7.083434681623528],[-70.75246720678103,7.083375715246339],[-70.75240540999779,7.082885114338321],[-70.7516923705646,7.082925211164682],[-70.75174941391147,7.083434681623528]]},"properties":{"tipo":"TPE3/4","estado":"INSTALADO","barrio":"LAS AMERICAS","polivalvula":"","longitud_m":269.846924}},{"type":"Feature","geometry":{"type":"LineString","coordinates":[[-70.75185399311933,7.084330970552438],[-70.75221288904036,7.084323893954654],[-70.75259079999901,7.084293232105442],[-70.7524862209616,7.083514875803593],[-70.75176131732043,7.083584860530936],[-70.75185399311933,7.084330970552438]]},"properties":{"tipo":"TPE3/4","estado":"INSTALADO","barrio":"LAS AMERICAS","polivalvula":"","longitud_m":332.003784}},{"type":"Feature","geometry":{"type":"LineString","coordinates":[[-70.75196570240409,7.085250843701925],[-70.75269062537727,7.08515178007103],[-70.75260268467848,7.084425315792201],[-70.75188013819432,7.084472488888593],[-70.75196570240409,7.085250843701925]]},"properties":{"tipo":"TPE3/4","estado":"INSTALADO","barrio":"LAS AMERICAS","polivalvula":"","longitud_m":328.353271}},{"type":"Feature","geometry":{"type":"LineString","coordinates":[[-70.75204413690075,7.085920699204781],[-70.75276430675065,7.085885318905003],[-70.7527053008137,7.085259171532143],[-70.75199112108079,7.085344082659743],[-70.75204413690075,7.085920699204781]]},"properties":{"tipo":"TPE3/4","estado":"INSTALADO","barrio":"LAS AMERICAS","polivalvula":"","longitud_m":292.707031}},{"type":"Feature","geometry":{"type":"LineString","coordinates":[[-70.75287126231133,7.08664480214214],[-70.75275717597485,7.086007969167225],[-70.75206077464303,7.086055141703643],[-70.75212019400998,7.086732072028524],[-70.7528760156805,7.086649519145025]]},"properties":{"tipo":"TPE3/4","estado":"INSTALADO","barrio":"LA UNION","polivalvula":"miguel","longitud_m":307.809967}},{"type":"Feature","geometry":{"type":"LineString","coordinates":[[-70.7522223969023,7.08753872592739],[-70.75294494342408,7.087475042418458],[-70.75287601616674,7.086776886260711],[-70.75214158524925,7.08684528683348],[-70.7522223969023,7.08753872592739]]},"properties":{"tipo":"TPE3/4","estado":"INSTALADO","barrio":"LA UNION","polivalvula":"miguel","longitud_m":316.416656}},{"type":"Feature","geometry":{"type":"LineString","coordinates":[[-70.75233410638067,7.08847038630224],[-70.75303763800962,7.088519917278653],[-70.75296395733184,7.087633071243025],[-70.75224854151179,7.087696754334454],[-70.75233410638067,7.08847038630224]]},"properties":{"tipo":"TPE3/4","estado":"INSTALADO","barrio":"LA UNION","polivalvula":"JORGE UNION 3","longitud_m":341.760773}},{"type":"Feature","geometry":{"type":"LineString","coordinates":[[-70.75241729375428,7.089369023667721],[-70.7530851741094,7.089371382008101],[-70.75304001502462,7.088640206930102],[-70.75233648270803,7.088569448551233],[-70.75241016337289,7.089364305901048]]},"properties":{"tipo":"TPE3/4","estado":"INSTALADO","barrio":"LA UNION","polivalvula":"JORGE UNION 3","longitud_m":321.199738}},{"type":"Feature","geometry":{"type":"LineString","coordinates":[[-70.75249316326148,7.090204027943392],[-70.75268026392669,7.090236859777289],[-70.75289778738812,7.090284264354111],[-70.75301624731385,7.089859617391212],[-70.7530732905429,7.089644982542954],[-70.75308279703421,7.089463368153069],[-70.75244343867162,7.089475161761368],[-70.75249316326148,7.090204027943392]]},"properties":{"tipo":"TPE3/4","estado":"INSTALADO","barrio":"LA UNION","polivalvula":"JORGE UNION 3","longitud_m":290.447327}},{"type":"Feature","geometry":{"type":"LineString","coordinates":[[-70.75234228402309,7.090801324929418],[-70.75283950989774,7.090887179003539],[-70.7528974067911,7.090531825126109],[-70.75243868555216,7.090399741947705],[-70.75234228402309,7.090801324929418]]},"properties":{"tipo":"TPE3/4","estado":"INSTALADO","barrio":"SANTA FE","polivalvula":"SANTA FE","longitud_m":193.97464}},{"type":"Feature","geometry":{"type":"LineString","coordinates":[[-70.7527829101159,7.091256619661959],[-70.75282372629144,7.090963452235112],[-70.75233410629701,7.090857314645434],[-70.75218674494765,7.091515368337648]]},"properties":{"tipo":"TPE3/4","estado":"INSTALADO","barrio":"SANTA FE","polivalvula":"SANTA FE","longitud_m":162.659027}},{"type":"Feature","geometry":{"type":"LineString","coordinates":[[-70.75210831076578,7.091482347471704],[-70.75225290196481,7.090832608855648],[-70.75189439867373,7.090746458966008],[-70.75181358747778,7.09137856834498],[-70.7521059339184,7.09148470671714]]},"properties":{"tipo":"TPE3/4","estado":"INSTALADO","barrio":"SANTA FE","polivalvula":"SANTA FE","longitud_m":219.184921}},{"type":"Feature","geometry":{"type":"LineString","coordinates":[[-70.7517636749231,7.091321961931908],[-70.75183432735699,7.090741403886996],[-70.75145944467633,7.0906544726989],[-70.75146419869792,7.091133272397168],[-70.75174941397563,7.091324320981121]]},"properties":{"tipo":"TPE3/4","estado":"INSTALADO","barrio":"SANTA FE","polivalvula":"SANTA FE","longitud_m":198.086914}},{"type":"Feature","geometry":{"type":"LineString","coordinates":[[-70.75136437291123,7.090569562408989],[-70.75137150342125,7.090435121224299],[-70.75133822815383,7.090208693731596],[-70.75064420300458,7.09015680404779],[-70.75063944926252,7.090420969438097],[-70.75136674975667,7.09056720407143]]},"properties":{"tipo":"TPE3/4","estado":"INSTALADO","barrio":"SANTA FE","polivalvula":"SANTA FE","longitud_m":228.266052}},{"type":"Feature","geometry":{"type":"LineString","coordinates":[[-70.75060965815004,7.089981730615427],[-70.75125504011497,7.090003493854073],[-70.75125741694275,7.08954827931365],[-70.75059191406194,7.089541203613106],[-70.75060937939084,7.089981680687403]]},"properties":{"tipo":"TPE3/4","estado":"INSTALADO","barrio":"LA UNION","polivalvula":"JORGE UNION 1","longitud_m":243.961853}},{"type":"Feature","geometry":{"type":"LineString","coordinates":[[-70.75056576881273,7.0894374236316],[-70.75126217076705,7.089432706558304],[-70.75121701153763,7.088569448858232],[-70.7505063487956,7.088585958631361],[-70.75051823316824,7.088866635889632],[-70.75056576866493,7.089435065434134]]},"properties":{"tipo":"TPE3/4","estado":"INSTALADO","barrio":"LA UNION","polivalvula":"JORGE UNION 1","longitud_m":345.22226}},{"type":"Feature","geometry":{"type":"LineString","coordinates":[[-70.75048495772906,7.08848453747394],[-70.75119799715083,7.088479820383136],[-70.75118373656956,7.087821762009646],[-70.75044692866705,7.087904314566278],[-70.75048733427298,7.088477461841062]]},"properties":{"tipo":"TPE3/4","estado":"INSTALADO","barrio":"LA UNION","polivalvula":"JORGE UNION 3","longitud_m":297.022369}},{"type":"Feature","geometry":{"type":"LineString","coordinates":[[-70.75047782786376,7.087748644634426],[-70.75118373595414,7.087656657427815],[-70.7511171859096,7.086949066393288],[-70.75036136432303,7.087029259990987],[-70.75047307389961,7.087748644002446]]},"properties":{"tipo":"TPE3/4","estado":"INSTALADO","barrio":"LA UNION","polivalvula":"miguel","longitud_m":321.726471}},{"type":"Feature","geometry":{"type":"LineString","coordinates":[[-70.75024490176972,7.086102314136634],[-70.75105776604872,7.086000892625378],[-70.75100547616447,7.085460763497771],[-70.75018072780165,7.085573978435236],[-70.75024727783844,7.086102314000652]]},"properties":{"tipo":"TPE3/4","estado":"INSTALADO","barrio":"LAS AMERICAS","polivalvula":"","longitud_m":301.37619}},{"type":"Feature","geometry":{"type":"LineString","coordinates":[[-70.75236609838946,7.090414037467097],[-70.75184085914825,7.090283859365138],[-70.75182357436957,7.090671062746875],[-70.75228524101436,7.090774908095162],[-70.75236609838946,7.090414037467097]]},"properties":{"tipo":"TPE3/4","estado":"INSTALADO","barrio":"SANTA FE","polivalvula":"SANTA FE","longitud_m":195.827072}},{"type":"Feature","geometry":{"type":"LineString","coordinates":[[-70.75178031218755,7.090251148475788],[-70.75141903965151,7.090208693482707],[-70.75142141556326,7.090586072753359],[-70.75178073800357,7.090659067218222],[-70.75178268902926,7.090248790135907]]},"properties":{"tipo":"TPE3/4","estado":"INSTALADO","barrio":"SANTA FE","polivalvula":"SANTA FE","longitud_m":167.806488}},{"type":"Feature","geometry":{"type":"LineString","coordinates":[[-70.75240303301032,7.090149728154739],[-70.75231509202166,7.089489313384724],[-70.75138101054587,7.089519975463813],[-70.75137150301764,7.090005852424496],[-70.75167733246093,7.090028903866983],[-70.75178897609614,7.09005076200759],[-70.75196894849165,7.090085997960285],[-70.75218674435506,7.090119065791529],[-70.75240303285398,7.090147369052694]]},"properties":{"tipo":"TPE3/4","estado":"INSTALADO","barrio":"LA UNION","polivalvula":"JORGE UNION 3","longitud_m":345.822906}},{"type":"Feature","geometry":{"type":"LineString","coordinates":[[-70.75227706326257,7.088935036146579],[-70.7522295270361,7.088564731460626],[-70.75131543025236,7.088577084427505],[-70.75133347420099,7.088982208857043]]},"properties":{"tipo":"TPE3/4","estado":"INSTALADO","barrio":"LA UNION","polivalvula":"JORGE UNION 3","longitud_m":187.131699}},{"type":"Feature","geometry":{"type":"LineString","coordinates":[[-70.7522223966345,7.088477462299523],[-70.75214871555242,7.087725057897899],[-70.75130229417216,7.087820580225848],[-70.75130932355628,7.088501709143293],[-70.75184448567015,7.088477461693528],[-70.75222001964859,7.088477461540179]]},"properties":{"tipo":"TPE3/4","estado":"INSTALADO","barrio":"LA UNION","polivalvula":"JORGE UNION 3","longitud_m":353.715057}},{"type":"Feature","geometry":{"type":"LineString","coordinates":[[-70.7521240810396,7.087569273002046],[-70.75203938293052,7.086866514125328],[-70.7512217654097,7.086930197364759],[-70.75126755748413,7.087641389787287],[-70.7521240810396,7.087569273002046]]},"properties":{"tipo":"TPE3/4","estado":"INSTALADO","barrio":"LA UNION","polivalvula":"miguel","longitud_m":342.659485}},{"type":"Feature","geometry":{"type":"LineString","coordinates":[[-70.75200848455512,7.086750940792069],[-70.751927673929,7.086066934450927],[-70.75119799725847,7.086123542302373],[-70.75125979385965,7.086824059038228],[-70.75200610788835,7.086755658236637]]},"properties":{"tipo":"TPE3/4","estado":"INSTALADO","barrio":"LA UNION","polivalvula":"miguel","longitud_m":317.595093}},{"type":"Feature","geometry":{"type":"LineString","coordinates":[[-70.75115996851592,7.0859985338376],[-70.75192767351248,7.085923057244166],[-70.7518658773993,7.085354624037335],[-70.75110292532162,7.085427742094075],[-70.75115759154234,7.08599853397762]]},"properties":{"tipo":"TPE3/4","estado":"INSTALADO","barrio":"LAS AMERICAS","polivalvula":"","longitud_m":296.546844}},{"type":"Feature","geometry":{"type":"LineString","coordinates":[[-70.75186587750794,7.085246126128379],[-70.75175654429555,7.084489000139723],[-70.75096982458163,7.084557400370444],[-70.75106014316277,7.085224897998659],[-70.75108628742521,7.085342830768955],[-70.75142379286389,7.085302734070085],[-70.75186587750794,7.085246126128379]]},"properties":{"tipo":"TPE3/4","estado":"INSTALADO","barrio":"LAS AMERICAS","polivalvula":"","longitud_m":346.481873}},{"type":"Feature","geometry":{"type":"LineString","coordinates":[[-70.75096507115002,7.085359341658044],[-70.75087475219114,7.084583241229064],[-70.75039939279219,7.084618725850146],[-70.75045232394842,7.085408900397743],[-70.75096507115002,7.085359341658044]]},"properties":{"tipo":"TPE3/4","estado":"INSTALADO","barrio":"LAS AMERICAS","polivalvula":"","longitud_m":283.566345}},{"type":"Feature","geometry":{"type":"LineString","coordinates":[[-70.75176367451934,7.084354557096098],[-70.75164958869426,7.083557331138394],[-70.75082483947358,7.08364460178293],[-70.75094367962927,7.084441826694664],[-70.75176367451934,7.084354557096098]]},"properties":{"tipo":"TPE3/4","estado":"INSTALADO","barrio":"LAS AMERICAS","polivalvula":"","longitud_m":360.932526}},{"type":"Feature","geometry":{"type":"LineString","coordinates":[[-70.75084147749662,7.084472489251261],[-70.75073194768206,7.083682189932164],[-70.75034737411357,7.083711765966804],[-70.75040890080328,7.084505510107285],[-70.75084147749662,7.084472489251261]]},"properties":{"tipo":"TPE3/4","estado":"INSTALADO","barrio":"LAS AMERICAS","polivalvula":"","longitud_m":266.82193}},{"type":"Feature","geometry":{"type":"LineString","coordinates":[[-70.75164958872186,7.083474778829087],[-70.75157115463092,7.082937004942353],[-70.75033521993097,7.083010123002999],[-70.75034948050447,7.083569124505769],[-70.751644834955,7.08347713731363]]},"properties":{"tipo":"TPE3/4","estado":"INSTALADO","barrio":"LAS AMERICAS","polivalvula":"","longitud_m":402.194}},{"type":"Feature","geometry":{"type":"LineString","coordinates":[[-70.75155451625469,7.082845017221535],[-70.75150460374084,7.082344980912567],[-70.75029006079313,7.082422816749585],[-70.75033046612572,7.082925210968973],[-70.75155214020296,7.08284501646073]]},"properties":{"tipo":"TPE3/4","estado":"INSTALADO","barrio":"LAS AMERICAS","polivalvula":"","longitud_m":381.028992}},{"type":"Feature","geometry":{"type":"LineString","coordinates":[[-70.7504950595247,7.089950424666932],[-70.75047366812002,7.089568327394192],[-70.74971546984958,7.089561251204224],[-70.74972376620315,7.089953793800395],[-70.75049505906085,7.089957500162749]]},"properties":{"tipo":"TPE3/4","estado":"INSTALADO","barrio":"LA UNION","polivalvula":"JORGE UNION 1","longitud_m":254.721786}},{"type":"Feature","geometry":{"type":"LineString","coordinates":[[-70.75047129133682,7.089440961363779],[-70.75041754901639,7.088590393721296],[-70.74968219452201,7.0886036486622],[-70.74972022296296,7.089457472180085],[-70.75046891478642,7.089448037900267]]},"properties":{"tipo":"TPE3/4","estado":"INSTALADO","barrio":"LA UNION","polivalvula":"JORGE UNION 1","longitud_m":352.745514}},{"type":"Feature","geometry":{"type":"LineString","coordinates":[[-70.75037859600683,7.088466847578514],[-70.75037621931426,7.088471565013243],[-70.75033581379597,7.087926721529922],[-70.74966317989794,7.087983328092867],[-70.74969170145232,7.088497510268602],[-70.75037621975419,7.088478641414254]]},"properties":{"tipo":"TPE3/4","estado":"INSTALADO","barrio":"LA UNION","polivalvula":"JORGE UNION 3","longitud_m":268.182159}},{"type":"Feature","geometry":{"type":"LineString","coordinates":[[-70.75035482814407,7.087756899483209],[-70.7502359879614,7.087039874054784],[-70.74955622398309,7.087134219320087],[-70.74964416587373,7.087834734687455],[-70.75035482829057,7.087759258585022]]},"properties":{"tipo":"TPE3/4","estado":"INSTALADO","barrio":"LA UNION","polivalvula":"miguel","longitud_m":313.229401}},{"type":"Feature","geometry":{"type":"LineString","coordinates":[[-70.75015280002965,7.086235577885399],[-70.74945073954937,7.086305224946526],[-70.74954659346258,7.087041328665181]]},"properties":{"tipo":"TPE3/4","estado":"INSTALADO","barrio":"LA UNION","polivalvula":"miguel","longitud_m":160.036545}},{"type":"Feature","geometry":{"type":"LineString","coordinates":[[-70.74990561369346,7.086117645808706],[-70.75014804712346,7.0860917009752],[-70.75008862703436,7.085575157792608],[-70.74983880458633,7.085606797583864]]},"properties":{"tipo":"TPE3/4","estado":"INSTALADO","barrio":"LAS AMERICAS","polivalvula":"","longitud_m":112.258972}},{"type":"Feature","geometry":{"type":"LineString","coordinates":[[-70.75031679978332,7.084513765921204],[-70.75026446516654,7.083698238422802],[-70.74949680413677,7.083761355433981],[-70.74957523846844,7.084593959412955],[-70.75031679917291,7.084518483220627]]},"properties":{"tipo":"TPE3/4","estado":"INSTALADO","barrio":"LAS AMERICAS","polivalvula":"","longitud_m":350.309052}},{"type":"Feature","geometry":{"type":"LineString","coordinates":[[-70.74943052302632,7.08410003556715],[-70.74940410963609,7.08378730075423],[-70.74884318554626,7.083832114642812],[-70.74889887431502,7.084668953327958]]},"properties":{"tipo":"TPE3/4","estado":"INSTALADO","barrio":"LAS AMERICAS","polivalvula":"","longitud_m":189.629089}},{"type":"Feature","geometry":{"type":"LineString","coordinates":[[-70.74950393494888,7.08364106344497],[-70.74986996196556,7.083617477234937],[-70.75026277091756,7.083583672034929],[-70.7502098435623,7.083046682713193],[-70.74949680437257,7.083110366269466],[-70.74950393494888,7.08364106344497]]},"properties":{"tipo":"TPE3/4","estado":"INSTALADO","barrio":"LAS AMERICAS","polivalvula":"","longitud_m":281.538849}},{"type":"Feature","geometry":{"type":"LineString","coordinates":[[-70.74877663499248,7.083157539013833],[-70.74933755912305,7.083126877066607],[-70.74938271832099,7.083659933041963],[-70.74884318508435,7.08370238936344]]},"properties":{"tipo":"TPE3/4","estado":"INSTALADO","barrio":"LAS AMERICAS","polivalvula":"","longitud_m":181.015869}},{"type":"Feature","geometry":{"type":"LineString","coordinates":[[-70.7494634188554,7.082996925890604],[-70.7498390632868,7.082985357178014],[-70.7502217277697,7.082935825028703],[-70.7501979598716,7.082440506255544],[-70.74946115220702,7.082506549358165],[-70.7494634188554,7.082996925890604]]},"properties":{"tipo":"TPE3/4","estado":"INSTALADO","barrio":"LAS AMERICAS","polivalvula":"","longitud_m":274.951263}},{"type":"Feature","geometry":{"type":"LineString","coordinates":[[-70.74856985321325,7.082619764467342],[-70.74882179440614,7.082577308731],[-70.74934231288019,7.082511266023357],[-70.74937307068326,7.083028002489754],[-70.74877333892074,7.08308905039433]]},"properties":{"tipo":"TPE3/4","estado":"INSTALADO","barrio":"LAS AMERICAS","polivalvula":"","longitud_m":210.042862}},{"type":"Feature","geometry":{"type":"LineString","coordinates":[[-70.74872149348522,7.083857588127648],[-70.74880705798964,7.08465858669602],[-70.74839349545188,7.084715194746036],[-70.74823446656144,7.083881209840885]]},"properties":{"tipo":"TPE3/4","estado":"INSTALADO","barrio":"LAS AMERICAS","polivalvula":"","longitud_m":229.095093}},{"type":"Feature","geometry":{"type":"LineString","coordinates":[[-70.74955432306821,7.085524682208595],[-70.74948587105646,7.084698212268725],[-70.74892684857772,7.084737837343744],[-70.74846194663812,7.084783123643665],[-70.74858955964514,7.085646423561799],[-70.74955147069387,7.085527513108152]]},"properties":{"tipo":"TPE3/4","estado":"INSTALADO","barrio":"LAS AMERICAS","polivalvula":"","longitud_m":408.822662}},{"type":"Feature","geometry":{"type":"LineString","coordinates":[[-70.74861311149714,7.08573413025857],[-70.7492691073859,7.085671861967586],[-70.74932615051648,7.086254918626245],[-70.74867585862057,7.08633699966957],[-70.74861311149714,7.08573413025857]]},"properties":{"tipo":"TPE3/4","estado":"INSTALADO","barrio":"LAS AMERICAS","polivalvula":"","longitud_m":277.033722}},{"type":"Feature","geometry":{"type":"LineString","coordinates":[[-70.74943168019725,7.087064403670041],[-70.74933755936458,7.086373794115184],[-70.74869011924693,7.086433231979643],[-70.74876142377202,7.087118180461286],[-70.74943168019725,7.087064403670041]]},"properties":{"tipo":"TPE3/4","estado":"INSTALADO","barrio":"LA UNION","polivalvula":"","longitud_m":299.354492}},{"type":"Feature","geometry":{"type":"LineString","coordinates":[[-70.74956287915919,7.087845584007984],[-70.74946590616217,7.087163466686482],[-70.74878709262248,7.087222904195801],[-70.74883843177663,7.08791068229619],[-70.74956287915919,7.087845584007984]]},"properties":{"tipo":"TPE3/4","estado":"INSTALADO","barrio":"LA UNION","polivalvula":"","longitud_m":308.106689}},{"type":"Feature","geometry":{"type":"LineString","coordinates":[[-70.74954576673944,7.08850505789511],[-70.74954576661779,7.088023897041307],[-70.74880705744322,7.088083334754338],[-70.74880135326919,7.088499396980408],[-70.74913220339113,7.088510718351538],[-70.74954291453747,7.088505057690965]]},"properties":{"tipo":"TPE3/4","estado":"INSTALADO","barrio":"LA UNION","polivalvula":"","longitud_m":263.055511}},{"type":"Feature","geometry":{"type":"LineString","coordinates":[[-70.74877568369055,7.089490021400174],[-70.74916072562941,7.089487190336944],[-70.74960280945601,7.08946454803286],[-70.74957143616408,7.088618272187069],[-70.74879850133954,7.088587138339998],[-70.74877568388708,7.089487190298051]]},"properties":{"tipo":"TPE3/4","estado":"INSTALADO","barrio":"LA UNION","polivalvula":"","longitud_m":370.130585}},{"type":"Feature","geometry":{"type":"LineString","coordinates":[[-70.7487597372827,7.089936811579693],[-70.74899931882086,7.089949076715683],[-70.74960771926081,7.08995208705169],[-70.74961136606655,7.089572101604168],[-70.74876142290793,7.089577761918505],[-70.7487597372827,7.089936811579693]]},"properties":{"tipo":"TPE3/4","estado":"INSTALADO","barrio":"LA UNION","polivalvula":"LA UNION","longitud_m":269.351715}},{"type":"Feature","geometry":{"type":"LineString","coordinates":[[-70.74868272908982,7.089950020142934],[-70.74867300605908,7.089580591951971],[-70.74803412333573,7.089526815979547],[-70.74802990894577,7.089832424622635],[-70.7483071950773,7.089892469424874],[-70.74868272908982,7.089950020142934]]},"properties":{"tipo":"TPE3/4","estado":"INSTALADO","barrio":"LA UNION","polivalvula":"LA UNION UNO","longitud_m":218.820557}},{"type":"Feature","geometry":{"type":"LineString","coordinates":[[-70.74869582336282,7.089481530369743],[-70.74871864081904,7.088609781307885],[-70.74837638237598,7.088629593685764],[-70.7479542629542,7.088703182629597],[-70.74803412301607,7.089441904619136],[-70.74869011985254,7.089481529951104]]},"properties":{"tipo":"TPE3/4","estado":"INSTALADO","barrio":"LA UNION","polivalvula":"LA UNION UNO","longitud_m":336.432648}},{"type":"Feature","geometry":{"type":"LineString","coordinates":[[-70.74870438053276,7.088507888608319],[-70.74868441543812,7.088111637700584],[-70.7478886636932,7.088199378966592],[-70.74793144582395,7.088581477886829],[-70.74809116673451,7.088589968684212],[-70.74827655632807,7.088550343447208],[-70.748707232026,7.088505057714767]]},"properties":{"tipo":"TPE3/4","estado":"INSTALADO","barrio":"LA UNION","polivalvula":"LA UNION UNO","longitud_m":261.301758}},{"type":"Feature","geometry":{"type":"LineString","coordinates":[[-70.74868726732167,7.087933325477464],[-70.74862452004031,7.087200261553259],[-70.74778883753078,7.087310645893632],[-70.7478629938981,7.088021066429231],[-70.74840490333865,7.087958799067958],[-70.74868726732167,7.087933325477464]]},"properties":{"tipo":"TPE3/4","estado":"INSTALADO","barrio":"LA UNION","polivalvula":"UNION","longitud_m":345.072174}},{"type":"Feature","geometry":{"type":"LineString","coordinates":[[-70.74863878055933,7.08711535032192],[-70.74855321562859,7.086464365874778],[-70.74769471652587,7.086554937949138],[-70.74777457687274,7.087217243764801],[-70.74863878036328,7.087118180520076]]},"properties":{"tipo":"TPE3/4","estado":"INSTALADO","barrio":"LA UNION","polivalvula":"","longitud_m":337.860199}},{"type":"Feature","geometry":{"type":"LineString","coordinates":[[-70.74855892042841,7.086353981325058],[-70.74847905944154,7.085751112454331],[-70.7476034476409,7.085841684066883],[-70.74766049108878,7.086441722924634],[-70.74855891991592,7.086348320927983]]},"properties":{"tipo":"TPE3/4","estado":"INSTALADO","barrio":"LAS AMERICAS","polivalvula":"","longitud_m":330.956299}},{"type":"Feature","geometry":{"type":"LineString","coordinates":[[-70.74748936100039,7.085199188812061],[-70.74754925687226,7.085742621230231],[-70.74796281930578,7.085714317770903],[-70.74849617290116,7.085654879733798],[-70.74837638255265,7.084907660545646]]},"properties":{"tipo":"TPE3/4","estado":"INSTALADO","barrio":"LAS AMERICAS","polivalvula":"","longitud_m":249.238022}},{"type":"Feature","geometry":{"type":"LineString","coordinates":[[-70.7473581618266,7.085006723582786],[-70.74694745166113,7.08499257197187],[-70.74653388901834,7.085032197155541],[-70.74667364428855,7.085830362694177],[-70.74745513255856,7.085752109283347],[-70.74735815910338,7.085010551130025]]},"properties":{"tipo":"TPE3/4","estado":"INSTALADO","barrio":"LAS AMERICAS","polivalvula":"","longitud_m":350.388306}},{"type":"Feature","geometry":{"type":"LineString","coordinates":[[-70.74644832382955,7.085066161012044],[-70.74570676345958,7.085136920901317],[-70.74581514525104,7.085920934953848],[-70.74608895289136,7.085901121701813],[-70.74657381872376,7.085830363087146],[-70.74644832382955,7.085066161012044]]},"properties":{"tipo":"TPE3/4","estado":"INSTALADO","barrio":"LAS AMERICAS","polivalvula":"","longitud_m":339.936157}},{"type":"Feature","geometry":{"type":"LineString","coordinates":[[-70.74658237578618,7.0859464081941],[-70.74584081491943,7.086017167326538],[-70.74592352771391,7.086639849002378],[-70.74666223640682,7.086557767868105],[-70.74658522748356,7.085940747115412]]},"properties":{"tipo":"TPE3/4","estado":"INSTALADO","barrio":"LAS AMERICAS","polivalvula":"","longitud_m":302.645752}},{"type":"Feature","geometry":{"type":"LineString","coordinates":[[-70.74678773077584,7.086535125152532],[-70.74752929119683,7.086455874852183],[-70.74747510060311,7.085861496599151],[-70.74669931434063,7.085923764830138],[-70.74678773077584,7.086535125152532]]},"properties":{"tipo":"TPE3/4","estado":"INSTALADO","barrio":"LAS AMERICAS","polivalvula":"","longitud_m":302.695343}},{"type":"Feature","geometry":{"type":"LineString","coordinates":[[-70.7469018169952,7.0873219669298],[-70.74764337827467,7.08722290421698],[-70.74754070008497,7.086580410759638],[-70.74681625252842,7.086648339791281],[-70.74690466939585,7.087319136952192]]},"properties":{"tipo":"TPE3/4","estado":"INSTALADO","barrio":"LA UNION","polivalvula":"","longitud_m":309.821411}},{"type":"Feature","geometry":{"type":"LineString","coordinates":[[-70.74699722218304,7.088148756332075],[-70.74774035115954,7.088046539830343],[-70.74766619527769,7.087344609878616],[-70.74691037316721,7.087426690332394],[-70.74699722218304,7.088148756332075]]},"properties":{"tipo":"TPE3/4","estado":"INSTALADO","barrio":"LA UNION","polivalvula":"UNION","longitud_m":325.354553}},{"type":"Feature","geometry":{"type":"LineString","coordinates":[[-70.74710146777974,7.088717334879804],[-70.74781165523984,7.088618272305092],[-70.74776031620871,7.088216361348254],[-70.74704157288599,7.088301272227509],[-70.7471014679863,7.088714503778066]]},"properties":{"tipo":"TPE3/4","estado":"INSTALADO","barrio":"LA UNION","polivalvula":"LA UNION UNO","longitud_m":250.163269}},{"type":"Feature","geometry":{"type":"LineString","coordinates":[[-70.74794000208104,7.089835323986645],[-70.74792288963987,7.08951832427397],[-70.74709861560551,7.089388128569924],[-70.74706153819892,7.089668333359298],[-70.74794000208104,7.089835323986645]]},"properties":{"tipo":"TPE3/4","estado":"INSTALADO","barrio":"LA UNION","polivalvula":"LA UNION UNO","longitud_m":257.35141}},{"type":"Feature","geometry":{"type":"LineString","coordinates":[[-70.7469674167129,7.089673993729094],[-70.7464312108973,7.08957210107546],[-70.74620303916014,7.089422092627307],[-70.74620303911593,7.089325860492634],[-70.74619448241181,7.088915459499153],[-70.74669931383899,7.08887300445449],[-70.74701305139645,7.088827718444414],[-70.74701875526111,7.089368315558975],[-70.7469674167129,7.089673993729094]]},"properties":{"tipo":"TPE3/4","estado":"INSTALADO","barrio":"LA UNION","polivalvula":"LA UNION UNO","longitud_m":331.574249}},{"type":"Feature","geometry":{"type":"LineString","coordinates":[[-70.74619162979717,7.088836209225998],[-70.74617166495948,7.088380522358411],[-70.74691322569002,7.088301272282503],[-70.74700734656602,7.088734316961668],[-70.7463798728524,7.088819227467408],[-70.74620018640631,7.088836209900347]]},"properties":{"tipo":"TPE3/4","estado":"INSTALADO","barrio":"LA UNION","polivalvula":"LA UNION UNO","longitud_m":271.737457}},{"type":"Feature","geometry":{"type":"LineString","coordinates":[[-70.74690181692637,7.088139941996434],[-70.74680484397997,7.087423860122077],[-70.74606043064288,7.08750311076995],[-70.74614029138628,7.088239004587405],[-70.74690181692637,7.088139941996434]]},"properties":{"tipo":"TPE3/4","estado":"INSTALADO","barrio":"LA UNION","polivalvula":"UNION","longitud_m":329.32309}},{"type":"Feature","geometry":{"type":"LineString","coordinates":[[-70.74680199131451,7.0873191371593],[-70.74669361003768,7.086662492140609],[-70.74596060556128,7.086744572863967],[-70.74604331813698,7.087409708379404],[-70.74679343542999,7.087321967599774]]},"properties":{"tipo":"TPE3/4","estado":"INSTALADO","barrio":"LA UNION","polivalvula":"","longitud_m":312.648956}},{"type":"Feature","geometry":{"type":"LineString","coordinates":[[-70.7451833949688,7.088541311651184],[-70.74517554959138,7.088491116609325],[-70.74604617043363,7.088386182792921],[-70.74612603086273,7.089272084283134],[-70.74611747373538,7.089351333652651],[-70.74593493589599,7.089246610935962],[-70.7451833949688,7.088541311651184]]},"properties":{"tipo":"TPE3/4","estado":"INSTALADO","barrio":"LA UNION","polivalvula":"LA UNION UNO","longitud_m":346.860016}},{"type":"Feature","geometry":{"type":"LineString","coordinates":[[-70.74602620479173,7.088244665013144],[-70.74594349235622,7.087528583245529],[-70.74517626225507,7.087582360687842],[-70.74527323595416,7.088326745660473],[-70.74602620500406,7.088241834815877]]},"properties":{"tipo":"TPE3/4","estado":"INSTALADO","barrio":"LA UNION","polivalvula":"UNION","longitud_m":331.419708}},{"type":"Feature","geometry":{"type":"LineString","coordinates":[[-70.7459320839949,7.087426690711188],[-70.74582940634991,7.086784197892128],[-70.74509925374655,7.086854956678028],[-70.74517626200686,7.087503110643063],[-70.7459320839949,7.087426690711188]]},"properties":{"tipo":"TPE3/4","estado":"INSTALADO","barrio":"LA UNION","polivalvula":"","longitud_m":309.109863}},{"type":"Feature","geometry":{"type":"LineString","coordinates":[[-70.74572672870924,7.08603697959667],[-70.74498231547513,7.086119060622078],[-70.74505647142372,7.086730420913002],[-70.74581514525288,7.086654000438685],[-70.74572672849507,7.08603981069833]]},"properties":{"tipo":"TPE3/4","estado":"INSTALADO","barrio":"LAS AMERICAS","polivalvula":"","longitud_m":303.711029}},{"type":"Feature","geometry":{"type":"LineString","coordinates":[[-70.74558982533122,7.08516805461658],[-70.7448767861609,7.085267118320689],[-70.74496520297552,7.086017167606413],[-70.7457153201534,7.085926595557168],[-70.74558982533122,7.08516805461658]]},"properties":{"tipo":"TPE3/4","estado":"INSTALADO","barrio":"LAS AMERICAS","polivalvula":"","longitud_m":331.556854}},{"type":"Feature","geometry":{"type":"LineString","coordinates":[[-70.74568109379791,7.085077482899761],[-70.74646258514711,7.084986911155531],[-70.74643691560723,7.084814258039877],[-70.74577236276751,7.0846670780191],[-70.74565257238392,7.08465292565349],[-70.74568109379791,7.085077482899761]]},"properties":{"tipo":"TPE3/4","estado":"INSTALADO","barrio":"LAS AMERICAS","polivalvula":"","longitud_m":241.805054}},{"type":"Feature","geometry":{"type":"LineString","coordinates":[[-70.74558697259918,7.085091634530404],[-70.74552707791577,7.084647265203786],[-70.74476840395059,7.084451969221426],[-70.74485682109008,7.085170885462655],[-70.74558697259918,7.085091634530404]]},"properties":{"tipo":"TPE3/4","estado":"INSTALADO","barrio":"LAS AMERICAS","polivalvula":"","longitud_m":297.386322}},{"type":"Feature","geometry":{"type":"LineString","coordinates":[[-70.74402969525514,7.08526145701798],[-70.74472847415652,7.085190698144701],[-70.74463150058469,7.08442649531689],[-70.74389441600886,7.084316254040594]]},"properties":{"tipo":"TPE3/4","estado":"INSTALADO","barrio":"LAS AMERICAS","polivalvula":"","longitud_m":245.124969}},{"type":"Feature","geometry":{"type":"LineString","coordinates":[[-70.74414948573126,7.086102078930703],[-70.74485967307552,7.086039810553779],[-70.74475129113522,7.085278439742944],[-70.74402969533453,7.085352029658553]]},"properties":{"tipo":"TPE3/4","estado":"INSTALADO","barrio":"LAS AMERICAS","polivalvula":"","longitud_m":243.944183}},{"type":"Feature","geometry":{"type":"LineString","coordinates":[[-70.74426071983414,7.086806840687279],[-70.74495379417846,7.086733250915747],[-70.74486252484003,7.086138873118439],[-70.7441865638038,7.086198311420337]]},"properties":{"tipo":"TPE3/4","estado":"INSTALADO","barrio":"LAS AMERICAS","polivalvula":"","longitud_m":218.46933}},{"type":"Feature","geometry":{"type":"LineString","coordinates":[[-70.7451505927377,7.088332406082999],[-70.74505932369132,7.087610664039001],[-70.74439191938748,7.087687084414951]]},"properties":{"tipo":"TPE3/4","estado":"INSTALADO","barrio":"LA UNION","polivalvula":"UNION","longitud_m":154.669159}},{"type":"Feature","geometry":{"type":"LineString","coordinates":[[-70.7534313418387,7.080681978671443],[-70.75220453097752,7.080709528528988],[-70.75223993311424,7.081151776248219]]},"properties":{"tipo":"TPE3/4","estado":"INSTALADO","barrio":"MERIDIANO 70","polivalvula":"","longitud_m":372.637878}},{"type":"Feature","geometry":{"type":"LineString","coordinates":[[-70.7512148325952,7.080777458384293],[-70.7521089058533,7.080742570754149],[-70.75213202831112,7.081163249294224]]},"properties":{"tipo":"TPE3/4","estado":"INSTALADO","barrio":"MERIDIANO 70","polivalvula":"","longitud_m":287.662445}},{"type":"Feature","geometry":{"type":"LineString","coordinates":[[-70.75115052221712,7.08121752380382],[-70.75111785951972,7.080802931791406]]},"properties":{"tipo":"TPE3/4","estado":"INSTALADO","barrio":"MERIDIANO 70","polivalvula":"","longitud_m":146.540817}},{"type":"Feature","geometry":{"type":"LineString","coordinates":[[-70.75059090010893,7.080809304804672],[-70.75111785951972,7.080802931791406]]},"properties":{"tipo":"TPE3/4","estado":"INSTALADO","barrio":"MERIDIANO 70","polivalvula":"","longitud_m":77.205292}},{"type":"Feature","geometry":{"type":"LineString","coordinates":[[-70.75208759226109,7.080641598815385],[-70.75205621898635,7.080324593564917],[-70.75171681213955,7.080335914660106],[-70.75121577204001,7.080319055290563],[-70.75122338896539,7.080664241926322],[-70.75165976877082,7.080661411907189],[-70.75208474083803,7.080644429733789]]},"properties":{"tipo":"TPE3/4","estado":"INSTALADO","barrio":"MERIDIANO 70","polivalvula":"","longitud_m":261.516022}},{"type":"Feature","geometry":{"type":"LineString","coordinates":[[-70.75111500710823,7.080678393768244],[-70.75111211808118,7.080341967794406],[-70.75021942998683,7.080355727754447],[-70.75021114824263,7.080696196696331],[-70.75111500710823,7.080678393768244]]},"properties":{"tipo":"TPE3/4","estado":"INSTALADO","barrio":"MERIDIANO 70","polivalvula":"","longitud_m":274.947205}},{"type":"Feature","geometry":{"type":"LineString","coordinates":[[-70.75120947171355,7.080251394629386],[-70.75204558807467,7.080250743226076],[-70.75199917588675,7.079883049688739],[-70.75118345909968,7.079900031943771],[-70.75120795029954,7.080249884424012]]},"properties":{"tipo":"TPE3/4","estado":"INSTALADO","barrio":"MERIDIANO 70","polivalvula":"","longitud_m":262.282898}},{"type":"Feature","geometry":{"type":"LineString","coordinates":[[-70.75110645052091,7.079908523691085],[-70.75022513390056,7.079945318469297],[-70.75022513419653,7.080287797935387],[-70.75111500739536,7.080273646266374],[-70.75110359837133,7.07990852349894]]},"properties":{"tipo":"TPE3/4","estado":"INSTALADO","barrio":"MERIDIANO 70","polivalvula":"","longitud_m":274.06488}},{"type":"Feature","geometry":{"type":"LineString","coordinates":[[-70.75193928026674,7.079257529043094],[-70.75116349396617,7.079141481871472],[-70.75117775453938,7.079803798435366],[-70.75157420415138,7.079789645879083],[-70.75199917559235,7.079769833546931],[-70.75193910030369,7.079257524635669]]},"properties":{"tipo":"TPE3/4","estado":"INSTALADO","barrio":"MERIDIANO 70","polivalvula":"","longitud_m":308.146149}},{"type":"Feature","geometry":{"type":"LineString","coordinates":[[-70.75107562101977,7.079142853444522],[-70.75023939533006,7.079045247248787],[-70.75022513420653,7.079843424050333],[-70.750661513936,7.079815119518369],[-70.75108648522261,7.079798137318109],[-70.75107574144924,7.079142853444522]]},"properties":{"tipo":"TPE3/4","estado":"INSTALADO","barrio":"MERIDIANO 70","polivalvula":"","longitud_m":347.977295}},{"type":"Feature","geometry":{"type":"LineString","coordinates":[[-70.75015493667716,7.079009597272574],[-70.74938089615601,7.078804662636157],[-70.74911564565461,7.079667938635875],[-70.74912134996441,7.07981512025909],[-70.74972315470345,7.079849084677947],[-70.75012530901046,7.079829271553733],[-70.75015493667716,7.07901011140228]]},"properties":{"tipo":"TPE3/4","estado":"INSTALADO","barrio":"MERIDIANO 70","polivalvula":"","longitud_m":405.619873}},{"type":"Feature","geometry":{"type":"LineString","coordinates":[[-70.74927536621549,7.078787680267491],[-70.74856517875612,7.078569737275408]]},"properties":{"tipo":"TPE3/4","estado":"INSTALADO","barrio":"MERIDIANO 70","polivalvula":"","longitud_m":82.07914}},{"type":"Feature","geometry":{"type":"LineString","coordinates":[[-70.74686814613506,7.079557552723942],[-70.74688240663619,7.079735868086588],[-70.74704783154993,7.079781154837898],[-70.7474271687163,7.079823611207122],[-70.7474984726216,7.079820780944314],[-70.74780080154449,7.079829271546661],[-70.74814876435101,7.079832102208198],[-70.74828051889939,7.079293365319373]]},"properties":{"tipo":"TPE3/4","estado":"INSTALADO","barrio":"MERIDIANO 70","polivalvula":"","longitud_m":221.977676}},{"type":"Feature","geometry":{"type":"LineString","coordinates":[[-70.74744428125722,7.078835797126064],[-70.74786925243532,7.078600872605257],[-70.7481259472023,7.078453690480083],[-70.74828281558167,7.078496146854397],[-70.74845679754549,7.078541433720916]]},"properties":{"tipo":"TPE3/4","estado":"INSTALADO","barrio":"MERIDIANO 70","polivalvula":"","longitud_m":124.176384}},{"type":"Feature","geometry":{"type":"LineString","coordinates":[[-70.74639526126758,7.079729831484708],[-70.74680026709662,7.079729831942791],[-70.74675405960625,7.078881083997411],[-70.74636662477467,7.078904783803288],[-70.74639526126758,7.079729831484708]]},"properties":{"tipo":"TPE3/4","estado":"INSTALADO","barrio":"","polivalvula":"","longitud_m":272.931244}},{"type":"Feature","geometry":{"type":"LineString","coordinates":[[-70.74624922754874,7.079718885994714],[-70.74624067156782,7.079319797496553],[-70.74559893620454,7.079345271378036],[-70.74561955360915,7.079750881537787],[-70.74625207969576,7.079718886216568]]},"properties":{"tipo":"TPE3/4","estado":"INSTALADO","barrio":"","polivalvula":"","longitud_m":229.98558}},{"type":"Feature","geometry":{"type":"LineString","coordinates":[[-70.74624637598751,7.07923205455085],[-70.74622926253771,7.078920709673903],[-70.74583981111823,7.078936613254414],[-70.74585563021805,7.079234885853635],[-70.74624637598751,7.07923205455085]]},"properties":{"tipo":"TPE3/4","estado":"INSTALADO","barrio":"","polivalvula":"","longitud_m":153.749512}},{"type":"Feature","geometry":{"type":"LineString","coordinates":[[-70.74510266099644,7.079704733919657],[-70.74505987823416,7.078940522708756],[-70.74546203251133,7.078934861866291],[-70.74548770156267,7.079718885812138]]},"properties":{"tipo":"TPE3/4","estado":"INSTALADO","barrio":"EL CHIRCAL","polivalvula":"","longitud_m":215.836151}},{"type":"Feature","geometry":{"type":"LineString","coordinates":[[-70.74297209990215,7.079407541030139],[-70.74336854932838,7.079311306162335],[-70.74367943454364,7.079234885164222],[-70.74401598873153,7.079161294461905],[-70.74452367256012,7.079014113338914],[-70.74495720112012,7.078940522594112]]},"properties":{"tipo":"TPE3/4","estado":"INSTALADO","barrio":"EL CHIRCAL","polivalvula":"","longitud_m":225.490814}},{"type":"Feature","geometry":{"type":"LineString","coordinates":[[-70.74416430083772,7.079025434568962],[-70.74497146176607,7.078858439854196],[-70.74494293986541,7.078462181768881],[-70.7441357792828,7.078564076487788],[-70.74416430083772,7.079025434568962]]},"properties":{"tipo":"TPE3/4","estado":"INSTALADO","barrio":"EL CHIRCAL","polivalvula":"","longitud_m":276.006012}},{"type":"Feature","geometry":{"type":"LineString","coordinates":[[-70.74505987858551,7.078852779328515],[-70.74505987815377,7.078858440628997],[-70.74546203278665,7.078847118482479],[-70.74545347625337,7.078235747921698],[-70.74504643313138,7.07815515477155],[-70.74505987858551,7.078852779328515]]},"properties":{"tipo":"TPE3/4","estado":"INSTALADO","barrio":"EL CHIRCAL","polivalvula":"","longitud_m":235.704056}},{"type":"Feature","geometry":{"type":"LineString","coordinates":[[-70.74621452649346,7.078164563240064],[-70.74576721323244,7.078235748297535],[-70.74553618888942,7.078227256648591],[-70.74555330184815,7.078815983590657]]},"properties":{"tipo":"TPE3/4","estado":"INSTALADO","barrio":"EL CHIRCAL","polivalvula":"","longitud_m":140.718674}},{"type":"Feature","geometry":{"type":"LineString","coordinates":[[-70.74546203278665,7.078847118482479],[-70.7456902046963,7.078827305259543],[-70.74602390721789,7.078813153350343],[-70.74624067095029,7.078787679470833],[-70.74652873925965,7.078784848965022],[-70.74677402507558,7.078762206328045],[-70.74713624884127,7.078787679488713],[-70.74735015997892,7.07876786707889],[-70.7475441068055,7.078699936979742],[-70.7473216383225,7.078060261837798],[-70.74709917047218,7.078114040509687]]},"properties":{"tipo":"TPE3/4","estado":"INSTALADO","barrio":"EL CHIRCAL","polivalvula":"","longitud_m":332.092651}},{"type":"Feature","geometry":{"type":"LineString","coordinates":[[-70.74812879948594,7.077383791279469],[-70.74814306021112,7.077604564149813],[-70.748120242743,7.077870623809036],[-70.74810883383479,7.078097057897089],[-70.74775090850757,7.078086430377474],[-70.74774597081276,7.077851949853494]]},"properties":{"tipo":"TPE3/4","estado":"INSTALADO","barrio":"MERIDIANO 70","polivalvula":"","longitud_m":144.570694}},{"type":"Feature","geometry":{"type":"LineString","coordinates":[[-70.74763900077276,7.078628141604947],[-70.74810598214859,7.078402742711613],[-70.74810564254267,7.078148996576026],[-70.747690901063,7.078159537205031]]},"properties":{"tipo":"TPE3/4","estado":"INSTALADO","barrio":"MERIDIANO 70","polivalvula":"","longitud_m":131.195358}},{"type":"Feature","geometry":{"type":"LineString","coordinates":[[-70.74964899873326,7.077502668582897],[-70.74955202531277,7.07799233241675],[-70.7494579041627,7.078218766151545],[-70.74939515675655,7.078467842778617],[-70.74932385245513,7.078668802679075],[-70.74896448094238,7.078586720202929],[-70.74848246670648,7.078450860172829],[-70.74819725065193,7.078363116690559],[-70.7482641231169,7.07662285814713]]},"properties":{"tipo":"TPE3/4","estado":"INSTALADO","barrio":"MERIDIANO 70","polivalvula":"","longitud_m":455.933868}},{"type":"Feature","geometry":{"type":"LineString","coordinates":[[-70.74976023245532,7.077536634261262],[-70.74970604184787,7.077729103033305],[-70.74952350366681,7.07830933898338],[-70.74942082632421,7.078680124030603]]},"properties":{"tipo":"TPE3/4","estado":"INSTALADO","barrio":"MERIDIANO 70","polivalvula":"","longitud_m":131.92215}},{"type":"Feature","geometry":{"type":"LineString","coordinates":[[-70.7503049943421,7.078603702642138],[-70.75024224690888,7.078900896409668],[-70.75013386529903,7.078889574435887],[-70.74980016257054,7.078796170859568],[-70.74942082632421,7.078680124030603]]},"properties":{"tipo":"TPE3/4","estado":"INSTALADO","barrio":"MERIDIANO 70","polivalvula":"","longitud_m":127.74604}},{"type":"Feature","geometry":{"type":"LineString","coordinates":[[-70.75196961757891,7.079160523227609],[-70.7512946928792,7.079036756085919],[-70.75089253906333,7.078988639128222],[-70.7505445762508,7.078951843627479],[-70.75024224690888,7.078900896409668]]},"properties":{"tipo":"TPE3/4","estado":"INSTALADO","barrio":"MERIDIANO 70","polivalvula":"","longitud_m":193.087128}},{"type":"Feature","geometry":{"type":"LineString","coordinates":[[-70.75115778912652,7.078719750044942],[-70.75113038208457,7.079017096229705]]},"properties":{"tipo":"TPE3/4","estado":"INSTALADO","barrio":"MERIDIANO 70","polivalvula":"","longitud_m":33.023487}},{"type":"Feature","geometry":{"type":"LineString","coordinates":[[-70.75108933751923,7.078708428260956],[-70.75107303988995,7.079010235502161]]},"properties":{"tipo":"TPE3/4","estado":"INSTALADO","barrio":"MERIDIANO 70","polivalvula":"","longitud_m":33.426273}},{"type":"Feature","geometry":{"type":"LineString","coordinates":[[-70.7533003145778,7.079708679905205],[-70.75319993354076,7.079670768559198],[-70.75302310014078,7.079597178531754],[-70.75286908381412,7.079526418281623],[-70.75270651063835,7.079433014024513],[-70.75253252871853,7.079328289083261],[-70.75235284346637,7.079268850533099],[-70.75196961757891,7.079160523227609],[-70.75198752446074,7.078962668591804],[-70.75197631300922,7.078866005162089],[-70.75199076454535,7.078779956881592]]},"properties":{"tipo":"TPE3/4","estado":"INSTALADO","barrio":"MERIDIANO 70","polivalvula":"","longitud_m":249.656754}},{"type":"Feature","geometry":{"type":"LineString","coordinates":[[-70.75339388077995,7.079837763440621],[-70.75311722141326,7.079744359415282],[-70.75282915304518,7.079614160995218],[-70.75251826829407,7.079458488230829],[-70.75216174898816,7.079280171603722],[-70.75201509129784,7.079234458937183],[-70.75216460130916,7.080256664080436],[-70.75219312232285,7.080635938064098],[-70.75261524158839,7.080644429732185],[-70.75342941496721,7.080613140319315]]},"properties":{"tipo":"TPE3/4","estado":"INSTALADO","barrio":"MERIDIANO 70","polivalvula":"","longitud_m":551.707703}},{"type":"Feature","geometry":{"type":"LineString","coordinates":[[-70.75724785683497,7.076898050126372],[-70.7571936663478,7.077042401965337],[-70.75708528414822,7.077407527393651],[-70.75693697172892,7.077953798882287],[-70.75684570276991,7.078231179866318],[-70.75678865978111,7.078412326813701]]},"properties":{"tipo":"TPE3/4","estado":"INSTALADO","barrio":"CRISTO REY MIGUEL","polivalvula":"","longitud_m":364.022491}},{"type":"Feature","geometry":{"type":"LineString","coordinates":[[-70.75694386491959,7.078294157530361],[-70.75687250528918,7.078581431576442],[-70.75686510088872,7.078917166927161]]},"properties":{"tipo":"TPE3/4","estado":"INSTALADO","barrio":"CRISTO REY MIGUEL","polivalvula":"","longitud_m":138.735229}},{"type":"Feature","geometry":{"type":"LineString","coordinates":[[-70.7560336071481,7.078890747450092],[-70.75599409659716,7.078514929968147]]},"properties":{"tipo":"TPE3/4","estado":"INSTALADO","barrio":"CRISTO REY MIGUEL","polivalvula":"","longitud_m":47.514381}},{"type":"Feature","geometry":{"type":"LineString","coordinates":[[-70.75675847496379,7.078877223127821],[-70.7567584748643,7.078701737070806],[-70.75676703071763,7.078517759974583]]},"properties":{"tipo":"TPE3/4","estado":"INSTALADO","barrio":"CRISTO REY MIGUEL","polivalvula":"","longitud_m":125.197952}},{"type":"Feature","geometry":{"type":"LineString","coordinates":[[-70.75586860213035,7.077405404323621],[-70.75588737828103,7.077557540171649]]},"properties":{"tipo":"TPE3/4","estado":"INSTALADO","barrio":"CRISTO REY MIGUEL","polivalvula":"","longitud_m":62.156563}},{"type":"Feature","geometry":{"type":"LineString","coordinates":[[-70.75567465530986,7.076669493857557],[-70.7557145849036,7.076929892760596],[-70.75573740291391,7.077099718811262],[-70.75575451562766,7.07732332197766],[-70.75575798327993,7.077397382151932]]},"properties":{"tipo":"TPE3/4","estado":"INSTALADO","barrio":"CRISTO REY MIGUEL","polivalvula":"","longitud_m":94.747887}},{"type":"Feature","geometry":{"type":"LineString","coordinates":[[-70.75948770522147,7.080211393381045],[-70.75952573351199,7.080768039637339],[-70.75974677568915,7.080751528624816],[-70.76007001991015,7.080730301218735],[-70.76035302108659,7.080685121283397],[-70.76035523636855,7.080567552926661],[-70.76027432018424,7.079468953338997],[-70.76023164288605,7.079414161230853],[-70.7601888604057,7.079454258543491],[-70.7599892088999,7.07981985321977]]},"properties":{"tipo":"TPE3/4","estado":"INSTALADO","barrio":"SANTA TERESITA","polivalvula":"","longitud_m":423.150787}},{"type":"Feature","geometry":{"type":"LineString","coordinates":[[-70.76227427926683,7.079760428709739],[-70.76228462697685,7.079828674207915]]},"properties":{"tipo":"TPE3/4","estado":"INSTALADO","barrio":"Los Guarataros","polivalvula":"","longitud_m":7.107854}},{"type":"Feature","geometry":{"type":"LineString","coordinates":[[-70.76311728641211,7.075687448772185],[-70.76329564129499,7.076120316340578],[-70.76344442850197,7.076470629559362],[-70.76347074506333,7.076620328007714],[-70.7634699082102,7.076872802396949],[-70.76346154187803,7.077038853745632],[-70.7634360623292,7.077303215539406],[-70.76338825368296,7.077699843074535],[-70.76337980123282,7.077821829987855],[-70.76337707628987,7.077863957489638],[-70.76337529193658,7.077892500649836],[-70.7633870375233,7.077932201952927]]},"properties":{"tipo":"TPE3/4","estado":"INSTALADO","barrio":"LA GRANJA","polivalvula":"","longitud_m":256.457825}},{"type":"Feature","geometry":{"type":"LineString","coordinates":[[-70.76263953220437,7.078051097111834],[-70.76283347769024,7.077985824352486],[-70.76266229815502,7.077461556768189],[-70.76277067977632,7.077427591667284],[-70.76290882746945,7.077969473670666]]},"properties":{"tipo":"TPE3/4","estado":"INSTALADO","barrio":"Palma Real","polivalvula":"","longitud_m":157.987045}},{"type":"Feature","geometry":{"type":"LineString","coordinates":[[-70.76146211049239,7.077922916495589],[-70.7618157777239,7.077673839122927],[-70.76200687234306,7.077549300500388],[-70.76229891928338,7.078158717203412]]},"properties":{"tipo":"TPE3/4","estado":"INSTALADO","barrio":"Coopebancarios","polivalvula":"","longitud_m":147.735901}},{"type":"Feature","geometry":{"type":"LineString","coordinates":[[-70.76118545123042,7.077240784408824],[-70.76147922309514,7.077795547283277]]},"properties":{"tipo":"TPE3/4","estado":"INSTALADO","barrio":"EL PALMAR","polivalvula":"","longitud_m":69.408379}},{"type":"Feature","geometry":{"type":"LineString","coordinates":[[-70.76071347998739,7.076306595088145],[-70.76094576355278,7.076111100161389],[-70.76111699913902,7.076015207571476],[-70.76136598124991,7.076360178620964],[-70.7612528457416,7.076435656448464],[-70.76089347399716,7.076642278320316],[-70.76071347998739,7.076306595088145]]},"properties":{"tipo":"TPE3/4","estado":"INSTALADO","barrio":"EL PALMAR","polivalvula":"","longitud_m":205.231232}},{"type":"Feature","geometry":{"type":"LineString","coordinates":[[-70.76114428678385,7.075973880735873],[-70.76134517172228,7.07584821240309],[-70.76150320148521,7.075780883087571],[-70.76174162140738,7.07615672944828],[-70.76142722085508,7.076341837444816],[-70.76114428678385,7.075973880735873]]},"properties":{"tipo":"TPE3/4","estado":"INSTALADO","barrio":"EL PALMAR","polivalvula":"","longitud_m":186.007217}},{"type":"Feature","geometry":{"type":"LineString","coordinates":[[-70.7609087919034,7.07688131971477],[-70.76065209836034,7.076340707445971]]},"properties":{"tipo":"TPE3/4","estado":"INSTALADO","barrio":"EL PALMAR","polivalvula":"","longitud_m":66.172714}},{"type":"Feature","geometry":{"type":"LineString","coordinates":[[-70.76136228524929,7.076649224836162],[-70.76170739636964,7.076482229327474],[-70.76179571862927,7.076424486173915],[-70.7617016918033,7.076264286253842],[-70.76129098108534,7.076493551413495],[-70.76136228524929,7.076649224836162]]},"properties":{"tipo":"TPE3/4","estado":"INSTALADO","barrio":"EL PALMAR","polivalvula":"","longitud_m":145.47583}},{"type":"Feature","geometry":{"type":"LineString","coordinates":[[-70.76154102005424,7.076992649804761],[-70.76154672420878,7.076995480262432],[-70.76194602639471,7.076774706814542],[-70.76180341813284,7.076497325271462],[-70.76140126490115,7.076718098479664],[-70.76154102005424,7.076992649804761]]},"properties":{"tipo":"TPE3/4","estado":"INSTALADO","barrio":"EL PALMAR","polivalvula":"","longitud_m":170.369659}},{"type":"Feature","geometry":{"type":"LineString","coordinates":[[-70.76203444315712,7.077125680280878],[-70.76191750463366,7.076876602823971],[-70.76156918324124,7.077048137281282],[-70.7616910158766,7.077287744643707],[-70.76203444315712,7.077125680280878]]},"properties":{"tipo":"TPE3/4","estado":"INSTALADO","barrio":"EL PALMAR","polivalvula":"","longitud_m":145.012314}},{"type":"Feature","geometry":{"type":"LineString","coordinates":[[-70.76135521680993,7.070681248872749],[-70.76164328445454,7.071009582414104],[-70.7618115612509,7.071139783664508],[-70.76200836070565,7.071369051360863],[-70.76216522873246,7.071561522813058],[-70.76235632317217,7.071773807097231],[-70.76245550804526,7.071877541929886],[-70.76252216587017,7.071985122093274],[-70.7625635270776,7.072366178686014],[-70.76258449588498,7.072659740156857],[-70.76254456625381,7.072829566980867],[-70.76250178305841,7.072965429424138],[-70.76243903590485,7.073197526080956],[-70.76233635810252,7.073596619314375],[-70.76230783698017,7.0738541901356],[-70.76233255584013,7.073957973159542],[-70.76238579529442,7.074124026396811]]},"properties":{"tipo":"TPE3/4","estado":"INSTALADO","barrio":"LA GRANJA","polivalvula":"","longitud_m":435.961792}},{"type":"Feature","geometry":{"type":"LineString","coordinates":[[-70.76190519694673,7.069562423459432],[-70.76177068078071,7.069665110336901],[-70.76161951666207,7.069772667763145],[-70.76111563549112,7.070101002995751],[-70.76118408682851,7.070221768961058],[-70.76126394745555,7.070387823207993],[-70.7613156114647,7.070478985404843],[-70.76164803786833,7.070251960874539],[-70.76186980986483,7.070087581362665],[-70.76218044069894,7.069836824912697],[-70.76250748804412,7.069580195585183]]},"properties":{"tipo":"TPE3/4","estado":"INSTALADO","barrio":"LA GRANJA","polivalvula":"","longitud_m":318.046326}},{"type":"Feature","geometry":{"type":"LineString","coordinates":[[-70.76088242004757,7.069758176543615],[-70.76112609277466,7.069540569167767],[-70.76138849143958,7.06931130089455],[-70.76155106413086,7.069149963833334],[-70.7618362802954,7.069489620645214],[-70.76159669890043,7.069684923207596],[-70.76138587942785,7.069824977507481]]},"properties":{"tipo":"TPE3/4","estado":"INSTALADO","barrio":"LA GRANJA","polivalvula":"","longitud_m":211.105545}},{"type":"Feature","geometry":{"type":"LineString","coordinates":[[-70.76150136275064,7.069082480858726],[-70.7612059538523,7.069365080213545],[-70.76100059859375,7.069551890666276],[-70.76083139375443,7.069687785538203]]},"properties":{"tipo":"TPE3/4","estado":"INSTALADO","barrio":"LA GRANJA","polivalvula":"","longitud_m":99.858864}},{"type":"Feature","geometry":{"type":"LineString","coordinates":[[-70.76068636848437,7.069652574351608],[-70.76112324076014,7.070293474671637],[-70.76121165779324,7.070485946052765],[-70.76101200684475,7.070613317033777],[-70.76081806025093,7.070712383435717]]},"properties":{"tipo":"TPE3/4","estado":"INSTALADO","barrio":"LA GRANJA","polivalvula":"","longitud_m":159.409821}},{"type":"Feature","geometry":{"type":"LineString","coordinates":[[-70.75914954870086,7.069673601655718],[-70.75876450731,7.069067880221648],[-70.75897841934145,7.068923526061504]]},"properties":{"tipo":"TPE3/4","estado":"INSTALADO","barrio":"Fundadores","polivalvula":"","longitud_m":182.339096}},{"type":"Feature","geometry":{"type":"LineString","coordinates":[[-70.75857943931732,7.069190861117384],[-70.75869376959055,7.069113348375344],[-70.75907976080546,7.069730391326225]]},"properties":{"tipo":"TPE3/4","estado":"INSTALADO","barrio":"Fundadores","polivalvula":"","longitud_m":127.389847}},{"type":"Feature","geometry":{"type":"LineString","coordinates":[[-70.76209272449286,7.093128933385292],[-70.76260232197053,7.09321710581437],[-70.76271926040712,7.092472729083919],[-70.76224907976167,7.09238472643321]]},"properties":{"tipo":"TPE3/4","estado":"INSTALADO","barrio":"MIRAMAR","polivalvula":"","longitud_m":193.313309}},{"type":"Feature","geometry":{"type":"LineString","coordinates":[[-70.76224907976167,7.09238472643321],[-70.76209272449286,7.093128933385292]]},"properties":{"tipo":"TPE3/4","estado":"INSTALADO","barrio":"MIRAMAR","polivalvula":"","longitud_m":84.097046}},{"type":"Feature","geometry":{"type":"LineString","coordinates":[[-70.76221805858744,7.092378920194965],[-70.76204615103245,7.093120875017011]]},"properties":{"tipo":"TPE3/4","estado":"INSTALADO","barrio":"MIRAMAR","polivalvula":"","longitud_m":84.224014}},{"type":"Feature","geometry":{"type":"LineString","coordinates":[[-70.76269929513053,7.09324257916163],[-70.76339522133632,7.093364283305673],[-70.76349219464923,7.092574621359424],[-70.76281338128523,7.092472729559821],[-70.7627021474772,7.093239749085043]]},"properties":{"tipo":"TPE3/4","estado":"INSTALADO","barrio":"MIRAMAR","polivalvula":"","longitud_m":327.583344}},{"type":"Feature","geometry":{"type":"LineString","coordinates":[[-70.7638829401818,7.093435041499855],[-70.76394568787971,7.093058608267384],[-70.76394568734983,7.092851993595517],[-70.76394283605246,7.092752931897505],[-70.76390005330417,7.092659531676469],[-70.76386012272906,7.092617076104691],[-70.76373177609197,7.092588773310507],[-70.76358061146587,7.092588773354232],[-70.76348934229436,7.093367113854041]]},"properties":{"tipo":"TPE3/4","estado":"INSTALADO","barrio":"MIRAMAR","polivalvula":"","longitud_m":211.703812}},{"type":"Feature","geometry":{"type":"LineString","coordinates":[[-70.76327543063441,7.09445961862766],[-70.76335814382543,7.094507733757182],[-70.76350075173497,7.094261495982477],[-70.76370040220085,7.093950160471639],[-70.7638030799916,7.093783171085901],[-70.76388864439667,7.093539763716167],[-70.76359772443071,7.093466175449786],[-70.76343800345688,7.093449192963813],[-70.76327543063441,7.09445961862766]]},"properties":{"tipo":"TPE3/4","estado":"INSTALADO","barrio":"MIRAMAR","polivalvula":"","longitud_m":297.207642}},{"type":"Feature","geometry":{"type":"LineString","coordinates":[[-70.76263483354842,7.09363801586277],[-70.76256524365846,7.09403790052935],[-70.76272496459893,7.094151113781872],[-70.76290465051332,7.094261495838524],[-70.763215535758,7.094425654562111],[-70.76333849437219,7.093639321535206]]},"properties":{"tipo":"TPE3/4","estado":"INSTALADO","barrio":"MIRAMAR","polivalvula":"","longitud_m":216.692902}},{"type":"Feature","geometry":{"type":"LineString","coordinates":[[-70.76170993780721,7.093395782789337],[-70.76166681427843,7.093522781570979],[-70.76151565055163,7.093709583237557],[-70.76179230948958,7.093817135464631],[-70.76216594243019,7.093913366572523],[-70.76245971441952,7.093992615361076],[-70.76251052168995,7.093663492899323]]},"properties":{"tipo":"TPE3/4","estado":"INSTALADO","barrio":"MIRAMAR","polivalvula":"","longitud_m":187.265045}},{"type":"Feature","geometry":{"type":"LineString","coordinates":[[-70.760440387529,7.093737886665354],[-70.76091954906754,7.094275647859976],[-70.76081343337826,7.094463505358179],[-70.76017074753788,7.09421632469549],[-70.760440387529,7.093737886665354]]},"properties":{"tipo":"TPE3/4","estado":"INSTALADO","barrio":"LIBERTADORES","polivalvula":"","longitud_m":240.275513}},{"type":"Feature","geometry":{"type":"LineString","coordinates":[[-70.76101367070805,7.093010491969879],[-70.7616677902637,7.093167829810422],[-70.76163544112501,7.093358623042813],[-70.76158695430527,7.093502969200168],[-70.76149224714169,7.093661581392467],[-70.76135307713736,7.093825626579629],[-70.76113346111687,7.09405771264379],[-70.76099216908638,7.094223117111061],[-70.76046890854495,7.093686940821152]]},"properties":{"tipo":"TPE3/4","estado":"INSTALADO","barrio":"LIBERTADORES","polivalvula":"","longitud_m":298.952148}},{"type":"Feature","geometry":{"type":"LineString","coordinates":[[-70.7604258964006,7.093653247442285],[-70.76020940448231,7.093526053424154],[-70.75994578362439,7.093530599601639],[-70.75927105382075,7.093477842375184],[-70.75929382004148,7.09309823224758]]},"properties":{"tipo":"TPE3/4","estado":"INSTALADO","barrio":"LIBERTADORES","polivalvula":"","longitud_m":173.700775}},{"type":"Feature","geometry":{"type":"LineString","coordinates":[[-70.76234104848226,7.095387038216152],[-70.76237185188907,7.095408548757274],[-70.76251022070977,7.095299456561383],[-70.76271272424374,7.095132467347185],[-70.76289811428553,7.094985291414772],[-70.76305498346356,7.094840945280279],[-70.76320899911495,7.094656974338044],[-70.76330597243356,7.094569234092665],[-70.76254159462034,7.094144686157989],[-70.76238757804363,7.095022085080984],[-70.76234104848226,7.095387038216152]]},"properties":{"tipo":"TPE3/4","estado":"INSTALADO","barrio":"LIBERTADORES","polivalvula":"","longitud_m":379.156433}},{"type":"Feature","geometry":{"type":"LineString","coordinates":[[-70.76200538968745,7.094189971627108],[-70.76187704213226,7.094656974277966],[-70.7621822232935,7.0947192416681],[-70.76232768285792,7.09472773245774],[-70.76241324781809,7.094337148622802],[-70.7624332126701,7.094088080052027],[-70.76181144244896,7.093892787175379],[-70.76175154709549,7.094113552773273],[-70.76164887013915,7.094371111715322],[-70.76156900948493,7.094600367865191]]},"properties":{"tipo":"TPE3/4","estado":"INSTALADO","barrio":"LIBERTADORES","polivalvula":"","longitud_m":419.028595}},{"type":"Feature","geometry":{"type":"LineString","coordinates":[[-70.76152622719061,7.094654144221625],[-70.76143781008803,7.09476735718962],[-70.7616089395304,7.094869247836404],[-70.76200791636448,7.09501117289224],[-70.76227511611746,7.095064112738109],[-70.7623162746339,7.094798490592034],[-70.76185992891946,7.094716411333884],[-70.76152622707113,7.094656974422405]]},"properties":{"tipo":"TPE3/4","estado":"INSTALADO","barrio":"LIBERTADORES","polivalvula":"","longitud_m":233.168625}},{"type":"Feature","geometry":{"type":"LineString","coordinates":[[-70.76140643607577,7.094815471854119],[-70.76133513250228,7.094925854492472],[-70.76119822928703,7.095073031163134],[-70.76095864804333,7.0953815351956],[-70.76081318788312,7.095630603071975],[-70.76073332722927,7.095783440007503],[-70.76069489778202,7.095883545015949],[-70.76097005649694,7.095913634248538],[-70.76130090673456,7.095913634532922],[-70.76163713629796,7.09585687056281],[-70.76172873030936,7.095817404092333],[-70.76203643861422,7.09565761648954],[-70.76215736991519,7.095527421684849],[-70.76219648365846,7.095449463099826],[-70.7621083124333,7.095383642189008],[-70.76155474837729,7.095262662232558],[-70.76146918367255,7.09549757848487],[-70.76143495759696,7.095497578698254],[-70.7614720355899,7.09535606225002],[-70.76157471360109,7.095081522167464],[-70.76161464344773,7.094925854829532],[-70.76140643607577,7.094815471854119]]},"properties":{"tipo":"TPE3/4","estado":"INSTALADO","barrio":"LIBERTADORES","polivalvula":"","longitud_m":524.752136}},{"type":"Feature","geometry":{"type":"LineString","coordinates":[[-70.7616688344834,7.094942836726594],[-70.76180003370355,7.09499661295409],[-70.76197686798307,7.095050388508718],[-70.76216225792905,7.095087182272438],[-70.76225923156271,7.095109825524794],[-70.76223070999532,7.095265492533601],[-70.76220504015502,7.095344741528225],[-70.76191778900392,7.095304392801234],[-70.76157186153203,7.095206056296859],[-70.7616688344834,7.094942836726594]]},"properties":{"tipo":"TPE3/4","estado":"INSTALADO","barrio":"LIBERTADORES","polivalvula":"","longitud_m":197.482529}},{"type":"Feature","geometry":{"type":"LineString","coordinates":[[-70.76056980399099,7.095905143681884],[-70.76071241136091,7.095584374931479],[-70.76089685136658,7.09531455113366],[-70.76104516291734,7.095095673369158],[-70.76123530730362,7.094882456412731],[-70.76134178764238,7.094737166914268],[-70.76108319221116,7.094433378963417],[-70.76097571800874,7.09431622312099],[-70.7609215695941,7.094401302012438],[-70.76086262488285,7.094516402167556],[-70.76084456183109,7.094552252924704],[-70.7606962498045,7.094818302753694],[-70.76046237280798,7.095189073923598],[-70.76023134823298,7.095627772616547],[-70.76014578302805,7.095797591267897],[-70.76022279095223,7.09584004626592],[-70.7604081819649,7.095896652140119],[-70.76057360669023,7.095905143564941]]},"properties":{"tipo":"TPE3/4","estado":"INSTALADO","barrio":"LIBERTADORES","polivalvula":"","longitud_m":454.656738}},{"type":"Feature","geometry":{"type":"LineString","coordinates":[[-70.76139641426708,7.094710026940554],[-70.76148439509826,7.094599424159235],[-70.76155284679834,7.094435265735392],[-70.76165742626128,7.094176763204744],[-70.76172207476795,7.094014491071599],[-70.76175820223506,7.093876749044658],[-70.76145777535123,7.09378051770299],[-70.76131897029111,7.093952224560551],[-70.76117636268587,7.094118270187654],[-70.76102563400579,7.094279818078642],[-70.76113643192227,7.094391867345221],[-70.76128460942444,7.094603606704067],[-70.76139641426708,7.094710026940554]]},"properties":{"tipo":"TPE3/4","estado":"INSTALADO","barrio":"LIBERTADORES","polivalvula":"","longitud_m":272.118164}},{"type":"Feature","geometry":{"type":"LineString","coordinates":[[-70.75910522152505,7.093796462630761],[-70.75917652553409,7.093447388660594],[-70.75922643755707,7.093091238978085]]},"properties":{"tipo":"TPE3/4","estado":"INSTALADO","barrio":"LIBERTADORES","polivalvula":"","longitud_m":79.172302}},{"type":"Feature","geometry":{"type":"LineString","coordinates":[[-70.75917414848291,7.093850710475702],[-70.75934765496321,7.093914392230597],[-70.75959959521238,7.093970998767562],[-70.75978973885267,7.094020529896475],[-70.75994898416523,7.094093646227319],[-70.76010347601027,7.094162045571384],[-70.76036492400024,7.093711552253327],[-70.76018191021251,7.093636077000917],[-70.76005831739911,7.093605415526495],[-70.75980637675626,7.0935865467577],[-70.75960672507934,7.093579470280002],[-70.75939756692121,7.093558243437443],[-70.75922881445142,7.093548808963978],[-70.75917890160909,7.093850710116632]]},"properties":{"tipo":"TPE3/4","estado":"INSTALADO","barrio":"LIBERTADORES","polivalvula":"","longitud_m":327.938721}},{"type":"Feature","geometry":{"type":"LineString","coordinates":[[-70.76159914718328,7.089371597057529],[-70.76162766881711,7.089397541271589],[-70.761706103354,7.089314989764989],[-70.76187010248591,7.089192340957525],[-70.76212917264218,7.08893053329365],[-70.7622266214098,7.088840905524795],[-70.76239299771802,7.088713539920945],[-70.76257363447776,7.088621553301446],[-70.76241201182603,7.088364462334285],[-70.76231218671653,7.088418711015383],[-70.76209827480412,7.088168696158214],[-70.7620103332047,7.088258324031634],[-70.76182969621722,7.088430503702804],[-70.76168471203965,7.088539000860917],[-70.76158488658933,7.088664008037042],[-70.76153972714894,7.088807884499257],[-70.76156587193329,7.088909305773217],[-70.7616205385679,7.089060257779928],[-70.76161578468303,7.089239513909263],[-70.76159914718328,7.089371597057529]]},"properties":{"tipo":"TPE3/4","estado":"INSTALADO","barrio":"PRIMERO DE MAYO","polivalvula":"PRIMERO DE MAYO","longitud_m":382.611664}},{"type":"Feature","geometry":{"type":"LineString","coordinates":[[-70.76260453213793,7.088564945785007],[-70.76287450351525,7.088472506869411],[-70.7632391375465,7.088383330930268],[-70.76324151445793,7.087748859091975],[-70.76323342671913,7.087680745215833],[-70.76311078988721,7.08769461075174],[-70.76290876266174,7.087767728375458],[-70.76276615477995,7.087812542531458],[-70.76263067747949,7.087843204133334],[-70.76251183760166,7.087857356004945],[-70.76242151910068,7.087895094714607],[-70.76226702730186,7.087972929023134],[-70.76206283600217,7.088048066630646],[-70.76224801300529,7.088279551769694],[-70.76232169316027,7.088380972696756],[-70.76246430098398,7.088312572164898],[-70.76260215535778,7.088567304183272]]},"properties":{"tipo":"TPE3/4","estado":"INSTALADO","barrio":"CABAÑAS DEL RIO","polivalvula":"PRIMERO DE MAYO","longitud_m":383.315826}},{"type":"Feature","geometry":{"type":"LineString","coordinates":[[-70.7623383310105,7.087741783336029],[-70.76251805207201,7.087796704376735],[-70.76271624210672,7.087755934531326],[-70.76323407195261,7.087624861366192],[-70.76323676044471,7.087296000922808],[-70.76300621079055,7.087291283223336],[-70.76267108310944,7.08732902177127],[-70.76239537405012,7.087340814943173],[-70.76233595472316,7.087739424428866]]},"properties":{"tipo":"TPE3/4","estado":"INSTALADO","barrio":"CABAÑAS DEL RIO","polivalvula":"SIETE DE AGOSTO","longitud_m":276.2948}},{"type":"Feature","geometry":{"type":"LineString","coordinates":[[-70.76241676503852,7.087258262594669],[-70.76276521434706,7.087248177902865],[-70.7632367607777,7.087239393261854],[-70.76323913716568,7.086760589751579],[-70.76244766339448,7.086739361923932],[-70.76241438896106,7.087258262792569]]},"properties":{"tipo":"TPE3/4","estado":"INSTALADO","barrio":"CABAÑAS DEL RIO","polivalvula":"SIETE DE AGOSTO","longitud_m":288.543121}},{"type":"Feature","geometry":{"type":"LineString","coordinates":[[-70.76335560050639,7.08833851704985],[-70.76349820798261,7.088347952177892],[-70.76375014823486,7.088331441303579],[-70.76394979999051,7.088303137474098],[-70.76412924806614,7.088291155538827],[-70.7640876542147,7.087531864675038],[-70.76375014856937,7.087560167782955],[-70.76353148317608,7.087609699683036],[-70.76331020364388,7.087656494451877],[-70.76331248499729,7.08785914841613],[-70.76333420890701,7.088192282413742],[-70.76335560050639,7.08833851704985]]},"properties":{"tipo":"TPE3/4","estado":"INSTALADO","barrio":"CABAÑAS DEL RIO","polivalvula":"CABAÑAS 1","longitud_m":332.780823}},{"type":"Feature","geometry":{"type":"LineString","coordinates":[[-70.76417749650415,7.087432330146581],[-70.76488557410309,7.087353357755422],[-70.7648734228579,7.086784176837632],[-70.7645939119905,7.086781817760397],[-70.76436336204739,7.086791252661265],[-70.76417797186953,7.086779458815475],[-70.76417797208914,7.087430443364096]]},"properties":{"tipo":"TPE3/4","estado":"INSTALADO","barrio":"CABAÑAS DEL RIO","polivalvula":"VILLA CELESTE","longitud_m":290.562408}},{"type":"Feature","geometry":{"type":"LineString","coordinates":[[-70.7659674826046,7.087298297442273],[-70.76611696296432,7.087302132921555],[-70.76634513621069,7.087330436734028],[-70.7663736571368,7.08724835642626],[-70.76638221364038,7.087047400555759],[-70.76638506632776,7.086798328317443],[-70.76601999010894,7.086787007181027],[-70.7659674826046,7.087298297442273]]},"properties":{"tipo":"TPE3/4","estado":"INSTALADO","barrio":"CABAÑAS DEL RIO","polivalvula":"","longitud_m":198.514816}},{"type":"Feature","geometry":{"type":"LineString","coordinates":[[-70.76642784838748,7.087353080366806],[-70.7668695810661,7.087435265382274],[-70.76716940880432,7.087559696194152],[-70.76732913008594,7.087347419100999],[-70.76741754660469,7.087217222728215],[-70.76705817476169,7.086979471853477],[-70.76672162056556,7.086781346154127],[-70.766456370065,7.086806819620584],[-70.76642784847569,7.087350249259614]]},"properties":{"tipo":"TPE3/4","estado":"INSTALADO","barrio":"CABAÑAS DEL RIO","polivalvula":"","longitud_m":312.67392}},{"type":"Feature","geometry":{"type":"LineString","coordinates":[[-70.76726923509453,7.087616303598231],[-70.767859631205,7.087927643471449],[-70.76817124929465,7.088122876384618],[-70.76838967857017,7.087854232844918],[-70.76748885110557,7.087265338532041],[-70.767269235012,7.087619133801415]]},"properties":{"tipo":"TPE3/4","estado":"INSTALADO","barrio":"CABAÑAS DEL RIO","polivalvula":"","longitud_m":317.642517}},{"type":"Feature","geometry":{"type":"LineString","coordinates":[[-70.76675014235468,7.087474785790596],[-70.76595153803443,7.087361571178783],[-70.7658916434176,7.087678571625682],[-70.765834599589,7.087896509636202],[-70.76579466997377,7.087998402713949],[-70.76646777828373,7.088230491717733],[-70.76651911784788,7.088117277261929],[-70.76668169088019,7.087698383938775],[-70.76675014235468,7.087474785790596]]},"properties":{"tipo":"TPE3/4","estado":"INSTALADO","barrio":"CABAÑAS DEL RIO","polivalvula":"CABAÑAS 1","longitud_m":329.759644}},{"type":"Feature","geometry":{"type":"LineString","coordinates":[[-70.76491103287884,7.088297758322862],[-70.7649140865491,7.088368174549585],[-70.7655826597569,7.088526547212719],[-70.76573127004923,7.087993953033709],[-70.76588879113025,7.087356665331047],[-70.76556554615499,7.087345343828488],[-70.76520617462111,7.087367986487869],[-70.76495518483182,7.087390629414705],[-70.76495708667515,7.087768011539944],[-70.7655169633493,7.087903060099133],[-70.76549329156431,7.087941606400396]]},"properties":{"tipo":"TPE3/4","estado":"INSTALADO","barrio":"CABAÑAS DEL RIO","polivalvula":"CABAÑAS 1","longitud_m":431.169861}},{"type":"Feature","geometry":{"type":"LineString","coordinates":[[-70.76576900023812,7.088064255077956],[-70.76589069274984,7.088101993747009],[-70.76609034342847,7.088168035110749],[-70.76626717688794,7.088232190285328],[-70.76644591235556,7.088300119065764],[-70.76636985484528,7.088500130952346],[-70.7663356284431,7.088613345089231],[-70.76615689379094,7.088583154712303],[-70.76588498767808,7.08855296419951],[-70.76566822395928,7.088532208068038],[-70.76566251940395,7.088481261496169],[-70.76568723887402,7.08841521952175],[-70.76576900023812,7.088064255077956]]},"properties":{"tipo":"TPE3/4","estado":"INSTALADO","barrio":"CABAÑAS DEL RIO","polivalvula":"CABAÑAS 1","longitud_m":243.589294}},{"type":"Feature","geometry":{"type":"LineString","coordinates":[[-70.76757219677056,7.087171747832544],[-70.76781558147569,7.087330248614669],[-70.76818826317094,7.086786818263307],[-70.76791445610559,7.086616995595852],[-70.76757219677056,7.087171747832544]]},"properties":{"tipo":"TPE3/4","estado":"INSTALADO","barrio":"Veinte de Julio","polivalvula":"","longitud_m":212.620331}},{"type":"Feature","geometry":{"type":"LineString","coordinates":[[-70.76823152103775,7.086844290229219],[-70.76846444710303,7.087004678055673],[-70.76810317402216,7.087537729467199],[-70.76786311711224,7.08737970123842],[-70.76822676726596,7.086837214270397]]},"properties":{"tipo":"TPE3/4","estado":"INSTALADO","barrio":"Veinte de Julio","polivalvula":"","longitud_m":206.410934}},{"type":"Feature","geometry":{"type":"LineString","coordinates":[[-70.76746856860794,7.087134403234947],[-70.7678369727687,7.086598991639863],[-70.76757314794082,7.08642681089805],[-70.76722851218369,7.086995243017594],[-70.76746856837427,7.087132044129195]]},"properties":{"tipo":"TPE3/4","estado":"INSTALADO","barrio":"Veinte de Julio","polivalvula":"","longitud_m":210.694626}},{"type":"Feature","geometry":{"type":"LineString","coordinates":[[-70.76717074195037,7.086959207525607],[-70.76750897476789,7.086379638444236],[-70.76728317851013,7.086228685012729],[-70.76689338375535,7.086790041978389],[-70.76717074195037,7.086959207525607]]},"properties":{"tipo":"TPE3/4","estado":"INSTALADO","barrio":"Veinte de Julio","polivalvula":"","longitud_m":215.66568}},{"type":"Feature","geometry":{"type":"LineString","coordinates":[[-70.76480663540285,7.08837842572943],[-70.76444060786062,7.088317101213324],[-70.76420530574848,7.08830530809207],[-70.76417440735388,7.087505730675729],[-70.76454756389761,7.087465634034189],[-70.76489457674566,7.087420820288031],[-70.76489933056327,7.087583565561211],[-70.76486367845519,7.087979816060543],[-70.764806635183,7.088376066624395]]},"properties":{"tipo":"TPE3/4","estado":"INSTALADO","barrio":"CABAÑAS DEL RIO","polivalvula":"CABAÑAS 1","longitud_m":341.920227}},{"type":"Feature","geometry":{"type":"LineString","coordinates":[[-70.76033667282599,7.080814813144086],[-70.7595451999268,7.08085255119872],[-70.75956183761782,7.081147385524114]]},"properties":{"tipo":"TPE3/4","estado":"INSTALADO","barrio":"SANTA TERESITA","polivalvula":"","longitud_m":120.198051}},{"type":"Feature","geometry":{"type":"LineString","coordinates":[[-70.74907095701474,7.074158910843998],[-70.74880779755874,7.07411815204824],[-70.74882453060596,7.07385246776366],[-70.74883822110083,7.073472055147465],[-70.74884278396354,7.07316863108721],[-70.7488732072089,7.07294521413739],[-70.74896447668013,7.07295125268682],[-70.7493584542636,7.073007106321224],[-70.74966116340259,7.073047865494179],[-70.74981936295445,7.07306145146528],[-70.7499577870063,7.073091642991868]]},"properties":{"tipo":"TPE3/4","estado":"INSTALADO","barrio":"San Carlos","polivalvula":"","longitud_m":280.46579}},{"type":"Feature","geometry":{"type":"LineString","coordinates":[[-70.748780417203,7.074409499539217],[-70.74885799604417,7.074412518318766],[-70.74901315273665,7.074368740702945],[-70.74910898545724,7.074314396115401],[-70.74914245073197,7.07426156098135],[-70.74880019231345,7.074204197416242],[-70.7487804167861,7.074404970314929]]},"properties":{"tipo":"TPE3/4","estado":"INSTALADO","barrio":"San Carlos","polivalvula":"","longitud_m":106.13102}},{"type":"Feature","geometry":{"type":"LineString","coordinates":[[-70.74865720424175,7.07486991770311],[-70.74847922922972,7.074874446893501],[-70.74835753691761,7.074889541793965],[-70.74818564703813,7.074912185737886],[-70.74810046274831,7.074912186069089],[-70.74806547642383,7.074652539783514],[-70.74807156066245,7.07462083861809],[-70.74810654753931,7.074593666324427],[-70.74817347784861,7.07457555155736],[-70.74827387388322,7.074568003613638],[-70.74848531392296,7.074554417993013],[-70.74864959778812,7.074522717346196],[-70.74882148813525,7.074477429816046],[-70.74895382818524,7.074439690755185],[-70.74909225306008,7.074380817156317],[-70.7492139452741,7.074314395972626],[-70.74931434116401,7.074273637709546],[-70.74938583475242,7.074267599992763],[-70.74952273832875,7.074273638043102],[-70.74979198196847,7.07430081033689],[-70.74989846227578,7.07430231934413],[-70.7499836471207,7.074321943812004]]},"properties":{"tipo":"TPE3/4","estado":"INSTALADO","barrio":"San Carlos","polivalvula":"","longitud_m":313.045959}},{"type":"Feature","geometry":{"type":"LineString","coordinates":[[-70.74863438654249,7.074943886446478],[-70.74811111096848,7.074969548998125]]},"properties":{"tipo":"TPE3/4","estado":"INSTALADO","barrio":"San Carlos","polivalvula":"","longitud_m":57.880745}},{"type":"Feature","geometry":{"type":"LineString","coordinates":[[-70.74814761822297,7.075268443898874],[-70.74811111096848,7.074969548998125]]},"properties":{"tipo":"TPE3/4","estado":"INSTALADO","barrio":"San Carlos","polivalvula":"","longitud_m":33.300816}},{"type":"Feature","geometry":{"type":"LineString","coordinates":[[-70.74864351350615,7.075250328474053],[-70.74840621439813,7.075268443184088],[-70.74814761822297,7.075268443898874]]},"properties":{"tipo":"TPE3/4","estado":"INSTALADO","barrio":"San Carlos","polivalvula":"","longitud_m":54.862564}},{"type":"Feature","geometry":{"type":"LineString","coordinates":[[-70.74994114978843,7.073023246236863],[-70.74996016440588,7.072782658217185],[-70.7499863091934,7.072605754716083],[-70.74981280321296,7.072560939031595],[-70.74954422507263,7.072492536759326],[-70.74929466058177,7.072426492368354],[-70.7489024895027,7.072320350122173],[-70.74887872146948,7.072471307804016],[-70.74885970662898,7.072881724038319],[-70.74915205311038,7.07292182247585],[-70.7494277611608,7.072959561664844],[-70.74970822412857,7.072999659525115],[-70.74994114978843,7.073023246236863]]},"properties":{"tipo":"TPE3/4","estado":"INSTALADO","barrio":"San Carlos","polivalvula":"","longitud_m":353.149933}},{"type":"Feature","geometry":{"type":"LineString","coordinates":[[-70.74894051859971,7.071850966093156],[-70.7489072433434,7.072082120246716],[-70.74889773598173,7.072280251965414],[-70.74906886551149,7.072306198004314],[-70.74927326953444,7.072355731332101],[-70.74952758732536,7.072428850963557],[-70.74969633985744,7.072480743427879]]},"properties":{"tipo":"TPE3/4","estado":"INSTALADO","barrio":"San Carlos","polivalvula":"","longitud_m":138.869064}},{"type":"Feature","geometry":{"type":"LineString","coordinates":[[-70.7449857297093,7.074069104864455],[-70.74522322441408,7.074166558168214]]},"properties":{"tipo":"TPE3/4","estado":"INSTALADO","barrio":"Urb Torres del Castillo","polivalvula":"","longitud_m":28.365585}},{"type":"Feature","geometry":{"type":"LineString","coordinates":[[-70.74555284462247,7.072829793631254],[-70.74549447897104,7.072832662707002],[-70.74503813416162,7.073919555869737]]},"properties":{"tipo":"TPE3/4","estado":"INSTALADO","barrio":"Urb Torres del Castillo","polivalvula":"","longitud_m":136.803848}},{"type":"Feature","geometry":{"type":"LineString","coordinates":[[-70.75965396334325,7.069220141403746],[-70.75924765853088,7.068693272670684],[-70.7590144967295,7.068869973974559],[-70.75903039940277,7.068891955538518],[-70.75940297415703,7.069406952553321]]},"properties":{"tipo":"TPE3/4","estado":"INSTALADO","barrio":"Fundadores","polivalvula":"EL MORICHE","longitud_m":179.158997}},{"type":"Feature","geometry":{"type":"LineString","coordinates":[[-70.76008229100437,7.06888112448952],[-70.75981368428774,7.069084278476413],[-70.75954598888721,7.068823931496025],[-70.75979677837122,7.068597650075397],[-70.7601478038333,7.068946169749928]]},"properties":{"tipo":"TPE3/4","estado":"INSTALADO","barrio":"Fundadores","polivalvula":"EL MORICHE","longitud_m":170.510529}},{"type":"Feature","geometry":{"type":"LineString","coordinates":[[-70.75957410336633,7.068000205021417],[-70.75925466208908,7.06808795028645],[-70.75938586055452,7.068453081846928],[-70.75960832919178,7.068413455265041],[-70.7597823107203,7.0683087279685],[-70.7596108172837,7.068143462777363],[-70.75957980739993,7.068003035498827]]},"properties":{"tipo":"TPE3/4","estado":"INSTALADO","barrio":"Fundadores","polivalvula":"FUNDADORES ALTO","longitud_m":169.142227}},{"type":"Feature","geometry":{"type":"LineString","coordinates":[[-70.75906597035805,7.06856936831082],[-70.75929173969313,7.068481386541699],[-70.75916909661211,7.068096441239215]]},"properties":{"tipo":"TPE3/4","estado":"INSTALADO","barrio":"Fundadores","polivalvula":"FUNDADORES ALTO","longitud_m":71.450249}},{"type":"Feature","geometry":{"type":"LineString","coordinates":[[-70.75871275213693,7.068195508358697],[-70.75814802475827,7.06833420228301],[-70.75831720687167,7.069078529587545],[-70.75879408737654,7.068957951124854],[-70.75886106390494,7.068891806335407],[-70.75871560408731,7.068198338704232]]},"properties":{"tipo":"TPE3/4","estado":"INSTALADO","barrio":"Fundadores","polivalvula":"","longitud_m":291.772644}},{"type":"Feature","geometry":{"type":"LineString","coordinates":[[-70.75819577492767,7.070362118878836],[-70.7580436596553,7.069840840432076],[-70.75780835674583,7.069902167701798],[-70.7579153124594,7.070444674313902],[-70.75819577492767,7.070362118878836]]},"properties":{"tipo":"TPE3/4","estado":"INSTALADO","barrio":"Fundadores","polivalvula":"VILLA DEL MAESTRO CRUZ","longitud_m":180.368393}},{"type":"Feature","geometry":{"type":"LineString","coordinates":[[-70.75845246847067,7.069602609448643],[-70.75832184770516,7.069195620890459],[-70.75786777624877,7.069291257171118],[-70.75767287925852,7.069345507655322],[-70.75777754881794,7.069826752853475],[-70.7580973213571,7.069726639194512],[-70.75845246847067,7.069602609448643]]},"properties":{"tipo":"TPE3/4","estado":"INSTALADO","barrio":"Fundadores","polivalvula":"VILLA DEL MAESTRO CRUZ","longitud_m":253.940659}},{"type":"Feature","geometry":{"type":"LineString","coordinates":[[-70.75818056296067,7.069123315947373],[-70.75803225136272,7.068360973702099],[-70.75747876264865,7.068464193882396],[-70.75764816014689,7.069247856827635],[-70.75818056296067,7.069123315947373]]},"properties":{"tipo":"TPE3/4","estado":"INSTALADO","barrio":"Fundadores","polivalvula":"","longitud_m":297.169678}},{"type":"Feature","geometry":{"type":"LineString","coordinates":[[-70.75922667062154,7.067981059796381],[-70.75931936599358,7.06795511414672],[-70.75943345200271,7.067924450396563],[-70.75955229249836,7.067870199707285],[-70.75941681463163,7.067544693541336],[-70.75944533613229,7.067521106573714],[-70.75959982825485,7.067858405858368],[-70.759774683363,7.067762461822468],[-70.75980070104906,7.067702075053391],[-70.75967826200105,7.067528182719943],[-70.75938353923682,7.067155501562254],[-70.75901988949933,7.067254568983418],[-70.75922667062154,7.067981059796381]]},"properties":{"tipo":"TPE3/4","estado":"INSTALADO","barrio":"Fundadores","polivalvula":"FUNDADORES ALTO","longitud_m":352.745148}},{"type":"Feature","geometry":{"type":"LineString","coordinates":[[-70.7589390785267,7.067289950082352],[-70.75860632662864,7.067360711838564],[-70.75877270231385,7.068091920514292],[-70.75913635224403,7.067997571532195],[-70.75894145540634,7.067289949898253]]},"properties":{"tipo":"TPE3/4","estado":"INSTALADO","barrio":"Fundadores","polivalvula":"FUNDADORES ALTO","longitud_m":243.190948}},{"type":"Feature","geometry":{"type":"LineString","coordinates":[[-70.7579859829514,7.067509312155161],[-70.75813572088511,7.068224009432066],[-70.7586990220253,7.068096638066689],[-70.75851838529523,7.067389016996785]]},"properties":{"tipo":"TPE3/4","estado":"INSTALADO","barrio":"Fundadores","polivalvula":"","longitud_m":225.323669}},{"type":"Feature","geometry":{"type":"LineString","coordinates":[[-70.75851838529523,7.067389016996785],[-70.7579859829514,7.067509312155161]]},"properties":{"tipo":"TPE3/4","estado":"INSTALADO","barrio":"Fundadores","polivalvula":"","longitud_m":60.306072}},{"type":"Feature","geometry":{"type":"LineString","coordinates":[[-70.75883925334004,7.066403063350275],[-70.75873942750498,7.066438444083172],[-70.7587513112445,7.066518641911459],[-70.7589866147655,7.06718616563793],[-70.75928846773637,7.067080022145143],[-70.75930748189737,7.067058793225593],[-70.75904365705964,7.066617708945345],[-70.75896284637307,7.066502129889058],[-70.75883925334004,7.066403063350275]]},"properties":{"tipo":"TPE3/4","estado":"INSTALADO","barrio":"Fundadores","polivalvula":"FUNDADORES ALTO","longitud_m":227.364166}},{"type":"Feature","geometry":{"type":"LineString","coordinates":[[-70.75891768754428,7.067202676582484],[-70.75862296424869,7.066405421953453],[-70.75852247680947,7.066220233487497],[-70.75840667579467,7.066426650589491],[-70.75859919646405,7.067278156347591],[-70.75891531086039,7.067205034968108]]},"properties":{"tipo":"TPE3/4","estado":"INSTALADO","barrio":"Fundadores","polivalvula":"FUNDADORES ALTO","longitud_m":275.847107}},{"type":"Feature","geometry":{"type":"LineString","coordinates":[[-70.75827406090494,7.066799339181686],[-70.75806917042826,7.067311178084532],[-70.75818801084392,7.067367788522325],[-70.75849937068959,7.067294667790662],[-70.75839058492319,7.066796660190219]]},"properties":{"tipo":"TPE3/4","estado":"INSTALADO","barrio":"Fundadores","polivalvula":"","longitud_m":167.219193}},{"type":"Feature","geometry":{"type":"LineString","coordinates":[[-70.75757479708261,7.068292413143628],[-70.75760331795486,7.068316000263594],[-70.75763659309162,7.068323076907497],[-70.75784337468247,7.068287695656608],[-70.75800975026364,7.068242879129938],[-70.75787902654356,7.067695652465249],[-70.75783386768589,7.067820665839388],[-70.75771740455332,7.068018799631831],[-70.75764134673186,7.068162682708542],[-70.7575724200105,7.068290054215071]]},"properties":{"tipo":"TPE3/4","estado":"INSTALADO","barrio":"Fundadores","polivalvula":"","longitud_m":186.400681}},{"type":"Feature","geometry":{"type":"LineString","coordinates":[[-70.75672390323518,7.069467061376015],[-70.75709943742216,7.0693750704896],[-70.75753914523666,7.069254775215311]]},"properties":{"tipo":"TPE3/4","estado":"INSTALADO","barrio":"Fundadores","polivalvula":"","longitud_m":93.086235}},{"type":"Feature","geometry":{"type":"LineString","coordinates":[[-70.75669300505248,7.069205241841024],[-70.7568712648083,7.069047206825806],[-70.75704477068903,7.068900965801225],[-70.75723016086957,7.068742931017911],[-70.75730859553991,7.06864150541065],[-70.75741555138147,7.068693397815395],[-70.75745358040484,7.068804257571761],[-70.75750349301529,7.069063718370909],[-70.75753914523666,7.069254775215311]]},"properties":{"tipo":"TPE3/4","estado":"INSTALADO","barrio":"Fundadores","polivalvula":"","longitud_m":169.320908}},{"type":"Feature","geometry":{"type":"LineString","coordinates":[[-70.75720876995064,7.067712163651839],[-70.75753676823392,7.067797078904422],[-70.75768888324079,7.06785368789757],[-70.75760569522738,7.068082485732273],[-70.75747497140549,7.068301847943756],[-70.75734900143108,7.068455165663622],[-70.75709230720754,7.068724061078271],[-70.75692355427825,7.068870302682032],[-70.75671677270005,7.069049566311955],[-70.75658604921624,7.06920052504042],[-70.75632697778785,7.069429321704479],[-70.75617248625275,7.069570844682736],[-70.75605602346708,7.069646324436381],[-70.75593480653018,7.069681705138855],[-70.75576605374022,7.069719444647363],[-70.75561631570089,7.069752467264285],[-70.75549985247095,7.069799641232557]]},"properties":{"tipo":"TPE3/4","estado":"INSTALADO","barrio":"Fundadores","polivalvula":"","longitud_m":391.138306}},{"type":"Feature","geometry":{"type":"LineString","coordinates":[[-70.75725392958681,7.067308820223538],[-70.75787665008994,7.067464496478627],[-70.7577554336251,7.067756980394699],[-70.7571921323226,7.06762724974669]]},"properties":{"tipo":"TPE3/4","estado":"INSTALADO","barrio":"Fundadores","polivalvula":"","longitud_m":169.796036}},{"type":"Feature","geometry":{"type":"LineString","coordinates":[[-70.75769125966539,7.066988030756945],[-70.75802876486635,7.067160219181322],[-70.75790517167468,7.067396092933975],[-70.75742030470543,7.067273438505183]]},"properties":{"tipo":"TPE3/4","estado":"INSTALADO","barrio":"Fundadores","polivalvula":"","longitud_m":126.572037}},{"type":"Feature","geometry":{"type":"LineString","coordinates":[[-70.75812383679329,7.066315789630169],[-70.7583353715165,7.066384193034355],[-70.75814998217658,7.066848865040795],[-70.75805015624987,7.067075304233441],[-70.75769363679784,7.066900758144268]]},"properties":{"tipo":"TPE3/4","estado":"INSTALADO","barrio":"Fundadores","polivalvula":"","longitud_m":151.113251}},{"type":"Feature","geometry":{"type":"LineString","coordinates":[[-70.75863247187829,7.065492587437929],[-70.75846134236858,7.066009152513338],[-70.7583353715165,7.066384193034355]]},"properties":{"tipo":"TPE3/4","estado":"INSTALADO","barrio":"Fundadores","polivalvula":"","longitud_m":103.925148}},{"type":"Feature","geometry":{"type":"LineString","coordinates":[[-70.75945959667905,7.066497412651322],[-70.75987791340586,7.065869986654471],[-70.75970203015994,7.065761484459902],[-70.75928133753385,7.066391269588296],[-70.75945246675943,7.066495054106584]]},"properties":{"tipo":"TPE3/4","estado":"INSTALADO","barrio":"Fundadores","polivalvula":"","longitud_m":212.060913}},{"type":"Feature","geometry":{"type":"LineString","coordinates":[[-70.7593074818475,7.065855834589252],[-70.7594667272023,7.065978489258648],[-70.75965211719182,7.065723744524723],[-70.75946910446065,7.065605807291557],[-70.75930985903346,7.065848757989566]]},"properties":{"tipo":"TPE3/4","estado":"INSTALADO","barrio":"Fundadores","polivalvula":"","longitud_m":113.224846}},{"type":"Feature","geometry":{"type":"LineString","coordinates":[[-70.7593716552149,7.065570425654423],[-70.75878934010893,7.065374649880427],[-70.75870852883106,7.065589295873441],[-70.75858968899037,7.065943107599199],[-70.75855879129418,7.066084632809221],[-70.75860395011954,7.066228515802548],[-70.75868951441922,7.066344094550248],[-70.7587822102044,7.066348811942644],[-70.75888441243184,7.066296919987129],[-70.75895571601517,7.066188417292214],[-70.7592195408002,7.065851116934335],[-70.75937640954967,7.065577501695198]]},"properties":{"tipo":"TPE3/4","estado":"INSTALADO","barrio":"Fundadores","polivalvula":"","longitud_m":302.59613}},{"type":"Feature","geometry":{"type":"LineString","coordinates":[[-70.75939481389261,7.065081815351172],[-70.75955704536486,7.064556162718633],[-70.75912245935969,7.064426127131357],[-70.75896284647413,7.064810908669626],[-70.75883212234423,7.065226048216685],[-70.75879523393618,7.065359339161518]]},"properties":{"tipo":"TPE3/4","estado":"INSTALADO","barrio":"Fundadores","polivalvula":"","longitud_m":220.441666}},{"type":"Feature","geometry":{"type":"LineString","coordinates":[[-70.7597141616274,7.06443208263359],[-70.76015808870609,7.0645608517983],[-70.76029016981857,7.064154022499464],[-70.7598307244533,7.06401630470269]]},"properties":{"tipo":"TPE3/4","estado":"INSTALADO","barrio":"Fundadores","polivalvula":"","longitud_m":151.367172}},{"type":"Feature","geometry":{"type":"LineString","coordinates":[[-70.7581776747825,7.063387595711303],[-70.75807173693582,7.063447171745569],[-70.75814608904744,7.06359276837642]]},"properties":{"tipo":"TPE3/4","estado":"INSTALADO","barrio":"Olimpico","polivalvula":"","longitud_m":31.507551}},{"type":"Feature","geometry":{"type":"LineString","coordinates":[[-70.75832910255366,7.063656454791035],[-70.75853271258511,7.063429090008503],[-70.75883735149363,7.063581289245605],[-70.7591168627039,7.063739797954948],[-70.75894726360958,7.064103712370877],[-70.7586348483694,7.063864340310601],[-70.75832910255366,7.063656454791035]]},"properties":{"tipo":"TPE3/4","estado":"INSTALADO","barrio":"Olimpico","polivalvula":"","longitud_m":235.634155}},{"type":"Feature","geometry":{"type":"LineString","coordinates":[[-70.75914253271519,7.063623747276393],[-70.75918816633218,7.063156712476403],[-70.7592195408718,7.062845356281481],[-70.75922809709921,7.062392473397828],[-70.75921668864837,7.062214150996362],[-70.75895624861231,7.06219809242868],[-70.75894573343962,7.06238115152918],[-70.7589371767449,7.062616084270624],[-70.7588459082252,7.063468068851],[-70.75914253193625,7.063620916167667]]},"properties":{"tipo":"TPE3/4","estado":"INSTALADO","barrio":"Olimpico","polivalvula":"","longitud_m":363.101563}},{"type":"Feature","geometry":{"type":"LineString","coordinates":[[-70.75877935992763,7.062136624893793],[-70.75901133304117,7.062140557540912],[-70.75917977373517,7.062140557678745],[-70.75917579871364,7.062211630163779]]},"properties":{"tipo":"TPE3/4","estado":"INSTALADO","barrio":"Olimpico","polivalvula":"","longitud_m":52.114666}},{"type":"Feature","geometry":{"type":"LineString","coordinates":[[-70.75882301667136,7.061856384039499],[-70.75840326597977,7.061551511995241],[-70.75816424277447,7.061693335162434],[-70.75865196139318,7.062055641918996],[-70.75877935992763,7.062136624893793]]},"properties":{"tipo":"TPE3/4","estado":"INSTALADO","barrio":"Olimpico","polivalvula":"","longitud_m":171.883041}},{"type":"Feature","geometry":{"type":"LineString","coordinates":[[-70.75912614477821,7.061553495135495],[-70.75873224360735,7.061557819579714],[-70.75840326597977,7.061551511995241]]},"properties":{"tipo":"TPE3/4","estado":"INSTALADO","barrio":"Olimpico","polivalvula":"","longitud_m":79.874687}},{"type":"Feature","geometry":{"type":"LineString","coordinates":[[-70.75787332215813,7.06149802999052],[-70.75830685001831,7.06148104629387]]},"properties":{"tipo":"TPE3/4","estado":"INSTALADO","barrio":"Olimpico","polivalvula":"","longitud_m":47.934013}},{"type":"Feature","geometry":{"type":"LineString","coordinates":[[-70.75911971517938,7.061466893731743],[-70.75830685001831,7.06148104629387]]},"properties":{"tipo":"TPE3/4","estado":"INSTALADO","barrio":"Olimpico","polivalvula":"","longitud_m":89.82093}},{"type":"Feature","geometry":{"type":"LineString","coordinates":[[-70.75861155574904,7.062103289221699],[-70.75788140320145,7.061559828914984],[-70.75787332215813,7.06149802999052]]},"properties":{"tipo":"TPE3/4","estado":"INSTALADO","barrio":"Olimpico","polivalvula":"","longitud_m":107.489914}},{"type":"Feature","geometry":{"type":"LineString","coordinates":[[-70.75763461353327,7.069618458711968],[-70.75777397235902,7.070215484637671],[-70.75783671967528,7.070509853410753]]},"properties":{"tipo":"TPE3/4","estado":"INSTALADO","barrio":"Fundadores","polivalvula":"VILLA DEL MAESTRO CRUZ","longitud_m":236.135773}},{"type":"Feature","geometry":{"type":"LineString","coordinates":[[-70.75696966384972,7.070934423789663],[-70.75718072379469,7.070818374209527],[-70.75727769705993,7.070758934276853],[-70.75735185312551,7.070707986433025],[-70.75748875636016,7.070634393940861],[-70.75767699946648,7.070552310776946],[-70.75783671967528,7.070509853410753]]},"properties":{"tipo":"TPE3/4","estado":"INSTALADO","barrio":"Fundadores","polivalvula":"VILLA DEL MAESTRO CRUZ","longitud_m":278.913055}},{"type":"Feature","geometry":{"type":"LineString","coordinates":[[-70.75691547283738,7.07103065950466],[-70.75668159675931,7.070484378851924],[-70.7564220500231,7.070589106540561],[-70.7566701879927,7.071138216483168],[-70.75691547283738,7.07103065950466]]},"properties":{"tipo":"TPE3/4","estado":"INSTALADO","barrio":"Fundadores","polivalvula":"VILLA DEL MAESTRO CRUZ","longitud_m":192.857361}},{"type":"Feature","geometry":{"type":"LineString","coordinates":[[-70.75689540561422,7.070983787308379],[-70.75696966384972,7.070934423789663]]},"properties":{"tipo":"TPE3/4","estado":"INSTALADO","barrio":"Fundadores","polivalvula":"VILLA DEL MAESTRO CRUZ","longitud_m":9.854444}},{"type":"Feature","geometry":{"type":"LineString","coordinates":[[-70.75636785951505,7.070603259087326],[-70.75639352893124,7.07078723902996],[-70.75571186287436,7.070855170106556],[-70.75568904576915,7.070603259117867],[-70.75634504196151,7.070512684117306],[-70.75636500742114,7.070603258929991]]},"properties":{"tipo":"TPE3/4","estado":"INSTALADO","barrio":"Fundadores","polivalvula":"VILLA DEL MAESTRO CRUZ","longitud_m":207.621826}},{"type":"Feature","geometry":{"type":"LineString","coordinates":[[-70.75643916337519,7.070858001124521],[-70.7556861936191,7.070931593153873],[-70.7557232721363,7.071200487064933],[-70.75627658994331,7.071129725026276],[-70.75651046654674,7.071109912044447],[-70.75651046658032,7.071002354407685],[-70.75643916337519,7.070858001124521],[-70.75639352893124,7.07078723902996]]},"properties":{"tipo":"TPE3/4","estado":"INSTALADO","barrio":"Fundadores","polivalvula":"VILLA DEL MAESTRO CRUZ","longitud_m":240.171509}},{"type":"Feature","geometry":{"type":"LineString","coordinates":[[-70.75516139646179,7.071095760047427],[-70.75515854506331,7.070863661616028],[-70.7553667522477,7.070886305272594],[-70.75557210781756,7.0709174401857],[-70.7556091858182,7.070920270688047],[-70.75562915052969,7.070988202098961],[-70.7556548202949,7.071211808514175],[-70.7557232721363,7.071200487064933]]},"properties":{"tipo":"TPE3/4","estado":"INSTALADO","barrio":"Fundadores","polivalvula":"VILLA DEL MAESTRO CRUZ","longitud_m":116.251595}},{"type":"Feature","geometry":{"type":"LineString","coordinates":[[-70.75569760227478,7.07151183768335],[-70.7556548202949,7.071211808514175]]},"properties":{"tipo":"TPE3/4","estado":"INSTALADO","barrio":"Fundadores","polivalvula":"VILLA DEL MAESTRO CRUZ","longitud_m":33.516029}},{"type":"Feature","geometry":{"type":"LineString","coordinates":[[-70.75561531748673,7.069842476049725],[-70.75549837870376,7.069935881448458],[-70.75538429317866,7.070074574735657],[-70.75527305861908,7.070233080473376],[-70.75520460684916,7.070499144466461],[-70.75517323344611,7.070725582331953],[-70.75519551102812,7.07077709491231],[-70.75522954809816,7.070798076186707]]},"properties":{"tipo":"TPE3/4","estado":"INSTALADO","barrio":"Fundadores","polivalvula":"VILLA DEL MAESTRO CRUZ","longitud_m":128.82132}},{"type":"Feature","geometry":{"type":"LineString","coordinates":[[-70.75656539029717,7.0702274727237],[-70.75662783326352,7.070405739059606],[-70.75643103453186,7.070490653335255],[-70.7563450419615,7.070512684117343]]},"properties":{"tipo":"TPE3/4","estado":"INSTALADO","barrio":"Fundadores","polivalvula":"VILLA DEL MAESTRO CRUZ","longitud_m":117.594673}},{"type":"Feature","geometry":{"type":"LineString","coordinates":[[-70.76033004379795,7.069787910465336],[-70.76057723053808,7.070237012233344],[-70.76080094691501,7.070716157766039]]},"properties":{"tipo":"TPE3/4","estado":"INSTALADO","barrio":"LA GRANJA","polivalvula":"","longitud_m":115.151047}},{"type":"Feature","geometry":{"type":"LineString","coordinates":[[-70.76004482814861,7.070270977554247],[-70.76032965277827,7.069988301269265],[-70.76024415349089,7.06981436367905],[-70.76033004379795,7.069787910465336]]},"properties":{"tipo":"TPE3/4","estado":"INSTALADO","barrio":"LA GRANJA","polivalvula":"","longitud_m":75.716957}},{"type":"Feature","geometry":{"type":"LineString","coordinates":[[-70.76013609680093,7.070316265112562],[-70.7603642696888,7.070074731939329]]},"properties":{"tipo":"TPE3/4","estado":"INSTALADO","barrio":"LA GRANJA","polivalvula":"","longitud_m":36.728676}},{"type":"Feature","geometry":{"type":"LineString","coordinates":[[-70.76081806025093,7.070712383435717],[-70.76074246490674,7.070756035635469],[-70.7605966145257,7.070525901491234],[-70.76042511513734,7.070369100950959],[-70.76029238427526,7.070508919411231],[-70.7602387745799,7.070478545480688],[-70.76047872575671,7.070256064017179],[-70.7603642696888,7.070074731939329]]},"properties":{"tipo":"TPE3/4","estado":"INSTALADO","barrio":"LA GRANJA","polivalvula":"","longitud_m":153.450882}},{"type":"Feature","geometry":{"type":"LineString","coordinates":[[-70.74559691123918,7.064633829039008],[-70.74514056554318,7.064970658590846]]},"properties":{"tipo":"TPE3/4","estado":"INSTALADO","barrio":"","polivalvula":"","longitud_m":62.686489}},{"type":"Feature","geometry":{"type":"LineString","coordinates":[[-70.7450849057198,7.065008559870297],[-70.7448178328026,7.065214478479136],[-70.74428206683633,7.065596199089876],[-70.74458439550074,7.066020773216821]]},"properties":{"tipo":"TPE3/4","estado":"INSTALADO","barrio":"","polivalvula":"","longitud_m":167.600098}},{"type":"Feature","geometry":{"type":"LineString","coordinates":[[-70.74419650228529,7.065655639940018],[-70.74354335781915,7.06614248499091],[-70.7437715303496,7.06645383920538],[-70.74443037891125,7.065958502805359],[-70.7442022068409,7.065649978193369]]},"properties":{"tipo":"TPE3/4","estado":"INSTALADO","barrio":"","polivalvula":"","longitud_m":266.232422}},{"type":"Feature","geometry":{"type":"LineString","coordinates":[[-70.74350913219483,7.066165128290779],[-70.74310983069391,7.066473652067752],[-70.74334655927741,7.066785006287659],[-70.74374015699708,7.066473652555329],[-70.74351768840333,7.066176450696739]]},"properties":{"tipo":"TPE3/4","estado":"INSTALADO","barrio":"","polivalvula":"","longitud_m":195.520264}},{"type":"Feature","geometry":{"type":"LineString","coordinates":[[-70.7430670479314,7.066507618129642],[-70.74263637266209,7.066810481168051],[-70.74287880566794,7.067116173888577],[-70.7432980723674,7.066818971897863],[-70.74306704793865,7.066518940734956]]},"properties":{"tipo":"TPE3/4","estado":"INSTALADO","barrio":"","polivalvula":"","longitud_m":199.980316}},{"type":"Feature","geometry":{"type":"LineString","coordinates":[[-70.74261070340404,7.066739718602599],[-70.74301000466814,7.066444876085577],[-70.74276994832113,7.066152391232261],[-70.742382530848,7.06645195216061],[-70.74260594954589,7.066737359702375]]},"properties":{"tipo":"TPE3/4","estado":"INSTALADO","barrio":"","polivalvula":"","longitud_m":190.883087}},{"type":"Feature","geometry":{"type":"LineString","coordinates":[[-70.74305041066924,7.066409495032507],[-70.74343545124141,7.066081628925954],[-70.74321440929629,7.065798579858469],[-70.74282936869949,7.066086346478867],[-70.74305278742624,7.066407135826975]]},"properties":{"tipo":"TPE3/4","estado":"INSTALADO","barrio":"","polivalvula":"","longitud_m":191.94487}},{"type":"Feature","geometry":{"type":"LineString","coordinates":[[-70.74349249486025,7.066074552703952],[-70.74388466664462,7.065770274189462],[-70.74470703779784,7.065147565104856],[-70.74503028235124,7.064906972809338],[-70.74479497960645,7.064588541312111],[-70.7445216475891,7.064796110916006],[-70.74412234590865,7.065107465862979],[-70.74382524625182,7.065329188922592],[-70.74325956861304,7.065756122171499],[-70.74349011810715,7.066076911911941]]},"properties":{"tipo":"TPE3/4","estado":"INSTALADO","barrio":"","polivalvula":"","longitud_m":514.044434}},{"type":"Feature","geometry":{"type":"LineString","coordinates":[[-70.74506593434043,7.064871590889044],[-70.74483538515159,7.064567311991491],[-70.74525370144254,7.06425123906611],[-70.74549851169934,7.064534289664025],[-70.74503028235124,7.064906972809338]]},"properties":{"tipo":"TPE3/4","estado":"INSTALADO","barrio":"","polivalvula":"","longitud_m":207.663239}},{"type":"Feature","geometry":{"type":"LineString","coordinates":[[-70.74479497960645,7.064588541312111],[-70.74483538515159,7.064567311991491]]},"properties":{"tipo":"TPE3/4","estado":"INSTALADO","barrio":"","polivalvula":"","longitud_m":5.043829}},{"type":"Feature","geometry":{"type":"LineString","coordinates":[[-70.74477428134115,7.063838797528095],[-70.74515862984367,7.064168682292158],[-70.74525370144254,7.06425123906611]]},"properties":{"tipo":"TPE3/4","estado":"INSTALADO","barrio":"","polivalvula":"","longitud_m":69.900734}},{"type":"Feature","geometry":{"type":"LineString","coordinates":[[-70.74432912755302,7.064454091594714],[-70.74452164782585,7.064713554981489],[-70.74476170418164,7.064531930751262],[-70.74455967659722,7.064293697116939],[-70.7446072128748,7.064258315576912],[-70.74479022610666,7.064489473688895],[-70.74496135545787,7.064383329429854],[-70.74510396345781,7.064263032763571],[-70.74518538416118,7.064191915328247]]},"properties":{"tipo":"TPE3/4","estado":"INSTALADO","barrio":"","polivalvula":"","longitud_m":197.486786}},{"type":"Feature","geometry":{"type":"LineString","coordinates":[[-70.7438941732861,7.065180587660784],[-70.7441888966724,7.064937636353443],[-70.74447411195924,7.064722989997466],[-70.74433150409217,7.064553159328417],[-70.74437457264507,7.064515338661342]]},"properties":{"tipo":"TPE3/4","estado":"INSTALADO","barrio":"","polivalvula":"","longitud_m":112.518578}},{"type":"Feature","geometry":{"type":"LineString","coordinates":[[-70.74384188367743,7.065208892932191],[-70.74366124694096,7.064965941557145],[-70.74300525154625,7.065414103249646],[-70.74322153979854,7.065704229922117],[-70.7438490143927,7.0652112517119]]},"properties":{"tipo":"TPE3/4","estado":"INSTALADO","barrio":"","polivalvula":"","longitud_m":249.472977}},{"type":"Feature","geometry":{"type":"LineString","coordinates":[[-70.74316687380201,7.065744328015866],[-70.74296009235631,7.065458920015418],[-70.74256554375047,7.06575140504344],[-70.7427747019369,7.066036813108111],[-70.74315974331293,7.065746687430241],[-70.74322153979854,7.065704229922117]]},"properties":{"tipo":"TPE3/4","estado":"INSTALADO","barrio":"","polivalvula":"","longitud_m":193.933929}},{"type":"Feature","geometry":{"type":"LineString","coordinates":[[-70.74252276113029,7.065791503457358],[-70.74210919907499,7.066069835167577],[-70.74234212513227,7.066359960634006],[-70.74258218123688,7.066194848618996],[-70.7427414265586,7.066072193833118],[-70.74252276113029,7.065791503457358]]},"properties":{"tipo":"TPE3/4","estado":"INSTALADO","barrio":"","polivalvula":"","longitud_m":189.974091}},{"type":"Feature","geometry":{"type":"LineString","coordinates":[[-70.74180259232293,7.066845862094953],[-70.74233974838458,7.066477897749387],[-70.74254890639726,7.066756229513278],[-70.74252513867405,7.066777458820931],[-70.74235638610942,7.066911906711281],[-70.74222328493165,7.066992103654234]]},"properties":{"tipo":"TPE3/4","estado":"INSTALADO","barrio":"","polivalvula":"","longitud_m":154.990341}},{"type":"Feature","geometry":{"type":"LineString","coordinates":[[-70.7416314622517,7.066355243675931],[-70.74203076479952,7.066043889197687],[-70.74207116990587,7.066105216943476]]},"properties":{"tipo":"TPE3/4","estado":"INSTALADO","barrio":"","polivalvula":"","longitud_m":64.082611}},{"type":"Feature","geometry":{"type":"LineString","coordinates":[[-70.74141517378298,7.066043888910349],[-70.74168850600857,7.065855189530946],[-70.7418287363096,7.065767916031741],[-70.74203076479952,7.066043889197687]]},"properties":{"tipo":"TPE3/4","estado":"INSTALADO","barrio":"","polivalvula":"","longitud_m":92.7724}},{"type":"Feature","geometry":{"type":"LineString","coordinates":[[-70.74147221666144,7.065600445100777],[-70.74162670908878,7.065534400292144],[-70.7417812008777,7.065711305857736],[-70.74137952160265,7.065982561825755],[-70.74141517378298,7.066043888910349]]},"properties":{"tipo":"TPE3/4","estado":"INSTALADO","barrio":"","polivalvula":"","longitud_m":105.938797}},{"type":"Feature","geometry":{"type":"LineString","coordinates":[[-70.74162670922267,7.065378722170386],[-70.74204027162992,7.065154641170265],[-70.74221615462231,7.065395233327811],[-70.74182160610476,7.065678283108604],[-70.74167899853425,7.065499018875808],[-70.74162670908878,7.065534400292144]]},"properties":{"tipo":"TPE3/4","estado":"INSTALADO","barrio":"","polivalvula":"","longitud_m":170.893738}},{"type":"Feature","geometry":{"type":"LineString","coordinates":[[-70.74226131400621,7.065449485361415],[-70.74186676514037,7.065725458776995],[-70.74206166267274,7.066013225923381],[-70.7424823555302,7.065739611252222],[-70.74226844392217,7.065454202362364]]},"properties":{"tipo":"TPE3/4","estado":"INSTALADO","barrio":"","polivalvula":"","longitud_m":186.530655}},{"type":"Feature","geometry":{"type":"LineString","coordinates":[[-70.74250850030826,7.065685359838653],[-70.74304565693818,7.065293807168034],[-70.74342832141721,7.065055573441184],[-70.74361608810092,7.064906972352333],[-70.74341406064732,7.064607410624104],[-70.74229696546159,7.065397592662921],[-70.74251087717586,7.065685359737964]]},"properties":{"tipo":"TPE3/4","estado":"INSTALADO","barrio":"","polivalvula":"","longitud_m":380.557678}},{"type":"Feature","geometry":{"type":"LineString","coordinates":[[-70.74459388343114,7.067473657089198],[-70.74460388489602,7.067955884112786]]},"properties":{"tipo":"TPE3/4","estado":"INSTALADO","barrio":"","polivalvula":"","longitud_m":53.34235}},{"type":"Feature","geometry":{"type":"LineString","coordinates":[[-70.74459286763779,7.067424658647312],[-70.74459469521686,7.066508718750786]]},"properties":{"tipo":"TPE3/4","estado":"INSTALADO","barrio":"","polivalvula":"","longitud_m":101.296684}},{"type":"Feature","geometry":{"type":"LineString","coordinates":[[-70.74461000160427,7.066075181971201],[-70.74461000125152,7.066437484603357]]},"properties":{"tipo":"TPE3/4","estado":"INSTALADO","barrio":"","polivalvula":"","longitud_m":40.068111}},{"type":"Feature","geometry":{"type":"LineString","coordinates":[[-70.7438490143927,7.0652112517119],[-70.7438941732861,7.065180587660784]]},"properties":{"tipo":"TPE3/4","estado":"INSTALADO","barrio":"","polivalvula":"","longitud_m":6.032648}},{"type":"Feature","geometry":{"type":"LineString","coordinates":[[-70.74235312160748,7.067623844973361],[-70.74242917888789,7.067295979966033],[-70.74253375791126,7.067088411656282],[-70.74258367110816,7.066911505827861],[-70.74242232290725,7.066859373896431]]},"properties":{"tipo":"TPE3/4","estado":"INSTALADO","barrio":"","polivalvula":"","longitud_m":101.981766}},{"type":"Feature","geometry":{"type":"LineString","coordinates":[[-70.74313961936714,7.064332325598765],[-70.74304692490624,7.064396011857426],[-70.74260246340293,7.0646554744308],[-70.74237191387805,7.064822946109322],[-70.74206768424509,7.065070614828292],[-70.74226020456264,7.06535366469107]]},"properties":{"tipo":"TPE3/4","estado":"INSTALADO","barrio":"","polivalvula":"","longitud_m":182.001617}},{"type":"Feature","geometry":{"type":"LineString","coordinates":[[-70.7433416476997,7.064582353519354],[-70.74226020456264,7.06535366469107]]},"properties":{"tipo":"TPE3/4","estado":"INSTALADO","barrio":"","polivalvula":"","longitud_m":146.805191}},{"type":"Feature","geometry":{"type":"LineString","coordinates":[[-70.74307544578691,7.064292226381794],[-70.74259295630326,7.064587070818051],[-70.7423600296379,7.064709725981936],[-70.74221029180599,7.064844174870704],[-70.74201777119052,7.0650163638788]]},"properties":{"tipo":"TPE3/4","estado":"INSTALADO","barrio":"","polivalvula":"","longitud_m":142.37146}},{"type":"Feature","geometry":{"type":"LineString","coordinates":[[-70.7428662874583,7.063992664748501],[-70.74266901349185,7.064122395849108],[-70.74242895761397,7.064287508878786],[-70.74222692960657,7.064377141572735],[-70.74202727888456,7.064516307987762],[-70.74181099030709,7.064740389103467],[-70.74201777119052,7.0650163638788]]},"properties":{"tipo":"TPE3/4","estado":"INSTALADO","barrio":"","polivalvula":"","longitud_m":182.162994}},{"type":"Feature","geometry":{"type":"LineString","coordinates":[[-70.74175870041967,7.064646039820755],[-70.7419417133544,7.064509231508483],[-70.74214849494105,7.064337042828892],[-70.7424527255681,7.064216746559062],[-70.74262860789814,7.064068144556611],[-70.74280686755209,7.063950207093189]]},"properties":{"tipo":"TPE3/4","estado":"INSTALADO","barrio":"","polivalvula":"","longitud_m":140.21579}},{"type":"Feature","geometry":{"type":"LineString","coordinates":[[-70.73173931162896,7.069536556782957],[-70.73264249418052,7.06960024266888],[-70.73288730480459,7.069619112111877]]},"properties":{"tipo":"TPE3/4","estado":"INSTALADO","barrio":"Mata de Venado","polivalvula":"","longitud_m":127.159813}},{"type":"Feature","geometry":{"type":"LineString","coordinates":[[-70.73231687288876,7.069859702331144],[-70.73285165289727,7.069911594177853],[-70.73288784430244,7.069658148417753],[-70.73233826410184,7.069614395361358]]},"properties":{"tipo":"TPE3/4","estado":"INSTALADO","barrio":"Mata de Venado","polivalvula":"","longitud_m":148.584564}},{"type":"Feature","geometry":{"type":"LineString","coordinates":[[-70.73284689939842,7.069956409933373],[-70.73233113370543,7.069911594994434]]},"properties":{"tipo":"TPE3/4","estado":"INSTALADO","barrio":"Mata de Venado","polivalvula":"","longitud_m":57.197281}},{"type":"Feature","geometry":{"type":"LineString","coordinates":[[-70.73223130887305,7.069906876985759],[-70.73166800724358,7.069854984964887],[-70.73163235534186,7.070142749603238],[-70.73219803341289,7.070199358929905],[-70.7322336848546,7.069906876937842]]},"properties":{"tipo":"TPE3/4","estado":"INSTALADO","barrio":"Mata de Venado","polivalvula":"","longitud_m":189.960281}},{"type":"Feature","geometry":{"type":"LineString","coordinates":[[-70.73090267904406,7.070067270532657],[-70.73158244302611,7.070126238644123]]},"properties":{"tipo":"TPE3/4","estado":"INSTALADO","barrio":"Mata de Venado","polivalvula":"","longitud_m":75.383385}},{"type":"Feature","geometry":{"type":"LineString","coordinates":[[-70.73161571830512,7.06981016938707],[-70.7316489935706,7.069571937733541],[-70.7309739829823,7.069501175987631],[-70.73094546130855,7.069746483888397],[-70.73161809439793,7.069814886636327]]},"properties":{"tipo":"TPE3/4","estado":"INSTALADO","barrio":"Mata de Venado","polivalvula":"","longitud_m":203.595993}},{"type":"Feature","geometry":{"type":"LineString","coordinates":[[-70.73080285306928,7.070093215980494],[-70.73082186756244,7.06985970284765]]},"properties":{"tipo":"TPE3/4","estado":"INSTALADO","barrio":"Mata de Venado","polivalvula":"","longitud_m":25.910244}},{"type":"Feature","geometry":{"type":"LineString","coordinates":[[-70.73013259631993,7.069744125372432],[-70.73082424475461,7.069791299790213]]},"properties":{"tipo":"TPE3/4","estado":"INSTALADO","barrio":"Mata de Venado","polivalvula":"","longitud_m":76.591728}},{"type":"Feature","geometry":{"type":"LineString","coordinates":[[-70.73080998386025,7.070140390604465],[-70.73102682946241,7.070297876394974]]},"properties":{"tipo":"TPE3/4","estado":"INSTALADO","barrio":"Mata de Venado","polivalvula":"","longitud_m":29.619177}},{"type":"Feature","geometry":{"type":"LineString","coordinates":[[-70.73077336237749,7.070459207906333],[-70.73062497074606,7.070336515645596]]},"properties":{"tipo":"TPE3/4","estado":"INSTALADO","barrio":"Mata de Venado","polivalvula":"","longitud_m":21.281254}},{"type":"Feature","geometry":{"type":"LineString","coordinates":[[-70.73288492785474,7.069685156999846],[-70.73289205857535,7.069619112010532]]},"properties":{"tipo":"TPE3/4","estado":"INSTALADO","barrio":"Mata de Venado","polivalvula":"","longitud_m":7.346482}},{"type":"Feature","geometry":{"type":"LineString","coordinates":[[-70.73284689939842,7.069956409933373],[-70.73285165289727,7.069911594177853]]},"properties":{"tipo":"TPE3/4","estado":"INSTALADO","barrio":"Mata de Venado","polivalvula":"","longitud_m":4.984058}},{"type":"Feature","geometry":{"type":"LineString","coordinates":[[-70.73258063475939,7.070246690466995],[-70.73255690751645,7.070500475453205]]},"properties":{"tipo":"TPE3/4","estado":"INSTALADO","barrio":"Mata de Venado","polivalvula":"","longitud_m":28.189016}},{"type":"Feature","geometry":{"type":"LineString","coordinates":[[-70.73238383538853,7.070229708245266],[-70.73253657281971,7.070242888172063]]},"properties":{"tipo":"TPE3/4","estado":"INSTALADO","barrio":"Mata de Venado","polivalvula":"","longitud_m":16.937361}},{"type":"Feature","geometry":{"type":"LineString","coordinates":[[-70.73252335693869,7.070472232748479],[-70.73253243649472,7.0703146726181]]},"properties":{"tipo":"TPE3/4","estado":"INSTALADO","barrio":"Mata de Venado","polivalvula":"","longitud_m":17.453911}},{"type":"Feature","geometry":{"type":"LineString","coordinates":[[-70.7308750450368,7.068967316702571],[-70.73092353108424,7.069431514757249],[-70.73130857220083,7.069488124564284],[-70.73173931162896,7.069536556782957]]},"properties":{"tipo":"TPE3/4","estado":"INSTALADO","barrio":"Mata de Venado","polivalvula":"","longitud_m":142.502625}},{"type":"Feature","geometry":{"type":"LineString","coordinates":[[-70.74377317591946,7.083333320334997],[-70.74413583680051,7.083398281881856],[-70.74415802736065,7.084064722915309],[-70.74395399485071,7.084077516919277]]},"properties":{"tipo":"TPE3/4","estado":"INSTALADO","barrio":"LAS AMERICAS","polivalvula":"","longitud_m":260.540955}},{"type":"Feature","geometry":{"type":"LineString","coordinates":[[-70.74422601302773,7.084095504837936],[-70.74423198018606,7.083764026164361],[-70.74456282953149,7.083839502979851],[-70.74454381546889,7.084179149238705],[-70.74422817716727,7.084096124955535]]},"properties":{"tipo":"TPE3/4","estado":"INSTALADO","barrio":"LAS AMERICAS","polivalvula":"","longitud_m":156.944855}},{"type":"Feature","geometry":{"type":"LineString","coordinates":[[-70.74462414599645,7.083430228817701],[-70.74463508416211,7.084190470260348],[-70.74454381546889,7.084179149238705]]},"properties":{"tipo":"TPE3/4","estado":"INSTALADO","barrio":"LAS AMERICAS","polivalvula":"","longitud_m":329.614441}},{"type":"Feature","geometry":{"type":"LineString","coordinates":[[-70.74470474744285,7.083095211956719],[-70.74462939207334,7.08309721242722],[-70.74462479403037,7.083428788190982]]},"properties":{"tipo":"TPE3/4","estado":"INSTALADO","barrio":"LAS AMERICAS","polivalvula":"","longitud_m":122.453819}},{"type":"Feature","geometry":{"type":"LineString","coordinates":[[-70.74414055035324,7.087633170252417],[-70.74347140486327,7.08767749018198],[-70.74339914998309,7.087043488639488],[-70.74407209807393,7.086987847093404]]},"properties":{"tipo":"TPE3/4","estado":"INSTALADO","barrio":"LA UNION","polivalvula":"","longitud_m":219.25531}},{"type":"Feature","geometry":{"type":"LineString","coordinates":[[-70.74397718667761,7.086247211385025],[-70.74306449679146,7.086364199705152],[-70.74334590987657,7.086783094869753],[-70.74337252989048,7.086960464264589],[-70.74347140433663,7.086952916393725],[-70.74407571079946,7.086889349785677]]},"properties":{"tipo":"TPE3/4","estado":"INSTALADO","barrio":"LAS AMERICAS","polivalvula":"","longitud_m":255.370544}},{"type":"Feature","geometry":{"type":"LineString","coordinates":[[-70.7438478892731,7.085364135091917],[-70.74309111706876,7.085473575788197]]},"properties":{"tipo":"TPE3/4","estado":"INSTALADO","barrio":"LAS AMERICAS","polivalvula":"","longitud_m":84.477371}},{"type":"Feature","geometry":{"type":"LineString","coordinates":[[-70.74298376752344,7.085431364804201],[-70.74267280045073,7.085458480862753],[-70.74273744963722,7.085749065652251],[-70.74297703463743,7.086319301219232],[-70.7431717421134,7.086264958631379],[-70.74298376752344,7.085431364804201]]},"properties":{"tipo":"TPE3/4","estado":"INSTALADO","barrio":"","polivalvula":"","longitud_m":252.633667}},{"type":"Feature","geometry":{"type":"LineString","coordinates":[[-70.74297155057917,7.085354647732127],[-70.74265378677215,7.085333943935734],[-70.74261575766211,7.085069775995778],[-70.74261027737924,7.084641392365048],[-70.74272436445017,7.084633844734693],[-70.74270322412511,7.084473509257093],[-70.74288956422568,7.084416901088286],[-70.74325464086155,7.084379163034413],[-70.74370338004593,7.08436029335435]]},"properties":{"tipo":"TPE3/4","estado":"INSTALADO","barrio":"LAS AMERICAS","polivalvula":"","longitud_m":254.277191}},{"type":"Feature","geometry":{"type":"LineString","coordinates":[[-70.74476157493983,7.088588303080242],[-70.74470908232088,7.088661196870534],[-70.74472049060408,7.088737616741366],[-70.74478609054614,7.088828187513979],[-70.74486595120442,7.088876303775107],[-70.74505704534523,7.089014990859869],[-70.74537933901567,7.089227267258204],[-70.74565314628641,7.089416901606503],[-70.74591269210559,7.089615026164273],[-70.74622072485955,7.089824471583411],[-70.74640041084272,7.089940515668507],[-70.74669703547364,7.09012165791987],[-70.74705070288111,7.090251854508821],[-70.74728457935278,7.090319782754879],[-70.74735873626719,7.090328273597526],[-70.74758405607679,7.090410353838443],[-70.74779226360351,7.090466959998725],[-70.74796339270422,7.090481112125318],[-70.7479646982964,7.089994120115962]]},"properties":{"tipo":"TPE3/4","estado":"INSTALADO","barrio":"SANTAFESITO","polivalvula":"SANTAFESITO","longitud_m":485.949432}},{"type":"Feature","geometry":{"type":"LineString","coordinates":[[-70.74617166495948,7.088380522358411],[-70.74604617043363,7.088386182792921]]},"properties":{"tipo":"TPE3/4","estado":"INSTALADO","barrio":"LA UNION","polivalvula":"LA UNION UNO","longitud_m":13.878276}},{"type":"Feature","geometry":{"type":"LineString","coordinates":[[-70.74694233192513,7.08883792648647],[-70.74694416748412,7.088742866608297]]},"properties":{"tipo":"TPE3/4","estado":"INSTALADO","barrio":"LA UNION","polivalvula":"LA UNION UNO","longitud_m":10.514914}},{"type":"Feature","geometry":{"type":"LineString","coordinates":[[-70.74947440176462,7.080693752482056],[-70.75009823240971,7.080694147912731],[-70.75011819719545,7.079924277163631],[-70.74912849888248,7.079907294858222]]},"properties":{"tipo":"TPE3/4","estado":"INSTALADO","barrio":"MERIDIANO 70","polivalvula":"","longitud_m":386.522736}},{"type":"Feature","geometry":{"type":"LineString","coordinates":[[-70.74316102659785,7.079274320238778],[-70.74411198430627,7.079046169662157]]},"properties":{"tipo":"TPE3/4","estado":"INSTALADO","barrio":"EL CHIRCAL","polivalvula":"","longitud_m":108.047684}},{"type":"Feature","geometry":{"type":"LineString","coordinates":[[-70.74495725136074,7.078391229971253],[-70.74496580783833,7.078094036324569],[-70.74416610803218,7.078049820471733],[-70.74415207348798,7.078425868699119],[-70.74448587678769,7.078396994593511],[-70.74495725136074,7.078391229971253]]},"properties":{"tipo":"TPE3/4","estado":"INSTALADO","barrio":"EL CHIRCAL","polivalvula":"","longitud_m":252.080017}},{"type":"Feature","geometry":{"type":"LineString","coordinates":[[-70.74501228006353,7.078038588593832],[-70.74464709015645,7.077973714968564],[-70.7441666810766,7.077968982104474]]},"properties":{"tipo":"TPE3/4","estado":"INSTALADO","barrio":"EL CHIRCAL","polivalvula":"","longitud_m":94.056152}},{"type":"Feature","geometry":{"type":"LineString","coordinates":[[-70.74551342193715,7.0778506196547],[-70.74551342223275,7.078147814008919]]},"properties":{"tipo":"TPE3/4","estado":"INSTALADO","barrio":"EL CHIRCAL","polivalvula":"","longitud_m":32.867607}},{"type":"Feature","geometry":{"type":"LineString","coordinates":[[-70.74546778739541,7.077819485663542],[-70.74546208306894,7.078144983357458]]},"properties":{"tipo":"TPE3/4","estado":"INSTALADO","barrio":"EL CHIRCAL","polivalvula":"","longitud_m":36.003277}},{"type":"Feature","geometry":{"type":"LineString","coordinates":[[-70.74508559841846,7.077726081264109],[-70.7450679623581,7.078080311853847]]},"properties":{"tipo":"TPE3/4","estado":"INSTALADO","barrio":"EL CHIRCAL","polivalvula":"","longitud_m":39.223839}},{"type":"Feature","geometry":{"type":"LineString","coordinates":[[-70.74502649839626,7.077765170842152],[-70.74501228006353,7.078038588593832]]},"properties":{"tipo":"TPE3/4","estado":"INSTALADO","barrio":"EL CHIRCAL","polivalvula":"","longitud_m":30.278858}},{"type":"Feature","geometry":{"type":"LineString","coordinates":[[-70.74724961337668,7.07855179731082],[-70.74709917047218,7.078114040509687]]},"properties":{"tipo":"TPE3/4","estado":"INSTALADO","barrio":"","polivalvula":"","longitud_m":51.186417}},{"type":"Feature","geometry":{"type":"LineString","coordinates":[[-70.7479379806975,7.078838267380494],[-70.74787523327181,7.079177917358169],[-70.74828793008616,7.079248995209943]]},"properties":{"tipo":"TPE3/4","estado":"INSTALADO","barrio":"MERIDIANO 70","polivalvula":"","longitud_m":84.463905}},{"type":"Feature","geometry":{"type":"LineString","coordinates":[[-70.7478951983298,7.079228864231018],[-70.74828051889939,7.079293365319373]]},"properties":{"tipo":"TPE3/4","estado":"INSTALADO","barrio":"MERIDIANO 70","polivalvula":"","longitud_m":43.163086}},{"type":"Feature","geometry":{"type":"LineString","coordinates":[[-70.7505529333917,7.074402858067585],[-70.7508134305613,7.074412292837201],[-70.75118040783539,7.07442361413984],[-70.75146562321227,7.074406631973249]]},"properties":{"tipo":"TPE3/4","estado":"INSTALADO","barrio":"Santa Barbara","polivalvula":"","longitud_m":100.927589}},{"type":"Feature","geometry":{"type":"LineString","coordinates":[[-70.75077825342464,7.0735438170772],[-70.75088853709634,7.073783462314605],[-70.75095698862276,7.074100471975528],[-70.75100119779464,7.074329738361736],[-70.75126901907394,7.074337039535838]]},"properties":{"tipo":"TPE3/4","estado":"INSTALADO","barrio":"Santa Barbara","polivalvula":"","longitud_m":120.4561}},{"type":"Feature","geometry":{"type":"LineString","coordinates":[[-70.75063184272344,7.07430049004715],[-70.75100119779464,7.074329738361736]]},"properties":{"tipo":"TPE3/4","estado":"INSTALADO","barrio":"Santa Barbara","polivalvula":"","longitud_m":40.934143}},{"type":"Feature","geometry":{"type":"LineString","coordinates":[[-70.7507364219814,7.07353249586292],[-70.75079916958205,7.073766479012152],[-70.75086952261005,7.073885357898762],[-70.7509132557317,7.074108019554747],[-70.75095341416944,7.074325954163859]]},"properties":{"tipo":"TPE3/4","estado":"INSTALADO","barrio":"Santa Barbara","polivalvula":"","longitud_m":91.663528}},{"type":"Feature","geometry":{"type":"LineString","coordinates":[[-70.7505529333917,7.074402858067585],[-70.75027175824972,7.074368892578358],[-70.7499836471207,7.074321943812004]]},"properties":{"tipo":"TPE3/4","estado":"INSTALADO","barrio":"San Carlos","polivalvula":"","longitud_m":63.541409}},{"type":"Feature","geometry":{"type":"LineString","coordinates":[[-70.74877333892074,7.08308905039433],[-70.74877663499248,7.083157539013833]]},"properties":{"tipo":"TPE3/4","estado":"INSTALADO","barrio":"LAS AMERICAS","polivalvula":"","longitud_m":7.583107}},{"type":"Feature","geometry":{"type":"LineString","coordinates":[[-70.74896515856628,7.08246337921504],[-70.7485629359832,7.082525215563784],[-70.74856985321325,7.082619764467342]]},"properties":{"tipo":"TPE3/4","estado":"INSTALADO","barrio":"LAS AMERICAS","polivalvula":"","longitud_m":55.444027}},{"type":"Feature","geometry":{"type":"LineString","coordinates":[[-70.76112667896244,7.076028285527807],[-70.76116394372359,7.075999444586321]]},"properties":{"tipo":"TPE3/4","estado":"INSTALADO","barrio":"EL PALMAR","polivalvula":"","longitud_m":5.207974}},{"type":"Feature","geometry":{"type":"LineString","coordinates":[[-70.76065209836034,7.076340707445971],[-70.76071347998739,7.076306595088145]]},"properties":{"tipo":"TPE3/4","estado":"INSTALADO","barrio":"EL PALMAR","polivalvula":"","longitud_m":7.760114}},{"type":"Feature","geometry":{"type":"LineString","coordinates":[[-70.76178305821107,7.076508502069682],[-70.7617526369218,7.076452652290567]]},"properties":{"tipo":"TPE3/4","estado":"INSTALADO","barrio":"EL PALMAR","polivalvula":"","longitud_m":7.031776}},{"type":"Feature","geometry":{"type":"LineString","coordinates":[[-70.76189253432557,7.076881754407205],[-70.7618574073264,7.076816268806893]]},"properties":{"tipo":"TPE3/4","estado":"PROGRAMADO","barrio":"EL PALMAR","polivalvula":"","longitud_m":8.216475}},{"type":"Feature","geometry":{"type":"LineString","coordinates":[[-70.76204047703919,7.077205456312311],[-70.76199750652682,7.077143111181396]]},"properties":{"tipo":"TPE3/4","estado":"INSTALADO","barrio":"EL PALMAR","polivalvula":"","longitud_m":8.371202}},{"type":"Feature","geometry":{"type":"LineString","coordinates":[[-70.76224593099417,7.080786232643463],[-70.76225068398651,7.080847558128815]]},"properties":{"tipo":"TPE3/4","estado":"INSTALADO","barrio":"Los Guarataros","polivalvula":"","longitud_m":6.802455}},{"type":"Feature","geometry":{"type":"LineString","coordinates":[[-70.7597738789379,7.07937300358182],[-70.7600400797519,7.079552262914624],[-70.75995689227643,7.079693783182732],[-70.75982616795523,7.079903705814637],[-70.75963364782892,7.080085323957165],[-70.75949103954767,7.080132497221326],[-70.75924973982993,7.080152222328527]]},"properties":{"tipo":"TPE3/4","estado":"INSTALADO","barrio":"CRISTO REY","polivalvula":"","longitud_m":153.55687}},{"type":"Feature","geometry":{"type":"LineString","coordinates":[[-70.76229891928338,7.078158717203412],[-70.76226238517677,7.078172434769372],[-70.76201995167516,7.078299804157012],[-70.7617513735203,7.07845783579845],[-70.76158737461213,7.078559259167423],[-70.76117856585533,7.078811638124584],[-70.76092187161568,7.078946082669023],[-70.7606794386719,7.07907816862646],[-70.7604251207846,7.079219689102271],[-70.76013515173514,7.079365927743138],[-70.76006147087578,7.07943904680911],[-70.76004245697932,7.079490937759721],[-70.7600400797519,7.079552262914624]]},"properties":{"tipo":"TPE3/4","estado":"INSTALADO","barrio":"SANTA TERESITA","polivalvula":"","longitud_m":298.361816}},{"type":"Feature","geometry":{"type":"LineString","coordinates":[[-70.73777656252307,7.070438404841995],[-70.73727077956545,7.070170453766592],[-70.73690950689854,7.069994964468897],[-70.7364262087367,7.06979584071429],[-70.7361524018621,7.069732438217862],[-70.73580166578044,7.069651785488369]]},"properties":{"tipo":"TPE3/4","estado":"INSTALADO","barrio":"Mata de Venado","polivalvula":"","longitud_m":236.205872}},{"type":"Feature","geometry":{"type":"LineString","coordinates":[[-70.7449857297093,7.074069104864455],[-70.74503813416162,7.073919555869737]]},"properties":{"tipo":"TPE3/4","estado":"INSTALADO","barrio":"Urb Torres del Castillo","polivalvula":"","longitud_m":17.52314}},{"type":"Feature","geometry":{"type":"LineString","coordinates":[[-70.75063184272344,7.07430049004715],[-70.74974883150979,7.074233270201957],[-70.74907095701474,7.074158910843998]]},"properties":{"tipo":"TPE3/4","estado":"INSTALADO","barrio":"San Carlos","polivalvula":"","longitud_m":173.178802}},{"type":"Feature","geometry":{"type":"LineString","coordinates":[[-70.75077825342464,7.0735438170772],[-70.7507364219814,7.07353249586292]]},"properties":{"tipo":"TPE3/4","estado":"INSTALADO","barrio":"Santa Barbara","polivalvula":"","longitud_m":4.788119}},{"type":"Feature","geometry":{"type":"LineString","coordinates":[[-70.74889773598173,7.072280251965414],[-70.7489024895027,7.072320350122173]]},"properties":{"tipo":"TPE3/4","estado":"INSTALADO","barrio":"San Carlos","polivalvula":"","longitud_m":4.46556}},{"type":"Feature","geometry":{"type":"LineString","coordinates":[[-70.75059403930824,7.081083658921187],[-70.75059119022158,7.080809331914159]]},"properties":{"tipo":"TPE3/4","estado":"INSTALADO","barrio":"MERIDIANO 70","polivalvula":"","longitud_m":30.340261}},{"type":"Feature","geometry":{"type":"LineString","coordinates":[[-70.73223129249169,7.069926502075122],[-70.73232903450746,7.069938675609561]]},"properties":{"tipo":"TPE3/4","estado":"INSTALADO","barrio":"Mata de Venado","polivalvula":"","longitud_m":10.882206}},{"type":"Feature","geometry":{"type":"LineString","coordinates":[[-70.73158244302611,7.070126238644123],[-70.73163355915703,7.070133035602056]]},"properties":{"tipo":"TPE3/4","estado":"INSTALADO","barrio":"Mata de Venado","polivalvula":"","longitud_m":5.697151}},{"type":"Feature","geometry":{"type":"LineString","coordinates":[[-70.73080582559479,7.070056715906873],[-70.73090267904406,7.070067270532657]]},"properties":{"tipo":"TPE3/4","estado":"INSTALADO","barrio":"Mata de Venado","polivalvula":"","longitud_m":10.763912}},{"type":"Feature","geometry":{"type":"LineString","coordinates":[[-70.73097877898358,7.069439637723656],[-70.7309739829823,7.069501175987631]]},"properties":{"tipo":"TPE3/4","estado":"INSTALADO","barrio":"Mata de Venado","polivalvula":"","longitud_m":6.826303}},{"type":"Feature","geometry":{"type":"LineString","coordinates":[[-70.74863438654249,7.074943886446478],[-70.74865720424175,7.07486991770311]]},"properties":{"tipo":"TPE3/4","estado":"INSTALADO","barrio":"San Carlos","polivalvula":"","longitud_m":8.560031}},{"type":"Feature","geometry":{"type":"LineString","coordinates":[[-70.746394190037,7.079701237579124],[-70.74625207969576,7.079718886216568]]},"properties":{"tipo":"TPE3/4","estado":"INSTALADO","barrio":"","polivalvula":"","longitud_m":15.820953}},{"type":"Feature","geometry":{"type":"LineString","coordinates":[[-70.74696349423928,7.079829855736481],[-70.7468581820944,7.079819551514015]]},"properties":{"tipo":"TPE3/4","estado":"INSTALADO","barrio":"","polivalvula":"","longitud_m":11.690368}},{"type":"Feature","geometry":{"type":"LineString","coordinates":[[-70.71093778855052,7.071803090972494],[-70.71158237557832,7.071522875502189],[-70.71141980254163,7.071183220006175],[-70.71079803313998,7.071471927526916]]},"properties":{"tipo":"TPE3/4","estado":"INSTALADO","barrio":"Costa Hermosa","polivalvula":"","longitud_m":195.053223}},{"type":"Feature","geometry":{"type":"LineString","coordinates":[[-70.71133709004876,7.072040849735451],[-70.71123441296369,7.071803090994862]]},"properties":{"tipo":"TPE3/4","estado":"INSTALADO","barrio":"Costa Hermosa","polivalvula":"","longitud_m":28.637119}},{"type":"Feature","geometry":{"type":"LineString","coordinates":[[-70.71151392402123,7.072439944108801],[-70.71135420312388,7.072086137171669]]},"properties":{"tipo":"TPE3/4","estado":"INSTALADO","barrio":"Costa Hermosa","polivalvula":"","longitud_m":42.923615}},{"type":"Feature","geometry":{"type":"LineString","coordinates":[[-70.71169931423628,7.072921121534488],[-70.71152248077509,7.072516366844397]]},"properties":{"tipo":"TPE3/4","estado":"INSTALADO","barrio":"Costa Hermosa","polivalvula":"","longitud_m":48.840771}},{"type":"Feature","geometry":{"type":"LineString","coordinates":[[-70.71209291173365,7.073889135486137],[-70.71173068786298,7.073003204479776]]},"properties":{"tipo":"TPE3/4","estado":"INSTALADO","barrio":"Costa Hermosa","polivalvula":"","longitud_m":105.835655}},{"type":"Feature","geometry":{"type":"LineString","coordinates":[[-70.71216776417758,7.074133315662321],[-70.7121128766265,7.074005183482585],[-70.7118818520192,7.074090096821483]]},"properties":{"tipo":"TPE3/4","estado":"INSTALADO","barrio":"Costa Hermosa","polivalvula":"","longitud_m":42.609875}},{"type":"Feature","geometry":{"type":"LineString","coordinates":[[-70.71243517043085,7.074259923602636],[-70.71258918679163,7.074675998951391]]},"properties":{"tipo":"TPE3/4","estado":"INSTALADO","barrio":"Costa Hermosa","polivalvula":"","longitud_m":49.060467}},{"type":"Feature","geometry":{"type":"LineString","coordinates":[[-70.71214139880493,7.073651377953349],[-70.7124180575138,7.074206144729064]]},"properties":{"tipo":"TPE3/4","estado":"INSTALADO","barrio":"Costa Hermosa","polivalvula":"","longitud_m":68.545517}},{"type":"Feature","geometry":{"type":"LineString","coordinates":[[-70.71167934878765,7.072459757884214],[-70.71214139880493,7.073651377953349]]},"properties":{"tipo":"TPE3/4","estado":"INSTALADO","barrio":"Costa Hermosa","polivalvula":"","longitud_m":141.326523}},{"type":"Feature","geometry":{"type":"LineString","coordinates":[[-70.71135990732228,7.07170685560988],[-70.71164227115979,7.072388995733973]]},"properties":{"tipo":"TPE3/4","estado":"INSTALADO","barrio":"Costa Hermosa","polivalvula":"","longitud_m":81.635704}},{"type":"Feature","geometry":{"type":"LineString","coordinates":[[-70.71162515842578,7.071610620559994],[-70.71158237557832,7.071522875502189]]},"properties":{"tipo":"TPE3/4","estado":"INSTALADO","barrio":"Costa Hermosa","polivalvula":"","longitud_m":10.793953}},{"type":"Feature","geometry":{"type":"LineString","coordinates":[[-70.71097201467174,7.071899327152225],[-70.71093778855052,7.071803090972494]]},"properties":{"tipo":"TPE3/4","estado":"INSTALADO","barrio":"Costa Hermosa","polivalvula":"","longitud_m":11.294847}},{"type":"Feature","geometry":{"type":"LineString","coordinates":[[-70.71110036138282,7.072179542695997],[-70.71107469212295,7.072139916133323]]},"properties":{"tipo":"TPE3/4","estado":"INSTALADO","barrio":"Costa Hermosa","polivalvula":"","longitud_m":5.219995}},{"type":"Feature","geometry":{"type":"LineString","coordinates":[[-70.71126863882446,7.072609771544166],[-70.71124296920074,7.072541840385595]]},"properties":{"tipo":"TPE3/4","estado":"INSTALADO","barrio":"Costa Hermosa","polivalvula":"","longitud_m":8.030193}},{"type":"Feature","geometry":{"type":"LineString","coordinates":[[-70.71145688065216,7.073105101336978],[-70.71142835958362,7.073020187715932]]},"properties":{"tipo":"TPE3/4","estado":"INSTALADO","barrio":"Costa Hermosa","polivalvula":"","longitud_m":9.90543}},{"type":"Feature","geometry":{"type":"LineString","coordinates":[[-70.71195315598428,7.072355030682391],[-70.71191322615518,7.07227860864742]]},"properties":{"tipo":"TPE3/4","estado":"INSTALADO","barrio":"Costa Hermosa","polivalvula":"","longitud_m":9.533802}},{"type":"Feature","geometry":{"type":"LineString","coordinates":[[-70.71255210905389,7.073790070005791],[-70.71243802269062,7.073526838086524]]},"properties":{"tipo":"TPE3/4","estado":"INSTALADO","barrio":"Costa Hermosa","polivalvula":"","longitud_m":31.723152}},{"type":"Feature","geometry":{"type":"LineString","coordinates":[[-70.7118818520192,7.074090096821483],[-70.71183336596285,7.073993862162462]]},"properties":{"tipo":"TPE3/4","estado":"INSTALADO","barrio":"Costa Hermosa","polivalvula":"","longitud_m":11.914959}},{"type":"Feature","geometry":{"type":"LineString","coordinates":[[-70.71270612596389,7.074152366298941],[-70.71268616083269,7.074092927533311]]},"properties":{"tipo":"TPE3/4","estado":"INSTALADO","barrio":"Costa Hermosa","polivalvula":"","longitud_m":6.933732}},{"type":"Feature","geometry":{"type":"LineString","coordinates":[[-70.73179647638038,7.06922356599279],[-70.73255020656259,7.069301309296621],[-70.73290615595548,7.069338294659265],[-70.73305212868762,7.069342181295503]]},"properties":{"tipo":"TPE4","estado":"INSTALADO","barrio":"Mata de Venado","polivalvula":"","longitud_m":139.386078}},{"type":"Feature","geometry":{"type":"LineString","coordinates":[[-70.7598307244533,7.06401630470269],[-70.75973235617597,7.063989792005813]]},"properties":{"tipo":"TPE3/4","estado":"INSTALADO","barrio":"Fundadores","polivalvula":"","longitud_m":11.256492}},{"type":"Feature","geometry":{"type":"LineString","coordinates":[[-70.73884344324435,7.070800342736161],[-70.73870178607594,7.070787134036133],[-70.73822167267089,7.070640892967033],[-70.73796117615072,7.07055368322917],[-70.73773015126324,7.070437634064133],[-70.73711408541416,7.070109299298998],[-70.7364210115527,7.069809269947125],[-70.73577816106068,7.069661853880059]]},"properties":{"tipo":"TPE4","estado":"INSTALADO","barrio":"Mata de Venado","polivalvula":"","longitud_m":363.558899}},{"type":"Feature","geometry":{"type":"LineString","coordinates":[[-70.74459469521686,7.066508718750786],[-70.74461000125152,7.066437484603357]]},"properties":{"tipo":"TPE3/4","estado":"INSTALADO","barrio":"","polivalvula":"","longitud_m":8.057442}},{"type":"Feature","geometry":{"type":"LineString","coordinates":[[-70.74226020456264,7.06535366469107],[-70.74221615462231,7.065395233327811]]},"properties":{"tipo":"TPE3/4","estado":"INSTALADO","barrio":"","polivalvula":"","longitud_m":6.694707}},{"type":"Feature","geometry":{"type":"LineString","coordinates":[[-70.74251087717586,7.065685359737964],[-70.7424823555302,7.065739611252222]]},"properties":{"tipo":"TPE3/4","estado":"INSTALADO","barrio":"","polivalvula":"","longitud_m":6.776987}},{"type":"Feature","geometry":{"type":"LineString","coordinates":[[-70.74206166267274,7.066013225923381],[-70.74203076479952,7.066043889197687]]},"properties":{"tipo":"TPE3/4","estado":"INSTALADO","barrio":"","polivalvula":"","longitud_m":4.811736}},{"type":"Feature","geometry":{"type":"LineString","coordinates":[[-70.74182160610476,7.065678283108604],[-70.7417812008777,7.065711305857736]]},"properties":{"tipo":"TPE3/4","estado":"INSTALADO","barrio":"","polivalvula":"","longitud_m":5.767609}},{"type":"Feature","geometry":{"type":"LineString","coordinates":[[-70.74226020456264,7.06535366469107],[-70.74221615462231,7.065395233327811]]},"properties":{"tipo":"TPE3/4","estado":"INSTALADO","barrio":"","polivalvula":"","longitud_m":6.694707}},{"type":"Feature","geometry":{"type":"LineString","coordinates":[[-70.74260594954589,7.066737359702375],[-70.74254890639726,7.066756229513278]]},"properties":{"tipo":"TPE3/4","estado":"INSTALADO","barrio":"","polivalvula":"","longitud_m":6.638733}},{"type":"Feature","geometry":{"type":"LineString","coordinates":[[-70.74310983069391,7.066473652067752],[-70.7430670479314,7.066507618129642]]},"properties":{"tipo":"TPE3/4","estado":"INSTALADO","barrio":"","polivalvula":"","longitud_m":6.037572}},{"type":"Feature","geometry":{"type":"LineString","coordinates":[[-70.74354335781915,7.06614248499091],[-70.74350913219483,7.066165128290779]]},"properties":{"tipo":"TPE3/4","estado":"INSTALADO","barrio":"","polivalvula":"","longitud_m":4.535325}},{"type":"Feature","geometry":{"type":"LineString","coordinates":[[-70.74428206683633,7.065596199089876],[-70.74419650228529,7.065655639940018]]},"properties":{"tipo":"TPE3/4","estado":"INSTALADO","barrio":"","polivalvula":"","longitud_m":11.514297}},{"type":"Feature","geometry":{"type":"LineString","coordinates":[[-70.74514056554318,7.064970658590846],[-70.7450849057198,7.065008559870297]]},"properties":{"tipo":"TPE3/4","estado":"INSTALADO","barrio":"","polivalvula":"","longitud_m":7.442086}},{"type":"Feature","geometry":{"type":"LineString","coordinates":[[-70.7428662874583,7.063992664748501],[-70.74280686755209,7.063950207093189]]},"properties":{"tipo":"TPE3/4","estado":"INSTALADO","barrio":"","polivalvula":"","longitud_m":8.071237}},{"type":"Feature","geometry":{"type":"LineString","coordinates":[[-70.75881334240304,7.065291280166793],[-70.75879523393618,7.065359339161518],[-70.75855879129418,7.066084632809221],[-70.75851745042056,7.066239003430282],[-70.75840667579467,7.066426650589491],[-70.75859919646405,7.067278156347591],[-70.75860555202416,7.067382881837988],[-70.75877270231385,7.068091920514292],[-70.75879844305237,7.068206092966352],[-70.75890798871573,7.068642308523998],[-70.75929428434014,7.068488869781708],[-70.75939068749933,7.068458583693403],[-70.75961030322178,7.068421504155053],[-70.75964679525954,7.068398108883244],[-70.75967535326825,7.068454944920793],[-70.75975534174484,7.068578388197618],[-70.75978291322029,7.068582162213183],[-70.76016732385224,7.068959660417276]]},"properties":{"tipo":"TPE2","estado":"INSTALADO","barrio":"LA GRANJA","polivalvula":"","longitud_m":557.712402}},{"type":"Feature","geometry":{"type":"LineString","coordinates":[[-70.76491622446571,7.084524770588192],[-70.76484789187411,7.084527027695257],[-70.76484182684796,7.084385220501852]]},"properties":{"tipo":"TPE1","estado":"INSTALADO","barrio":"","polivalvula":"","longitud_m":23.250458}},{"type":"Feature","geometry":{"type":"LineString","coordinates":[[-70.76533382201033,7.081730080696886],[-70.76539822850982,7.082042865007184],[-70.76580323473321,7.082003239726727],[-70.76620253709586,7.081946631764573],[-70.7662167972857,7.0820258824877],[-70.76541534135805,7.082130607368713],[-70.76543815920787,7.082447611786425],[-70.7659658079576,7.082385342919406],[-70.76631874884325,7.082342608890981]]},"properties":{"tipo":"TPE3/4","estado":"INSTALADO","barrio":"","polivalvula":"","longitud_m":356.156921}},{"type":"Feature","geometry":{"type":"LineString","coordinates":[[-70.76521569085195,7.082886323033252],[-70.76513297833348,7.082139098346331],[-70.76505596962943,7.082144759480623],[-70.76507593517586,7.082323074794514],[-70.7650645267137,7.082424968918052],[-70.76462897672663,7.082496132923215]]},"properties":{"tipo":"TPE3/4","estado":"INSTALADO","barrio":"","polivalvula":"","longitud_m":171.612244}},{"type":"Feature","geometry":{"type":"LineString","coordinates":[[-70.76509304791684,7.082574979805637],[-70.76514153472387,7.082903305095945],[-70.76467663287502,7.082945761280901],[-70.76463385022083,7.082606113555518],[-70.76462244201315,7.082487237349705]]},"properties":{"tipo":"TPE3/4","estado":"INSTALADO","barrio":"","polivalvula":"","longitud_m":139.344574}},{"type":"Feature","geometry":{"type":"LineString","coordinates":[[-70.76463385022083,7.082606113555518],[-70.76499892697767,7.082555166646981],[-70.76508449169157,7.08256648797033]]},"properties":{"tipo":"TPE3/4","estado":"INSTALADO","barrio":"","polivalvula":"","longitud_m":50.259869}},{"type":"Feature","geometry":{"type":"LineString","coordinates":[[-70.76630806656486,7.082733481796536],[-70.7663080664596,7.082413647089274],[-70.76592017327488,7.082441950785066],[-70.76594013834197,7.08284669681974],[-70.76627669303696,7.082809902524432],[-70.76639502627607,7.08279602597869]]},"properties":{"tipo":"TPE3/4","estado":"INSTALADO","barrio":"","polivalvula":"","longitud_m":173.721817}},{"type":"Feature","geometry":{"type":"LineString","coordinates":[[-70.76631773549231,7.082805089702823],[-70.76631662316582,7.082730650987887]]},"properties":{"tipo":"TPE3/4","estado":"INSTALADO","barrio":"","polivalvula":"","longitud_m":8.233301}},{"type":"Feature","geometry":{"type":"LineString","coordinates":[[-70.76586598249965,7.082798580703438],[-70.76584601696923,7.082467424479104],[-70.76546382806636,7.082495728900269],[-70.76548949728095,7.082866509993306],[-70.76585172192229,7.082846697266557],[-70.7659344343562,7.082835375802082]]},"properties":{"tipo":"TPE3/4","estado":"INSTALADO","barrio":"","polivalvula":"","longitud_m":169.433334}},{"type":"Feature","geometry":{"type":"LineString","coordinates":[[-70.76586718988098,7.082844580004228],[-70.76586598249965,7.082798580703438]]},"properties":{"tipo":"TPE3/4","estado":"INSTALADO","barrio":"","polivalvula":"","longitud_m":5.088939}},{"type":"Feature","geometry":{"type":"LineString","coordinates":[[-70.76640800757256,7.083056172867791],[-70.76555932472999,7.083146086879409],[-70.76560210696802,7.083483374533101],[-70.76646726156476,7.083422049308402],[-70.76640308754553,7.083025795072924],[-70.766448247089,7.083016359917182],[-70.7664258661618,7.082790556190435]]},"properties":{"tipo":"TPE3/4","estado":"INSTALADO","barrio":"","polivalvula":"","longitud_m":302.289917}},{"type":"Feature","geometry":{"type":"LineString","coordinates":[[-70.76155474837729,7.095262662232558],[-70.76157186153203,7.095206056296859]]},"properties":{"tipo":"TPE3/4","estado":"INSTALADO","barrio":"LIBERTADORES","polivalvula":"","longitud_m":6.539458}},{"type":"Feature","geometry":{"type":"LineString","coordinates":[[-70.76073699513762,7.094524109942091],[-70.76077524546238,7.094448818332762]]},"properties":{"tipo":"TPE3/4","estado":"INSTALADO","barrio":"LIBERTADORES","polivalvula":"","longitud_m":9.337593}},{"type":"Feature","geometry":{"type":"LineString","coordinates":[[-70.75800052631104,7.094735931686317],[-70.75796929087191,7.094833313377887]]},"properties":{"tipo":"TPE3/4","estado":"INSTALADO","barrio":"LIBERTADORES","polivalvula":"","longitud_m":7.445706}},{"type":"Feature","geometry":{"type":"LineString","coordinates":[[-70.76348934229436,7.093367113854041],[-70.76348632868068,7.093454330851722]]},"properties":{"tipo":"TPE3/4","estado":"INSTALADO","barrio":"MIRAMAR","polivalvula":"","longitud_m":9.65132}},{"type":"Feature","geometry":{"type":"LineString","coordinates":[[-70.76349219464923,7.092574621359424],[-70.76358061146587,7.092588773354232]]},"properties":{"tipo":"TPE3/4","estado":"INSTALADO","barrio":"MIRAMAR","polivalvula":"","longitud_m":9.892438}},{"type":"Feature","geometry":{"type":"LineString","coordinates":[[-70.76237079959941,7.095153687989553],[-70.76225320689312,7.095142706019397]]},"properties":{"tipo":"TPE3/4","estado":"INSTALADO","barrio":"LIBERTADORES","polivalvula":"","longitud_m":13.047627}},{"type":"Feature","geometry":{"type":"LineString","coordinates":[[-70.75538819309295,7.093788616201583],[-70.7553808335075,7.093856963575547]]},"properties":{"tipo":"TPE3/4","estado":"INSTALADO","barrio":"SAN LUIS","polivalvula":"","longitud_m":7.602339}},{"type":"Feature","geometry":{"type":"LineString","coordinates":[[-70.75506041904349,7.094045526371309],[-70.75509381078034,7.093871944409725],[-70.75526482388076,7.093814383995151]]},"properties":{"tipo":"TPE3/4","estado":"INSTALADO","barrio":"SAN LUIS","polivalvula":"","longitud_m":39.484428}},{"type":"Feature","geometry":{"type":"LineString","coordinates":[[-70.75714537687823,7.091504868304019],[-70.75713917128162,7.091576450906547]]},"properties":{"tipo":"TPE3/4","estado":"INSTALADO","barrio":"SAN LUIS","polivalvula":"","longitud_m":7.946158}},{"type":"Feature","geometry":{"type":"LineString","coordinates":[[-70.75926046314109,7.089595878571577],[-70.75934012173975,7.089595380639641]]},"properties":{"tipo":"TPE3/4","estado":"INSTALADO","barrio":"MIRAMAR FRONTERA","polivalvula":"MIRAMAR FRONTERA 1","longitud_m":8.800512}},{"type":"Feature","geometry":{"type":"LineString","coordinates":[[-70.7583809081242,7.089504353624136],[-70.75849990687406,7.089515257904754]]},"properties":{"tipo":"TPE3/4","estado":"INSTALADO","barrio":"MIRAMAR FRONTERA","polivalvula":"MIRAMAR FRONTERA","longitud_m":13.201669}},{"type":"Feature","geometry":{"type":"LineString","coordinates":[[-70.75932307017034,7.089481710628682],[-70.75925271702043,7.08947793707809]]},"properties":{"tipo":"TPE3/4","estado":"INSTALADO","barrio":"MIRAMAR FRONTERA","polivalvula":"","longitud_m":7.783512}},{"type":"Feature","geometry":{"type":"LineString","coordinates":[[-70.75517407822646,7.087296197603109],[-70.75530332839301,7.087284779233001]]},"properties":{"tipo":"TPE3/4","estado":"INSTALADO","barrio":"CORDOBA","polivalvula":"","longitud_m":14.334809}},{"type":"Feature","geometry":{"type":"LineString","coordinates":[[-70.75296395733184,7.087633071243025],[-70.75304381748077,7.087625995432886]]},"properties":{"tipo":"TPE3/4","estado":"INSTALADO","barrio":"","polivalvula":"","longitud_m":8.857285}},{"type":"Feature","geometry":{"type":"LineString","coordinates":[[-70.75214871555242,7.087725057897899],[-70.75224854151179,7.087696754334454]]},"properties":{"tipo":"TPE3/4","estado":"INSTALADO","barrio":"LA UNION","polivalvula":"JORGE UNION 3","longitud_m":11.464009}},{"type":"Feature","geometry":{"type":"LineString","coordinates":[[-70.75896693876444,7.071968894527696],[-70.75889963080544,7.072165353193432],[-70.75879742850992,7.07235405057769],[-70.7586453134733,7.072660683493734],[-70.7584635072789,7.073021986738911]]},"properties":{"tipo":"TPE3/4","estado":"INSTALADO","barrio":"LA GRANJA","polivalvula":"","longitud_m":129.260773}},{"type":"Feature","geometry":{"type":"LineString","coordinates":[[-70.75848515026316,7.073435971597076],[-70.75849509966419,7.073289514973427],[-70.7585293257744,7.073156484529004],[-70.75860062959903,7.072958352253754],[-70.75876035067974,7.072678137682802],[-70.75886588012212,7.072448871224394],[-70.75898852337735,7.072211112265352],[-70.7590484179372,7.072103554867441],[-70.75912542608856,7.071913914281827],[-70.75922240008467,7.071778052135763],[-70.75928942578216,7.071705404204029],[-70.75939923380334,7.071681816710127],[-70.7595247280277,7.071642190022909],[-70.75964737109786,7.07164219052925],[-70.75980709214458,7.071647851378313]]},"properties":{"tipo":"TPE3/4","estado":"INSTALADO","barrio":"LA GRANJA","polivalvula":"","longitud_m":271.63974}},{"type":"Feature","geometry":{"type":"LineString","coordinates":[[-70.75836390044905,7.073026283161983],[-70.7584635072789,7.073021986738911]]},"properties":{"tipo":"TPE3/4","estado":"INSTALADO","barrio":"LA GRANJA","polivalvula":"","longitud_m":11.014782}},{"type":"Feature","geometry":{"type":"LineString","coordinates":[[-70.75823270144129,7.072474345328518],[-70.75836390044905,7.073026283161983],[-70.75840097842081,7.073207432492225],[-70.75840953478665,7.073283854729342],[-70.75832397045585,7.073439529580841]]},"properties":{"tipo":"TPE3/4","estado":"INSTALADO","barrio":"LA GRANJA","polivalvula":"","longitud_m":111.331551}},{"type":"Feature","geometry":{"type":"LineString","coordinates":[[-70.75777754881794,7.069826752853475],[-70.75780835674583,7.069902167701798]]},"properties":{"tipo":"TPE3/4","estado":"INSTALADO","barrio":"Fundadores","polivalvula":"VILLA DEL MAESTRO CRUZ","longitud_m":9.008121}},{"type":"Feature","geometry":{"type":"LineString","coordinates":[[-70.73580166578044,7.069651785488369],[-70.73579891526948,7.069666300662904]]},"properties":{"tipo":"TPE3/4","estado":"INSTALADO","barrio":"","polivalvula":"","longitud_m":1.633786}},{"type":"Feature","geometry":{"type":"LineString","coordinates":[[-70.76832676913723,7.086808270749022],[-70.76821873572841,7.08672444385092]]},"properties":{"tipo":"TPE3/4","estado":"INSTALADO","barrio":"San Antonio Corocoras","polivalvula":"","longitud_m":15.112652}},{"type":"Feature","geometry":{"type":"LineString","coordinates":[[-70.76638506632776,7.086798328317443],[-70.766456370065,7.086806819620584]]},"properties":{"tipo":"TPE3/4","estado":"INSTALADO","barrio":"Cabañas del Rio","polivalvula":"","longitud_m":7.93315}},{"type":"Feature","geometry":{"type":"LineString","coordinates":[[-70.76414404148285,7.084448761346423],[-70.76422297165628,7.084443971532963]]},"properties":{"tipo":"TPE3/4","estado":"INSTALADO","barrio":"LA ESPERANZA","polivalvula":"","longitud_m":8.736034}},{"type":"Feature","geometry":{"type":"LineString","coordinates":[[-70.76422194307291,7.083637209305952],[-70.76414472663588,7.083633776415659]]},"properties":{"tipo":"TPE3/4","estado":"INSTALADO","barrio":"LA ESPERANZA","polivalvula":"","longitud_m":8.53909}},{"type":"Feature","geometry":{"type":"LineString","coordinates":[[-70.74914441411438,7.074352346681204],[-70.74910898545724,7.074314396115401]]},"properties":{"tipo":"TPE3/4","estado":"INSTALADO","barrio":"San Carlos","polivalvula":"","longitud_m":5.738974}},{"type":"Feature","geometry":{"type":"LineString","coordinates":[[-70.76135521680993,7.070681248872749],[-70.76127676851034,7.070598472308325],[-70.76124254269106,7.070592811276223],[-70.76115697844783,7.070626777121078],[-70.76098584876094,7.070723013509888],[-70.76084324052472,7.070827739935628],[-70.76075767629484,7.070946619947708],[-70.76069207674884,7.07104285561392],[-70.7605922513773,7.07121834442993],[-70.7604924259284,7.071393833219878],[-70.76036122607977,7.07151271283553],[-70.76023858338233,7.071589135242276],[-70.76004463698287,7.071628761599504],[-70.75980709214458,7.071647851378313]]},"properties":{"tipo":"TPE3/4","estado":"INSTALADO","barrio":"LA GRANJA","polivalvula":"","longitud_m":225.314377}},{"type":"Feature","geometry":{"type":"LineString","coordinates":[[-70.76904580639231,7.086705670199242],[-70.76944483221305,7.086272423492303]]},"properties":{"tipo":"TPE3","estado":"INSTALADO","barrio":"Cabañas del Rio","polivalvula":"","longitud_m":65.107986}},{"type":"Feature","geometry":{"type":"LineString","coordinates":[[-70.75771344387003,7.067747309909428],[-70.75768888324079,7.06785368789757]]},"properties":{"tipo":"TPE3/4","estado":"INSTALADO","barrio":"Fundadores","polivalvula":"","longitud_m":12.073513}},{"type":"Feature","geometry":{"type":"LineString","coordinates":[[-70.75942869864421,7.066049250962335],[-70.7594667272023,7.065978489258648]]},"properties":{"tipo":"TPE3/4","estado":"INSTALADO","barrio":"Fundadores","polivalvula":"","longitud_m":8.882242}},{"type":"Feature","geometry":{"type":"LineString","coordinates":[[-70.7674615506654,7.087309319587782],[-70.76738356646366,7.087267259394642]]},"properties":{"tipo":"TPE3/4","estado":"INSTALADO","barrio":"CABAÑAS DEL RIO","polivalvula":"","longitud_m":9.790915}},{"type":"Feature","geometry":{"type":"LineString","coordinates":[[-70.76781558147569,7.087330248614669],[-70.76786311711224,7.08737970123842]]},"properties":{"tipo":"TPE3/4","estado":"INSTALADO","barrio":"Veinte de Julio","polivalvula":"","longitud_m":7.58221}},{"type":"Feature","geometry":{"type":"LineString","coordinates":[[-70.76746856837427,7.087132044129195],[-70.76757219677056,7.087171747832544]]},"properties":{"tipo":"TPE3/4","estado":"INSTALADO","barrio":"Veinte de Julio","polivalvula":"","longitud_m":12.261642}},{"type":"Feature","geometry":{"type":"LineString","coordinates":[[-70.76634952203568,7.088567386651692],[-70.76644242672154,7.088581906383784]]},"properties":{"tipo":"TPE3/4","estado":"INSTALADO","barrio":"CABAÑAS DEL RIO","polivalvula":"","longitud_m":10.38858}},{"type":"Feature","geometry":{"type":"LineString","coordinates":[[-70.76495531811545,7.087417166497105],[-70.76489457674566,7.087420820288031]]},"properties":{"tipo":"TPE3/4","estado":"INSTALADO","barrio":"CABAÑAS DEL RIO","polivalvula":"CABAÑAS 1","longitud_m":6.722629}},{"type":"Feature","geometry":{"type":"LineString","coordinates":[[-70.7632367607777,7.087239393261854],[-70.76323676044471,7.087296000922808]]},"properties":{"tipo":"TPE3/4","estado":"INSTALADO","barrio":"CABAÑAS DEL RIO","polivalvula":"SIETE DE AGOSTO","longitud_m":6.260401}},{"type":"Feature","geometry":{"type":"LineString","coordinates":[[-70.7594822848905,7.081637648717573],[-70.75947791289109,7.081532043933393]]},"properties":{"tipo":"TPE3/4","estado":"INSTALADO","barrio":"SANTA TERESITA","polivalvula":"","longitud_m":11.689116}},{"type":"Feature","geometry":{"type":"LineString","coordinates":[[-70.75231947709167,7.082174972498759],[-70.75233194154403,7.082272640288142]]},"properties":{"tipo":"TPE3/4","estado":"INSTALADO","barrio":"","polivalvula":"","longitud_m":10.88879}},{"type":"Feature","geometry":{"type":"LineString","coordinates":[[-70.75019558262677,7.082334366684333],[-70.7501979598716,7.082440506255544]]},"properties":{"tipo":"TPE3/4","estado":"INSTALADO","barrio":"LAS AMERICAS","polivalvula":"","longitud_m":11.741225}},{"type":"Feature","geometry":{"type":"LineString","coordinates":[[-70.74946115220702,7.082506549358165],[-70.74934231288019,7.082511266023357]]},"properties":{"tipo":"TPE3/4","estado":"INSTALADO","barrio":"LAS AMERICAS","polivalvula":"","longitud_m":13.13943}},{"type":"Feature","geometry":{"type":"LineString","coordinates":[[-70.75157115463092,7.082937004942353],[-70.75155214020296,7.08284501646073]]},"properties":{"tipo":"TPE3/4","estado":"INSTALADO","barrio":"LAS AMERICAS","polivalvula":"","longitud_m":10.387894}},{"type":"Feature","geometry":{"type":"LineString","coordinates":[[-70.75026562909173,7.083716376025931],[-70.75034737411357,7.083711765966804]]},"properties":{"tipo":"TPE3/4","estado":"INSTALADO","barrio":"LAS AMERICAS","polivalvula":"","longitud_m":9.045341}},{"type":"Feature","geometry":{"type":"LineString","coordinates":[[-70.75185399311933,7.084330970552438],[-70.75188013819432,7.084472488888593]]},"properties":{"tipo":"TPE3/4","estado":"INSTALADO","barrio":"LAS AMERICAS","polivalvula":"","longitud_m":15.915232}},{"type":"Feature","geometry":{"type":"LineString","coordinates":[[-70.75108628742521,7.085342830768955],[-70.75110292532162,7.085427742094075]]},"properties":{"tipo":"TPE3/4","estado":"INSTALADO","barrio":"LAS AMERICAS","polivalvula":"","longitud_m":9.568797}},{"type":"Feature","geometry":{"type":"LineString","coordinates":[[-70.74869011924693,7.086433231979643],[-70.74867585862057,7.08633699966957]]},"properties":{"tipo":"TPE3/4","estado":"INSTALADO","barrio":"","polivalvula":"","longitud_m":10.758597}},{"type":"Feature","geometry":{"type":"LineString","coordinates":[[-70.74878709262248,7.087222904195801],[-70.74876142377202,7.087118180461286]]},"properties":{"tipo":"TPE3/4","estado":"INSTALADO","barrio":"LA UNION","polivalvula":"","longitud_m":11.923833}},{"type":"Feature","geometry":{"type":"LineString","coordinates":[[-70.74754070008497,7.086580410759638],[-70.74769471652587,7.086554937949138]]},"properties":{"tipo":"TPE3/4","estado":"INSTALADO","barrio":"","polivalvula":"","longitud_m":17.246836}},{"type":"Feature","geometry":{"type":"LineString","coordinates":[[-70.74669361003768,7.086662492140609],[-70.74681625252842,7.086648339791281]]},"properties":{"tipo":"TPE3/4","estado":"INSTALADO","barrio":"","polivalvula":"","longitud_m":13.639219}},{"type":"Feature","geometry":{"type":"LineString","coordinates":[[-70.7691615426132,7.086028707955119],[-70.76905886526345,7.08596644046753],[-70.76858065318645,7.08566830777285],[-70.76851153883247,7.085737807098324]]},"properties":{"tipo":"TPE3/4","estado":"INSTALADO","barrio":"San Antonio Corocoras","polivalvula":"","longitud_m":86.379715}},{"type":"Feature","geometry":{"type":"LineString","coordinates":[[-70.76854479230641,7.086234936854689],[-70.76849598462312,7.08628245364872]]},"properties":{"tipo":"TPE3/4","estado":"INSTALADO","barrio":"San Antonio Corocoras","polivalvula":"","longitud_m":7.529268}},{"type":"Feature","geometry":{"type":"LineString","coordinates":[[-70.7427414265586,7.066072193833118],[-70.7427747019369,7.066036813108111]]},"properties":{"tipo":"TPE3/4","estado":"INSTALADO","barrio":"","polivalvula":"","longitud_m":5.368961}},{"type":"Feature","geometry":{"type":"LineString","coordinates":[[-70.74229696578539,7.066404777326394],[-70.74234212513227,7.066359960634006]]},"properties":{"tipo":"","estado":"INSTALADO","barrio":"","polivalvula":"","longitud_m":7.032695}},{"type":"Feature","geometry":{"type":"LineString","coordinates":[[-70.74291660405851,7.065387878838758],[-70.74296009235631,7.065458920015418]]},"properties":{"tipo":"","estado":"INSTALADO","barrio":"","polivalvula":"","longitud_m":9.209329}},{"type":"Feature","geometry":{"type":"LineString","coordinates":[[-70.74337343785105,7.064636145568885],[-70.7433416476997,7.064582353519354]]},"properties":{"tipo":"TPE3/4","estado":"INSTALADO","barrio":"","polivalvula":"","longitud_m":6.908447}},{"type":"Feature","geometry":{"type":"LineString","coordinates":[[-70.74201777119052,7.0650163638788],[-70.74206768424509,7.065070614828292]]},"properties":{"tipo":"","estado":"INSTALADO","barrio":"","polivalvula":"","longitud_m":8.149035}},{"type":"Feature","geometry":{"type":"LineString","coordinates":[[-70.76111507236645,7.092106948396645],[-70.76103901551593,7.092092167790449]]},"properties":{"tipo":"TPE3/4","estado":"INSTALADO","barrio":"","polivalvula":"","longitud_m":8.559914}},{"type":"Feature","geometry":{"type":"LineString","coordinates":[[-70.76185283103905,7.092231482712436],[-70.76194069759258,7.092230690635441]]},"properties":{"tipo":"TPE3/4","estado":"INSTALADO","barrio":"MIRAMAR","polivalvula":"","longitud_m":9.707457}},{"type":"Feature","geometry":{"type":"LineString","coordinates":[[-70.76032443642025,7.091327141913315],[-70.76032424285206,7.091403674754978]]},"properties":{"tipo":"TPE3/4","estado":"INSTALADO","barrio":"MIRAMAR","polivalvula":"","longitud_m":8.464014}},{"type":"Feature","geometry":{"type":"LineString","coordinates":[[-70.7649118707219,7.088317078409426],[-70.76481739287397,7.088301338431295]]},"properties":{"tipo":"TPE3/4","estado":"INSTALADO","barrio":"CABAÑAS DEL RIO","polivalvula":"CABAÑAS 1","longitud_m":10.581691}},{"type":"Feature","geometry":{"type":"LineString","coordinates":[[-70.7655826597569,7.088526547212719],[-70.76566822395928,7.088532208068038]]},"properties":{"tipo":"TPE3/4","estado":"INSTALADO","barrio":"CABAÑAS DEL RIO","polivalvula":"CABAÑAS 1","longitud_m":9.473491}},{"type":"Feature","geometry":{"type":"LineString","coordinates":[[-70.76682715069114,7.087480446130658],[-70.76675014235468,7.087474785790596]]},"properties":{"tipo":"TPE3/4","estado":"INSTALADO","barrio":"CABAÑAS DEL RIO","polivalvula":"CABAÑAS 1","longitud_m":8.530582}},{"type":"Feature","geometry":{"type":"LineString","coordinates":[[-70.76800158796676,7.08760052762085],[-70.7680724007802,7.087517471672426]]},"properties":{"tipo":"TPE3/4","estado":"INSTALADO","barrio":"Veinte de Julio","polivalvula":"","longitud_m":12.065348}},{"type":"Feature","geometry":{"type":"LineString","coordinates":[[-70.76684696550014,7.086855135475617],[-70.76689338375535,7.086790041978389]]},"properties":{"tipo":"TPE3/4","estado":"INSTALADO","barrio":"Veinte de Julio","polivalvula":"","longitud_m":8.838627}},{"type":"Feature","geometry":{"type":"LineString","coordinates":[[-70.75014804712346,7.0860917009752],[-70.75015280002965,7.086235577885399]]},"properties":{"tipo":"TPE3/4","estado":"INSTALADO","barrio":"","polivalvula":"","longitud_m":15.920436}},{"type":"Feature","geometry":{"type":"LineString","coordinates":[[-70.7528287395479,7.08665468266652],[-70.75283947567063,7.086780289534721]]},"properties":{"tipo":"TPE3/4","estado":"INSTALADO","barrio":"LA UNION","polivalvula":"miguel","longitud_m":13.941777}},{"type":"Feature","geometry":{"type":"LineString","coordinates":[[-70.76131883081321,7.082195611287466],[-70.76140216724913,7.082194356807275]]},"properties":{"tipo":"TPE3/4","estado":"INSTALADO","barrio":"","polivalvula":"","longitud_m":9.207842}},{"type":"Feature","geometry":{"type":"LineString","coordinates":[[-70.7605210094594,7.080784346358585],[-70.76033667282599,7.080814813144086]]},"properties":{"tipo":"TPE3/4","estado":"INSTALADO","barrio":"SANTA TERESITA","polivalvula":"","longitud_m":20.641956}},{"type":"Feature","geometry":{"type":"LineString","coordinates":[[-70.76133444377247,7.081517909613439],[-70.76124117971584,7.081517891417257]]},"properties":{"tipo":"TPE3/4","estado":"INSTALADO","barrio":"SANTA TERESITA","polivalvula":"","longitud_m":11.250346}},{"type":"Feature","geometry":{"type":"LineString","coordinates":[[-70.76236999978636,7.081385806076052],[-70.76228158267136,7.081411280392571]]},"properties":{"tipo":"TPE3/4","estado":"INSTALADO","barrio":"","polivalvula":"","longitud_m":10.166271}},{"type":"Feature","geometry":{"type":"LineString","coordinates":[[-70.76050979413421,7.08058988173301],[-70.76035992417684,7.08060440412055]]},"properties":{"tipo":"TPE3/4","estado":"INSTALADO","barrio":"SANTA TERESITA","polivalvula":"","longitud_m":20.42223}},{"type":"Feature","geometry":{"type":"LineString","coordinates":[[-70.76124292237773,7.080583386882968],[-70.76115561455916,7.080621597655451]]},"properties":{"tipo":"TPE3/4","estado":"INSTALADO","barrio":"SANTA TERESITA","polivalvula":"","longitud_m":10.530663}},{"type":"Feature","geometry":{"type":"LineString","coordinates":[[-70.76229869539289,7.080473001114028],[-70.76221075452352,7.080491870434639]]},"properties":{"tipo":"TPE3/4","estado":"INSTALADO","barrio":"Los Guarataros","polivalvula":"","longitud_m":9.937105}},{"type":"Feature","geometry":{"type":"LineString","coordinates":[[-70.76228158267136,7.081411280392571],[-70.76228395920587,7.081314574971911]]},"properties":{"tipo":"TPE3/4","estado":"INSTALADO","barrio":"","polivalvula":"","longitud_m":10.698147}},{"type":"Feature","geometry":{"type":"LineString","coordinates":[[-70.75305902910316,7.087456173286645],[-70.75294494342408,7.087475042418458]]},"properties":{"tipo":"TPE3/4","estado":"INSTALADO","barrio":"","polivalvula":"","longitud_m":12.775348}},{"type":"Feature","geometry":{"type":"LineString","coordinates":[[-70.75188013819432,7.084472488888593],[-70.75185399311933,7.084330970552438]]},"properties":{"tipo":"TPE3/4","estado":"INSTALADO","barrio":"LAS AMERICAS","polivalvula":"","longitud_m":15.915232}},{"type":"Feature","geometry":{"type":"LineString","coordinates":[[-70.7597099158874,7.083878363833318],[-70.75972525780911,7.083991654721241]]},"properties":{"tipo":"TPE3/4","estado":"INSTALADO","barrio":"LA ESPERANZA","polivalvula":"","longitud_m":12.643287}},{"type":"Feature","geometry":{"type":"LineString","coordinates":[[-70.75073689836316,7.082293089969482],[-70.75066798007215,7.082295932334517]]},"properties":{"tipo":"TPE3/4","estado":"INSTALADO","barrio":"LAS AMERICAS","polivalvula":"","longitud_m":7.620409}},{"type":"Feature","geometry":{"type":"LineString","coordinates":[[-70.74699143462159,7.088114300663102],[-70.74690010520418,7.088127299832117]]},"properties":{"tipo":"TPE3/4","estado":"INSTALADO","barrio":"LA UNION","polivalvula":"UNION","longitud_m":10.191629}},{"type":"Feature","geometry":{"type":"LineString","coordinates":[[-70.74678298933398,7.086502341216596],[-70.74665798197938,7.086523680397617]]},"properties":{"tipo":"TPE3/4","estado":"INSTALADO","barrio":"LAS AMERICAS","polivalvula":"","longitud_m":14.010572}},{"type":"Feature","geometry":{"type":"LineString","coordinates":[[-70.74644832382955,7.085066161012044],[-70.74653388901834,7.085032197155541]]},"properties":{"tipo":"TPE3/4","estado":"INSTALADO","barrio":"LAS AMERICAS","polivalvula":"","longitud_m":10.171902}},{"type":"Feature","geometry":{"type":"LineString","coordinates":[[-70.74558077973008,7.08504568686893],[-70.74567884485914,7.085044012624645]]},"properties":{"tipo":"TPE3/4","estado":"INSTALADO","barrio":"LAS AMERICAS","polivalvula":"","longitud_m":10.835517}},{"type":"Feature","geometry":{"type":"LineString","coordinates":[[-70.74472004850854,7.085124301831731],[-70.74485122267993,7.085125366818748]]},"properties":{"tipo":"TPE3/4","estado":"INSTALADO","barrio":"LAS AMERICAS","polivalvula":"","longitud_m":14.492198}},{"type":"Feature","geometry":{"type":"LineString","coordinates":[[-70.74801722716039,7.090000957977285],[-70.74801758401983,7.090070712206556]]},"properties":{"tipo":"TPE3/4","estado":"INSTALADO","barrio":"SANTAFESITO","polivalvula":"SANTAFESITO","longitud_m":7.714431}},{"type":"Feature","geometry":{"type":"LineString","coordinates":[[-70.74704157288599,7.088301272227509],[-70.74691322569002,7.088301272282503]]},"properties":{"tipo":"TPE3/4","estado":"INSTALADO","barrio":"LA UNION","polivalvula":"LA UNION UNO","longitud_m":14.179303}},{"type":"Feature","geometry":{"type":"LineString","coordinates":[[-70.74317097737442,7.08623589024165],[-70.74396230316486,7.086132389648464]]},"properties":{"tipo":"TPE3/4","estado":"INSTALADO","barrio":"","polivalvula":"","longitud_m":88.16922}},{"type":"Feature","geometry":{"type":"LineString","coordinates":[[-70.75116378466915,7.079148398288787],[-70.75107562101977,7.079142972955937]]},"properties":{"tipo":"TPE3/4","estado":"INSTALADO","barrio":"MERIDIANO 70","polivalvula":"","longitud_m":10.102681}},{"type":"Feature","geometry":{"type":"LineString","coordinates":[[-70.75111500710823,7.080678393768244],[-70.75111785951972,7.080802931791406]]},"properties":{"tipo":"TPE3/4","estado":"INSTALADO","barrio":"MERIDIANO 70","polivalvula":"","longitud_m":13.776629}},{"type":"Feature","geometry":{"type":"LineString","coordinates":[[-70.75022583664216,7.079947404992444],[-70.75022513420653,7.079843424050333]]},"properties":{"tipo":"TPE3/4","estado":"INSTALADO","barrio":"MERIDIANO 70","polivalvula":"","longitud_m":11.49982}},{"type":"Feature","geometry":{"type":"LineString","coordinates":[[-70.75012530901046,7.079829271553733],[-70.75011819719545,7.079924277163631]]},"properties":{"tipo":"TPE3/4","estado":"INSTALADO","barrio":"MERIDIANO 70","polivalvula":"","longitud_m":10.536285}},{"type":"Feature","geometry":{"type":"LineString","coordinates":[[-70.74814876435101,7.079832102208198],[-70.74822862490032,7.079826441360922]]},"properties":{"tipo":"TPE3/4","estado":"INSTALADO","barrio":"MERIDIANO 70","polivalvula":"","longitud_m":8.84503}},{"type":"Feature","geometry":{"type":"LineString","coordinates":[[-70.74680026709662,7.079729831942791],[-70.74688240663619,7.079735868086588]]},"properties":{"tipo":"TPE3/4","estado":"INSTALADO","barrio":"","polivalvula":"","longitud_m":9.099148}},{"type":"Feature","geometry":{"type":"LineString","coordinates":[[-70.74856517875612,7.078569737275408],[-70.74845679754549,7.078541433720916]]},"properties":{"tipo":"TPE3/4","estado":"INSTALADO","barrio":"MERIDIANO 70","polivalvula":"","longitud_m":12.37617}},{"type":"Feature","geometry":{"type":"LineString","coordinates":[[-70.74695603218458,7.079756023843777],[-70.74696349423928,7.079829855736481]]},"properties":{"tipo":"TPE3/4","estado":"INSTALADO","barrio":"","polivalvula":"","longitud_m":8.2068}},{"type":"Feature","geometry":{"type":"LineString","coordinates":[[-70.74760056944407,7.078647667152174],[-70.74748991627094,7.078289526030747]]},"properties":{"tipo":"TPE3/4","estado":"INSTALADO","barrio":"","polivalvula":"","longitud_m":41.451542}},{"type":"Feature","geometry":{"type":"LineString","coordinates":[[-70.74819742784561,7.078355761914824],[-70.74810756110938,7.078358822392784]]},"properties":{"tipo":"TPE3/4","estado":"INSTALADO","barrio":"MERIDIANO 70","polivalvula":"","longitud_m":9.93411}},{"type":"Feature","geometry":{"type":"LineString","coordinates":[[-70.75000549489745,7.073016441133013],[-70.74994114978843,7.073023246236863]]},"properties":{"tipo":"TPE3/4","estado":"INSTALADO","barrio":"San Carlos","polivalvula":"","longitud_m":7.148558}},{"type":"Feature","geometry":{"type":"LineString","coordinates":[[-70.75989041211086,7.086384510375969],[-70.7599029060362,7.086220757849342]]},"properties":{"tipo":"TPE3/4","estado":"INSTALADO","barrio":"7 DE AGOSTO","polivalvula":"","longitud_m":18.162384}},{"type":"Feature","geometry":{"type":"LineString","coordinates":[[-70.7571139169336,7.081702834529499],[-70.7571162939318,7.081773594814644]]},"properties":{"tipo":"","estado":"PROYECTADO","barrio":"CRISTO REY MIGUEL","polivalvula":"","longitud_m":7.829988}},{"type":"Feature","geometry":{"type":"LineString","coordinates":[[-70.75702835170361,7.081709910775364],[-70.7570378590079,7.081785387850323]]},"properties":{"tipo":"","estado":"PROYECTADO","barrio":"CRISTO REY MIGUEL","polivalvula":"","longitud_m":8.41305}},{"type":"Feature","geometry":{"type":"LineString","coordinates":[[-70.75163632763741,7.083383858645614],[-70.7517431163332,7.083378439428902]]},"properties":{"tipo":"TPE3/4","estado":"INSTALADO","barrio":"LAS AMERICAS","polivalvula":"","longitud_m":11.812937}},{"type":"Feature","geometry":{"type":"LineString","coordinates":[[-70.75174941391147,7.083434681623528],[-70.75175836145934,7.083585572792225]]},"properties":{"tipo":"TPE3/4","estado":"INSTALADO","barrio":"LAS AMERICAS","polivalvula":"","longitud_m":16.716749}},{"type":"Feature","geometry":{"type":"LineString","coordinates":[[-70.74847905944154,7.085751112454331],[-70.7484664629402,7.085658190748831]]},"properties":{"tipo":"TPE3/4","estado":"INSTALADO","barrio":"LAS AMERICAS","polivalvula":"","longitud_m":10.370285}},{"type":"Feature","geometry":{"type":"LineString","coordinates":[[-70.74752929119683,7.086455874852183],[-70.74766049108878,7.086441722924634]]},"properties":{"tipo":"TPE3/4","estado":"INSTALADO","barrio":"","polivalvula":"","longitud_m":14.57877}},{"type":"Feature","geometry":{"type":"LineString","coordinates":[[-70.74592028113942,7.086615410236397],[-70.7458114578,7.086628388588904]]},"properties":{"tipo":"TPE3/4","estado":"INSTALADO","barrio":"","polivalvula":"","longitud_m":12.107803}},{"type":"Feature","geometry":{"type":"LineString","coordinates":[[-70.74774035115954,7.088046539830343],[-70.7478629938981,7.088021066429231]]},"properties":{"tipo":"TPE3/4","estado":"INSTALADO","barrio":"LA UNION","polivalvula":"UNION","longitud_m":13.838884}},{"type":"Feature","geometry":{"type":"LineString","coordinates":[[-70.74863878055933,7.08711535032192],[-70.74862452004031,7.087200261553259]]},"properties":{"tipo":"TPE3/4","estado":"INSTALADO","barrio":"LA UNION","polivalvula":"","longitud_m":9.521826}},{"type":"Feature","geometry":{"type":"LineString","coordinates":[[-70.75049505906085,7.089957500162749],[-70.75060937939084,7.089981680687403]]},"properties":{"tipo":"TPE3/4","estado":"INSTALADO","barrio":"LA UNION","polivalvula":"JORGE UNION 1","longitud_m":12.909633}},{"type":"Feature","geometry":{"type":"LineString","coordinates":[[-70.75041754901639,7.088590393721296],[-70.7505063487956,7.088585958631361]]},"properties":{"tipo":"TPE3/4","estado":"INSTALADO","barrio":"LA UNION","polivalvula":"JORGE UNION 1","longitud_m":9.822502}},{"type":"Feature","geometry":{"type":"LineString","coordinates":[[-70.75307930435197,7.089530089695825],[-70.753185549321,7.089526289284997]]},"properties":{"tipo":"TPE3/4","estado":"INSTALADO","barrio":"","polivalvula":"","longitud_m":11.745019}},{"type":"Feature","geometry":{"type":"LineString","coordinates":[[-70.75233648270803,7.088569448551233],[-70.7522295270361,7.088564731460626]]},"properties":{"tipo":"TPE3/4","estado":"INSTALADO","barrio":"LA UNION","polivalvula":"JORGE UNION 3","longitud_m":11.827548}},{"type":"Feature","geometry":{"type":"LineString","coordinates":[[-70.75232081788198,7.089532312906664],[-70.75244568218184,7.089508045179912]]},"properties":{"tipo":"TPE3/4","estado":"INSTALADO","barrio":"LA UNION","polivalvula":"JORGE UNION 3","longitud_m":14.053141}},{"type":"Feature","geometry":{"type":"LineString","coordinates":[[-70.75142141556326,7.090586072753359],[-70.75136674975667,7.09056720407143]]},"properties":{"tipo":"TPE3/4","estado":"INSTALADO","barrio":"SANTA FE","polivalvula":"SANTA FE","longitud_m":6.38959}},{"type":"Feature","geometry":{"type":"LineString","coordinates":[[-70.7518246678322,7.090646567374706],[-70.75178080173708,7.09064565411024]]},"properties":{"tipo":"TPE3/4","estado":"INSTALADO","barrio":"SANTA FE","polivalvula":"SANTA FE","longitud_m":4.847183}},{"type":"Feature","geometry":{"type":"LineString","coordinates":[[-70.7523472883548,7.090781243061807],[-70.75228524101436,7.090774908095162]]},"properties":{"tipo":"TPE3/4","estado":"INSTALADO","barrio":"SANTA FE","polivalvula":"SANTA FE","longitud_m":6.890421}},{"type":"Feature","geometry":{"type":"LineString","coordinates":[[-70.75287176911316,7.091258831082348],[-70.7527829101159,7.091256619661959]]},"properties":{"tipo":"TPE3/4","estado":"INSTALADO","barrio":"SANTA FE","polivalvula":"SANTA FE","longitud_m":9.819777}},{"type":"Feature","geometry":{"type":"LineString","coordinates":[[-70.75145965431587,7.090675582691759],[-70.75137224022814,7.09066291294492]]},"properties":{"tipo":"TPE3/4","estado":"INSTALADO","barrio":"SANTA FE","polivalvula":"SANTA FE","longitud_m":9.75824}},{"type":"Feature","geometry":{"type":"LineString","coordinates":[[-70.75189259560975,7.090760564389496],[-70.75183230710469,7.090758006604894]]},"properties":{"tipo":"TPE3/4","estado":"INSTALADO","barrio":"SANTA FE","polivalvula":"SANTA FE","longitud_m":6.666408}},{"type":"Feature","geometry":{"type":"LineString","coordinates":[[-70.75233410629701,7.090857314645434],[-70.75225055649521,7.090843148574145]]},"properties":{"tipo":"TPE3/4","estado":"INSTALADO","barrio":"SANTA FE","polivalvula":"SANTA FE","longitud_m":9.362218}},{"type":"Feature","geometry":{"type":"LineString","coordinates":[[-70.75087792377317,7.090542936939741],[-70.75088128205286,7.090469593757099]]},"properties":{"tipo":"TPE3/4","estado":"INSTALADO","barrio":"SANTA FE","polivalvula":"SANTA FE","longitud_m":8.119721}},{"type":"Feature","geometry":{"type":"LineString","coordinates":[[-70.7530732092977,7.09094741389785],[-70.75305600556429,7.091006781811395]]},"properties":{"tipo":"TPE3/4","estado":"INSTALADO","barrio":"","polivalvula":"","longitud_m":6.835225}},{"type":"Feature","geometry":{"type":"LineString","coordinates":[[-70.7568953073194,7.093812024833457],[-70.75695948066254,7.093696453208159]]},"properties":{"tipo":"TPE3/4","estado":"INSTALADO","barrio":"SAN LUIS","polivalvula":"","longitud_m":14.615943}},{"type":"Feature","geometry":{"type":"LineString","coordinates":[[-70.74863878055933,7.08711535032192],[-70.74862452004031,7.087200261553259]]},"properties":{"tipo":"TPE3/4","estado":"INSTALADO","barrio":"LA UNION","polivalvula":"","longitud_m":9.521826}},{"type":"Feature","geometry":{"type":"LineString","coordinates":[[-70.75929173969313,7.068481386541699],[-70.75938586055452,7.068453081846928]]},"properties":{"tipo":"TPE3/4","estado":"INSTALADO","barrio":"Fundadores","polivalvula":"FUNDADORES ALTO","longitud_m":10.859485}},{"type":"Feature","geometry":{"type":"LineString","coordinates":[[-70.75817640405246,7.069101940091358],[-70.75831376236474,7.069063377051701]]},"properties":{"tipo":"TPE3/4","estado":"INSTALADO","barrio":"Fundadores","polivalvula":"","longitud_m":15.763315}},{"type":"Feature","geometry":{"type":"LineString","coordinates":[[-70.75753914523666,7.069254775215311],[-70.75764513864196,7.069234926242259]]},"properties":{"tipo":"TPE3/4","estado":"INSTALADO","barrio":"Fundadores","polivalvula":"","longitud_m":11.914183}},{"type":"Feature","geometry":{"type":"LineString","coordinates":[[-70.75851838529523,7.067389016996785],[-70.75860632662864,7.067360711838564]]},"properties":{"tipo":"TPE3/4","estado":"INSTALADO","barrio":"Fundadores","polivalvula":"","longitud_m":10.207681}},{"type":"Feature","geometry":{"type":"LineString","coordinates":[[-70.75800975026364,7.068242879129938],[-70.75813572088511,7.068224009432066]]},"properties":{"tipo":"TPE3/4","estado":"INSTALADO","barrio":"Fundadores","polivalvula":"","longitud_m":14.072923}},{"type":"Feature","geometry":{"type":"LineString","coordinates":[[-70.75930748189737,7.067058793225593],[-70.75938353923682,7.067155501562254]]},"properties":{"tipo":"TPE3/4","estado":"INSTALADO","barrio":"Fundadores","polivalvula":"FUNDADORES ALTO","longitud_m":13.601356}},{"type":"Feature","geometry":{"type":"LineString","coordinates":[[-70.75867540809789,7.066547287186598],[-70.7587513112445,7.066518641911459]]},"properties":{"tipo":"TPE3/4","estado":"INSTALADO","barrio":"Fundadores","polivalvula":"FUNDADORES ALTO","longitud_m":8.964307}},{"type":"Feature","geometry":{"type":"LineString","coordinates":[[-70.75849937068959,7.067294667790662],[-70.75859919646405,7.067278156347591]]},"properties":{"tipo":"TPE3/4","estado":"INSTALADO","barrio":"Fundadores","polivalvula":"","longitud_m":11.179001}},{"type":"Feature","geometry":{"type":"LineString","coordinates":[[-70.75914253193625,7.063620916167667],[-70.7591168627039,7.063739797954948]]},"properties":{"tipo":"TPE3/4","estado":"INSTALADO","barrio":"Olimpico","polivalvula":"","longitud_m":13.449857}},{"type":"Feature","geometry":{"type":"LineString","coordinates":[[-70.76001162920663,7.086290164810042],[-70.76003153339299,7.086805452292758]]},"properties":{"tipo":"TPE3/4","estado":"INSTALADO","barrio":"7 DE AGOSTO","polivalvula":"7 DE AGOSTO 2","longitud_m":57.029526}},{"type":"Feature","geometry":{"type":"LineString","coordinates":[[-70.76007405890901,7.085517345405823],[-70.76003777353489,7.085533039554412]]},"properties":{"tipo":"TPE3/4","estado":"INSTALADO","barrio":"","polivalvula":"","longitud_m":4.368305}},{"type":"Feature","geometry":{"type":"LineString","coordinates":[[-70.76163973480196,7.085969389397986],[-70.76163333004789,7.085902577813265]]},"properties":{"tipo":"TPE3/4","estado":"INSTALADO","barrio":"","polivalvula":"SIETE DE AGOSTO","longitud_m":7.422685}},{"type":"Feature","geometry":{"type":"LineString","coordinates":[[-70.74884318508435,7.08370238936344],[-70.74871695593194,7.083720821218638],[-70.74872149348522,7.083857588127648]]},"properties":{"tipo":"TPE3/4","estado":"INSTALADO","barrio":"LAS AMERICAS","polivalvula":"","longitud_m":29.227402}},{"type":"Feature","geometry":{"type":"LineString","coordinates":[[-70.7447424269548,7.085282060211621],[-70.74472847415652,7.085190698144701]]},"properties":{"tipo":"TPE3/4","estado":"INSTALADO","barrio":"LAS AMERICAS","polivalvula":"","longitud_m":10.220913}},{"type":"Feature","geometry":{"type":"LineString","coordinates":[[-70.7502098435623,7.083046682713193],[-70.7502217277697,7.082935825028703]]},"properties":{"tipo":"TPE3/4","estado":"INSTALADO","barrio":"LAS AMERICAS","polivalvula":"","longitud_m":12.330179}},{"type":"Feature","geometry":{"type":"LineString","coordinates":[[-70.74964899873326,7.077502668582897],[-70.74976023245532,7.077536634261262]]},"properties":{"tipo":"","estado":"INSTALADO","barrio":"","polivalvula":"","longitud_m":12.850241}},{"type":"Feature","geometry":{"type":"LineString","coordinates":[[-70.75205621898635,7.080324593564917],[-70.75204195796148,7.080225529301122]]},"properties":{"tipo":"TPE3/4","estado":"INSTALADO","barrio":"MERIDIANO 70","polivalvula":"","longitud_m":11.068513}},{"type":"Feature","geometry":{"type":"LineString","coordinates":[[-70.75219312232285,7.080635938064098],[-70.75208474083803,7.080644429733789]]},"properties":{"tipo":"TPE3/4","estado":"INSTALADO","barrio":"MERIDIANO 70","polivalvula":"","longitud_m":12.010532}},{"type":"Feature","geometry":{"type":"LineString","coordinates":[[-70.75193928026674,7.079257529043094],[-70.75201639222257,7.079257639947898]]},"properties":{"tipo":"TPE3/4","estado":"INSTALADO","barrio":"MERIDIANO 70","polivalvula":"","longitud_m":8.519202}},{"type":"Feature","geometry":{"type":"LineString","coordinates":[[-70.76016495888007,7.086792764984764],[-70.76017240308586,7.086864108322973]]},"properties":{"tipo":"TPE3/4","estado":"INSTALADO","barrio":"7 DE AGOSTO","polivalvula":"7 DE AGOSTO 2","longitud_m":7.932809}},{"type":"Feature","geometry":{"type":"LineString","coordinates":[[-70.76837301934192,7.087839902563888],[-70.76838967857017,7.087854232844918]]},"properties":{"tipo":"TPE3/4","estado":"INSTALADO","barrio":"Cabañas del Rio","polivalvula":"","longitud_m":2.428767}},{"type":"Feature","geometry":{"type":"LineString","coordinates":[[-70.75833242190747,7.087350451640687],[-70.75834097825438,7.087392906912055]]},"properties":{"tipo":"TPE3/4","estado":"INSTALADO","barrio":"7 DE AGOSTO","polivalvula":"","longitud_m":4.789459}},{"type":"Feature","geometry":{"type":"LineString","coordinates":[[-70.7583694995985,7.087724059092763],[-70.75835238642571,7.087667452368176]]},"properties":{"tipo":"TPE3/4","estado":"INSTALADO","barrio":"","polivalvula":"","longitud_m":6.539551}},{"type":"Feature","geometry":{"type":"LineString","coordinates":[[-70.75828963901428,7.088355229457804],[-70.75841798587155,7.088346738371907]]},"properties":{"tipo":"TPE3/4","estado":"INSTALADO","barrio":"MIRAMAR FRONTERA","polivalvula":"","longitud_m":14.21031}},{"type":"Feature","geometry":{"type":"LineString","coordinates":[[-70.7583694995985,7.087724059092763],[-70.75824685660422,7.087709907962904]]},"properties":{"tipo":"TPE3/4","estado":"INSTALADO","barrio":"","polivalvula":"","longitud_m":13.639213}},{"type":"Feature","geometry":{"type":"LineString","coordinates":[[-70.75530332839301,7.087284779233001],[-70.75529810612504,7.087222704713835]]},"properties":{"tipo":"TPE3/4","estado":"INSTALADO","barrio":"CORDOBA","polivalvula":"","longitud_m":6.889202}},{"type":"Feature","geometry":{"type":"LineString","coordinates":[[-70.75541219854554,7.089211705477167],[-70.75551010955445,7.089150457451219]]},"properties":{"tipo":"TPE3/4","estado":"INSTALADO","barrio":"CORDOBA","polivalvula":"","longitud_m":12.762634}},{"type":"Feature","geometry":{"type":"LineString","coordinates":[[-70.75024375566295,7.087086737848585],[-70.75036770251245,7.087070074470758]]},"properties":{"tipo":"TPE3/4","estado":"INSTALADO","barrio":"LA UNION","polivalvula":"miguel","longitud_m":13.619179}},{"type":"Feature","geometry":{"type":"LineString","coordinates":[[-70.74265378677215,7.085333943935734],[-70.74267280045073,7.085458480862753]]},"properties":{"tipo":"TPE3/4","estado":"INSTALADO","barrio":"","polivalvula":"","longitud_m":13.932181}},{"type":"Feature","geometry":{"type":"LineString","coordinates":[[-70.74655999009408,7.089746022984839],[-70.7470226060289,7.089869800365189],[-70.74711742944032,7.089892834890337],[-70.74740479909917,7.089927489763642],[-70.74767054558829,7.08995248293189],[-70.7480252892362,7.090002697076751]]},"properties":{"tipo":"TPE3/4","estado":"INSTALADO","barrio":"SANTAFESITO","polivalvula":"SANTAFESITO","longitud_m":164.738663}},{"type":"Feature","geometry":{"type":"LineString","coordinates":[[-70.74972867053417,7.090126546049408],[-70.74961962847367,7.090141817294007],[-70.74958514658437,7.090161134156213],[-70.74933283858175,7.090198098542296],[-70.74883371154328,7.090308953560915],[-70.74845342328797,7.090405657122356],[-70.7481587007272,7.090476415754229],[-70.74801371642701,7.090488208839813],[-70.74801133920562,7.090198098324649],[-70.74801758401983,7.090070712206556]]},"properties":{"tipo":"TPE3/4","estado":"INSTALADO","barrio":"SANTAFESITO","polivalvula":"SANTAFESITO","longitud_m":240.291458}},{"type":"Feature","geometry":{"type":"LineString","coordinates":[[-70.74611747373538,7.089351333652651],[-70.74620303916014,7.089422092627307]]},"properties":{"tipo":"TPE3/4","estado":"INSTALADO","barrio":"","polivalvula":"","longitud_m":12.271728}},{"type":"Feature","geometry":{"type":"LineString","coordinates":[[-70.7522223969023,7.08753872592739],[-70.7521211850527,7.08754524231253]]},"properties":{"tipo":"TPE3/4","estado":"INSTALADO","barrio":"LA UNION","polivalvula":"miguel","longitud_m":11.204708}},{"type":"Feature","geometry":{"type":"LineString","coordinates":[[-70.75905816056134,7.094546591674408],[-70.75898318046032,7.094530647729131]]},"properties":{"tipo":"TPE3/4","estado":"INSTALADO","barrio":"LIBERTADORES","polivalvula":"","longitud_m":9.439095}},{"type":"Feature","geometry":{"type":"LineString","coordinates":[[-70.7593846292454,7.09181973190574],[-70.75930215509317,7.091811083548957]]},"properties":{"tipo":"TPE3/4","estado":"INSTALADO","barrio":"","polivalvula":"MIRAMAR FRONTERA 1","longitud_m":9.161409}},{"type":"Feature","geometry":{"type":"LineString","coordinates":[[-70.75865756745972,7.091720512824755],[-70.75864329861292,7.091785700722668]]},"properties":{"tipo":"TPE3/4","estado":"INSTALADO","barrio":"MIRAMAR","polivalvula":"MIRAMAR FRONTERA 1","longitud_m":7.379645}},{"type":"Feature","geometry":{"type":"LineString","coordinates":[[-70.76021888562573,7.091329139596406],[-70.76021888583847,7.09141876744807]]},"properties":{"tipo":"TPE3/4","estado":"INSTALADO","barrio":"MIRAMAR","polivalvula":"MIRAMAR FRONTERA 1","longitud_m":9.912202}},{"type":"Feature","geometry":{"type":"LineString","coordinates":[[-70.76024027663415,7.090435223921511],[-70.76023790025332,7.090529568361371]]},"properties":{"tipo":"TPE3/4","estado":"INSTALADO","barrio":"MIRAMAR","polivalvula":"MIRAMAR FRONTERA 1","longitud_m":10.437125}},{"type":"Feature","geometry":{"type":"LineString","coordinates":[[-70.75839039172423,7.090339481805367],[-70.7583786803471,7.090444964288256]]},"properties":{"tipo":"TPE3/4","estado":"INSTALADO","barrio":"","polivalvula":"MIRAMAR FRONTERA","longitud_m":11.737142}},{"type":"Feature","geometry":{"type":"LineString","coordinates":[[-70.75942741246382,7.090484754610813],[-70.75932497184735,7.090494975373722]]},"properties":{"tipo":"TPE3/4","estado":"INSTALADO","barrio":"","polivalvula":"MIRAMAR FRONTERA 1","longitud_m":11.373486}},{"type":"Feature","geometry":{"type":"LineString","coordinates":[[-70.7555500394063,7.090918481105026],[-70.75555479331544,7.090843004871408]]},"properties":{"tipo":"TPE3/4","estado":"INSTALADO","barrio":"SAN LUIS","polivalvula":"","longitud_m":8.363644}},{"type":"Feature","geometry":{"type":"LineString","coordinates":[[-70.7584179060399,7.088449620184951],[-70.75831611319032,7.088455708915897]]},"properties":{"tipo":"TPE3/4","estado":"INSTALADO","barrio":"MIRAMAR FRONTERA","polivalvula":"","longitud_m":11.265807}},{"type":"Feature","geometry":{"type":"LineString","coordinates":[[-70.76153511006949,7.089340317321176],[-70.7616021969231,7.089347384179533]]},"properties":{"tipo":"TPE3/4","estado":"INSTALADO","barrio":"PRIMERO DE MAYO","polivalvula":"PRIMERO DE MAYO","longitud_m":7.452563}},{"type":"Feature","geometry":{"type":"LineString","coordinates":[[-70.76595153803443,7.087361571178783],[-70.76588879113025,7.087356665331047]]},"properties":{"tipo":"TPE3/4","estado":"INSTALADO","barrio":"CABAÑAS DEL RIO","polivalvula":"","longitud_m":6.953237}},{"type":"Feature","geometry":{"type":"LineString","coordinates":[[-70.76879709449098,7.085803244280629],[-70.76878764772586,7.085812024299354]]},"properties":{"tipo":"TPE3/4","estado":"INSTALADO","barrio":"San Antonio Corocoras","polivalvula":"","longitud_m":1.4255}},{"type":"Feature","geometry":{"type":"LineString","coordinates":[[-70.74231855164687,7.067836472939462],[-70.74235312160748,7.067623844973361]]},"properties":{"tipo":"TPE3/4","estado":"INSTALADO","barrio":"","polivalvula":"","longitud_m":23.823305}},{"type":"Feature","geometry":{"type":"LineString","coordinates":[[-70.74880019231345,7.074204197416242],[-70.74880779755874,7.07411815204824]]},"properties":{"tipo":"TPE3/4","estado":"INSTALADO","barrio":"San Carlos","polivalvula":"","longitud_m":9.553031}},{"type":"Feature","geometry":{"type":"LineString","coordinates":[[-70.74879630030183,7.074243707153083],[-70.74872595269542,7.074239414002404]]},"properties":{"tipo":"TPE3/4","estado":"INSTALADO","barrio":"San Carlos","polivalvula":"","longitud_m":7.786456}},{"type":"Feature","geometry":{"type":"LineString","coordinates":[[-70.75638753315131,7.070737898188056],[-70.75647740157294,7.070711915017602]]},"properties":{"tipo":"TPE3/4","estado":"INSTALADO","barrio":"Fundadores","polivalvula":"VILLA DEL MAESTRO CRUZ","longitud_m":15.850802}},{"type":"Feature","geometry":{"type":"LineString","coordinates":[[-70.75921056215931,7.064142321437281],[-70.75894726360958,7.064103712370877]]},"properties":{"tipo":"TPE3/4","estado":"INSTALADO","barrio":"Olimpico","polivalvula":"","longitud_m":29.401392}},{"type":"Feature","geometry":{"type":"LineString","coordinates":[[-70.75848254678547,7.063356632318182],[-70.75853271258511,7.063429090008503]]},"properties":{"tipo":"TPE3/4","estado":"INSTALADO","barrio":"Olimpico","polivalvula":"","longitud_m":9.743269}},{"type":"Feature","geometry":{"type":"LineString","coordinates":[[-70.75857961477811,7.062149658317393],[-70.75861155574904,7.062103289221699]]},"properties":{"tipo":"TPE3/4","estado":"INSTALADO","barrio":"Olimpico","polivalvula":"","longitud_m":6.224988}},{"type":"Feature","geometry":{"type":"LineString","coordinates":[[-70.76099216908638,7.094223117111061],[-70.76091954906754,7.094275647859976]]},"properties":{"tipo":"TPE3/4","estado":"INSTALADO","barrio":"LIBERTADORES","polivalvula":"","longitud_m":9.90524}},{"type":"Feature","geometry":{"type":"LineString","coordinates":[[-70.76143781008803,7.09476735718962],[-70.76140643607577,7.094815471854119]]},"properties":{"tipo":"TPE3/4","estado":"INSTALADO","barrio":"LIBERTADORES","polivalvula":"","longitud_m":6.350422}},{"type":"Feature","geometry":{"type":"LineString","coordinates":[[-70.77235548430819,7.075891975208338],[-70.77246735892038,7.075939216205956]]},"properties":{"tipo":"TPE3/4","estado":"INSTALADO","barrio":"","polivalvula":"","longitud_m":13.418627}},{"type":"Feature","geometry":{"type":"LineString","coordinates":[[-70.77012871615482,7.074497778102409],[-70.77003860609754,7.074477030989226]]},"properties":{"tipo":"TPE3/4","estado":"INSTALADO","barrio":"","polivalvula":"","longitud_m":10.216279}},{"type":"Feature","geometry":{"type":"LineString","coordinates":[[-70.7704044237028,7.073556182383986],[-70.77031496040266,7.07351715244726]]},"properties":{"tipo":"TPE3/4","estado":"INSTALADO","barrio":"","polivalvula":"","longitud_m":10.785272}},{"type":"Feature","geometry":{"type":"LineString","coordinates":[[-70.77207879900362,7.073847728576293],[-70.77199269517135,7.073836585469147]]},"properties":{"tipo":"TPE3/4","estado":"INSTALADO","barrio":"","polivalvula":"","longitud_m":9.592184}},{"type":"Feature","geometry":{"type":"LineString","coordinates":[[-70.77179434258409,7.074958772144713],[-70.7716981620625,7.074930316509441]]},"properties":{"tipo":"TPE3/4","estado":"INSTALADO","barrio":"","polivalvula":"","longitud_m":11.082147}},{"type":"Feature","geometry":{"type":"LineString","coordinates":[[-70.77219288488875,7.075058403695573],[-70.77232242512258,7.075069756992947]]},"properties":{"tipo":"TPE3/4","estado":"INSTALADO","barrio":"","polivalvula":"","longitud_m":14.366452}},{"type":"Feature","geometry":{"type":"LineString","coordinates":[[-70.773485660624,7.074663116490905],[-70.77330356674395,7.074618396053091]]},"properties":{"tipo":"TPE3/4","estado":"INSTALADO","barrio":"","polivalvula":"","longitud_m":20.716591}},{"type":"Feature","geometry":{"type":"LineString","coordinates":[[-70.77314895590094,7.072794755043851],[-70.77327330986351,7.072911369359266],[-70.77332680378854,7.07300290406083]]},"properties":{"tipo":"TPE3/4","estado":"INSTALADO","barrio":"El Arauco","polivalvula":"","longitud_m":30.565336}},{"type":"Feature","geometry":{"type":"LineString","coordinates":[[-70.77655229151077,7.068268108744583],[-70.77745733137834,7.068260777615381],[-70.77745428354396,7.0679777060047],[-70.7765053477545,7.067973995408818]]},"properties":{"tipo":"TPE3/4","estado":"INSTALADO","barrio":"Senderos de Playitas","polivalvula":"AA002","longitud_m":236.139923}},{"type":"Feature","geometry":{"type":"LineString","coordinates":[[-70.7765053477545,7.067973995408818],[-70.77650610807818,7.068269119678543]]},"properties":{"tipo":"TPE3/4","estado":"INSTALADO","barrio":"Senderos de Playitas","polivalvula":"AA002","longitud_m":32.638668}},{"type":"Feature","geometry":{"type":"LineString","coordinates":[[-70.77761895293935,7.068362674185812],[-70.77653323178012,7.068366448424107],[-70.77652776049837,7.068675163609706],[-70.77761515031423,7.068681575620441],[-70.77761895293935,7.068362674185812]]},"properties":{"tipo":"TPE3/4","estado":"INSTALADO","barrio":"Senderos de Playitas","polivalvula":"AA002","longitud_m":309.506897}},{"type":"Feature","geometry":{"type":"LineString","coordinates":[[-70.77654829328834,7.068366395758696],[-70.77654618718398,7.06826824224436]]},"properties":{"tipo":"TPE3/4","estado":"INSTALADO","barrio":"Senderos de Playitas","polivalvula":"AA002","longitud_m":10.857546}},{"type":"Feature","geometry":{"type":"LineString","coordinates":[[-70.76370092223443,7.069024993981715],[-70.76315460084392,7.0692925105207],[-70.76288890890004,7.069393808063552],[-70.76250748804412,7.069580195585183]]},"properties":{"tipo":"TPE3/4","estado":"INSTALADO","barrio":"LA GRANJA","polivalvula":"","longitud_m":145.548691}},{"type":"Feature","geometry":{"type":"LineString","coordinates":[[-70.76273999101635,7.070189679375079],[-70.76262104840373,7.06995990941036],[-70.76245157826156,7.069708933885928]]},"properties":{"tipo":"TPE3/4","estado":"INSTALADO","barrio":"LA GRANJA","polivalvula":"","longitud_m":62.088264}},{"type":"Feature","geometry":{"type":"LineString","coordinates":[[-70.76300299476607,7.070086330263841],[-70.76293644512653,7.069461739738863],[-70.7626759481278,7.069563636540085],[-70.7625067200813,7.069663646303079],[-70.76263411668606,7.069882536119231],[-70.76277101939927,7.070127843645276]]},"properties":{"tipo":"TPE3/4","estado":"INSTALADO","barrio":"LA GRANJA","polivalvula":"","longitud_m":181.158356}},{"type":"Feature","geometry":{"type":"LineString","coordinates":[[-70.7631854877906,7.069352718860225],[-70.76298778376497,7.069433434370755],[-70.76301440426674,7.069578732239281],[-70.7630486300342,7.069897631649856],[-70.76305583598248,7.07008214774582]]},"properties":{"tipo":"TPE3/4","estado":"INSTALADO","barrio":"LA GRANJA","polivalvula":"","longitud_m":95.823662}},{"type":"Feature","geometry":{"type":"LineString","coordinates":[[-70.76285848580099,7.070425986510236],[-70.7627863312201,7.070177940463079],[-70.76277101939927,7.070127843645276]]},"properties":{"tipo":"TPE3/4","estado":"INSTALADO","barrio":"LA GRANJA","polivalvula":"","longitud_m":34.359741}},{"type":"Feature","geometry":{"type":"LineString","coordinates":[[-70.76253365663246,7.071830179364539],[-70.76245550804526,7.071877541929886]]},"properties":{"tipo":"TPE3/4","estado":"INSTALADO","barrio":"URB EL PARAISO","polivalvula":"","longitud_m":10.098491}},{"type":"Feature","geometry":{"type":"LineString","coordinates":[[-70.76293828317756,7.07160827089614],[-70.76251146244667,7.071699402608564],[-70.76253365663246,7.071830179364539]]},"properties":{"tipo":"TPE3/4","estado":"INSTALADO","barrio":"URB EL PARAISO","polivalvula":"","longitud_m":62.889488}},{"type":"Feature","geometry":{"type":"LineString","coordinates":[[-70.76293371946028,7.071549397762245],[-70.76293828317756,7.07160827089614]]},"properties":{"tipo":"TPE3/4","estado":"INSTALADO","barrio":"URB EL PARAISO","polivalvula":"","longitud_m":6.530436}},{"type":"Feature","geometry":{"type":"LineString","coordinates":[[-70.7631649339308,7.071495052957725],[-70.76293371946028,7.071549397762245]]},"properties":{"tipo":"TPE3/4","estado":"INSTALADO","barrio":"URB EL PARAISO","polivalvula":"","longitud_m":26.242079}},{"type":"Feature","geometry":{"type":"LineString","coordinates":[[-70.76312992897931,7.071234623432839],[-70.76240342839077,7.071397471575331],[-70.76243934531568,7.07165657797672],[-70.76293371946028,7.071549397762245]]},"properties":{"tipo":"TPE3/4","estado":"INSTALADO","barrio":"URB EL PARAISO","polivalvula":"","longitud_m":167.07811}},{"type":"Feature","geometry":{"type":"LineString","coordinates":[[-70.76016732385224,7.068959660417276],[-70.76068636848437,7.069652574351608],[-70.7612045829289,7.070466418269853],[-70.76121340534621,7.070486345095174],[-70.76119028415002,7.070501440697934],[-70.76123964560875,7.070583098907981],[-70.76129288561735,7.070598194800976],[-70.76159046079997,7.07093313381084],[-70.76165130669402,7.071002951793464],[-70.7618115612509,7.071139783664508],[-70.76207247515735,7.071432239063367],[-70.76235388858538,7.071752080696924],[-70.76246987567076,7.071885111817064],[-70.76252216587017,7.071985122093274],[-70.76257920886322,7.072415351646946],[-70.76258449588498,7.072659740156857],[-70.7625582929414,7.072833315205753],[-70.76234514146469,7.073606216302714],[-70.76230783698017,7.0738541901356],[-70.76239827270751,7.074164126978917],[-70.76258335251951,7.074617058525092],[-70.76266006873361,7.07459105082514],[-70.76276685648712,7.074853971164643],[-70.76309656599956,7.075658948284506],[-70.76330876678936,7.076137857993215]]},"properties":{"tipo":"TPE2","estado":"INSTALADO","barrio":"LA GRANJA","polivalvula":"","longitud_m":925.053345}},{"type":"Feature","geometry":{"type":"LineString","coordinates":[[-70.75903039940277,7.068891955538518],[-70.75897841934146,7.068923526061512]]},"properties":{"tipo":"TPE3/4","estado":"INSTALADO","barrio":"Fundadores","polivalvula":"EL MORICHE","longitud_m":6.720864}},{"type":"Feature","geometry":{"type":"LineString","coordinates":[[-70.75892837267959,7.071773090449915],[-70.75894833788713,7.071444757155851],[-70.75895404139335,7.071042831537945],[-70.7590196413161,7.071045662281838],[-70.75901393742458,7.071218319756956]]},"properties":{"tipo":"TPE3/4","estado":"INSTALADO","barrio":"LA GRANJA","polivalvula":"","longitud_m":107.192093}},{"type":"Feature","geometry":{"type":"LineString","coordinates":[[-70.75896693876444,7.071968894527696],[-70.75869014306635,7.071890426106515]]},"properties":{"tipo":"TPE3/4","estado":"INSTALADO","barrio":"LA GRANJA","polivalvula":"","longitud_m":31.787846}},{"type":"Feature","geometry":{"type":"LineString","coordinates":[[-70.75857835377661,7.07208529540513],[-70.75859352979603,7.071863037217192],[-70.75860650555222,7.071757995842057],[-70.75857835430114,7.071555433509666]]},"properties":{"tipo":"TPE3/4","estado":"INSTALADO","barrio":"LA GRANJA","polivalvula":"","longitud_m":58.959015}},{"type":"Feature","geometry":{"type":"LineString","coordinates":[[-70.75861748702714,7.07209010189236],[-70.7588852869623,7.072191836975294]]},"properties":{"tipo":"TPE3/4","estado":"INSTALADO","barrio":"LA GRANJA","polivalvula":"","longitud_m":31.653591}},{"type":"Feature","geometry":{"type":"LineString","coordinates":[[-70.70368380163721,7.077234717978475],[-70.70318752678659,7.077630977438857],[-70.70335580425454,7.077851750595451],[-70.70386919235165,7.077463982600411]]},"properties":{"tipo":"TPE3/4","estado":"INSTALADO","barrio":"Manhattan","polivalvula":"","longitud_m":171.984619}},{"type":"Feature","geometry":{"type":"LineString","coordinates":[[-70.70445867295928,7.077504088845394],[-70.70358397652073,7.07814894434305]]},"properties":{"tipo":"TPE3/4","estado":"INSTALADO","barrio":"Manhattan","polivalvula":"","longitud_m":120.102242}},{"type":"Feature","geometry":{"type":"LineString","coordinates":[[-70.70358397652073,7.07814894434305],[-70.70375225386246,7.078378208833173],[-70.70445296879495,7.077857891930867]]},"properties":{"tipo":"TPE3/4","estado":"INSTALADO","barrio":"Manhattan","polivalvula":"","longitud_m":127.899185}},{"type":"Feature","geometry":{"type":"LineString","coordinates":[[-70.70334740378681,7.079075101206358],[-70.70387774818211,7.078681063548849]]},"properties":{"tipo":"TPE3/4","estado":"INSTALADO","barrio":"Manhattan","polivalvula":"","longitud_m":73.020874}},{"type":"Feature","geometry":{"type":"LineString","coordinates":[[-70.70398795274194,7.07865878720676],[-70.70381500069817,7.078811262312136],[-70.70338717774229,7.079111286319607]]},"properties":{"tipo":"TPE3/4","estado":"INSTALADO","barrio":"Manhattan","polivalvula":"","longitud_m":83.233589}},{"type":"Feature","geometry":{"type":"LineString","coordinates":[[-70.70338717774229,7.079111286319607],[-70.70334740378681,7.079075101206358]]},"properties":{"tipo":"TPE3/4","estado":"INSTALADO","barrio":"Manhattan","polivalvula":"","longitud_m":5.94336}},{"type":"Feature","geometry":{"type":"LineString","coordinates":[[-70.70367991968872,7.078417635905873],[-70.70351736477808,7.078204042379853],[-70.70316511981318,7.078461015878831]]},"properties":{"tipo":"TPE3/4","estado":"INSTALADO","barrio":"Manhattan","polivalvula":"","longitud_m":77.861832}},{"type":"Feature","geometry":{"type":"LineString","coordinates":[[-70.7031228444797,7.078426600090084],[-70.70348985506129,7.078146114488141],[-70.70331807083842,7.077937755204719],[-70.70282408548036,7.078303050382886]]},"properties":{"tipo":"TPE3/4","estado":"INSTALADO","barrio":"Manhattan","polivalvula":"","longitud_m":148.805313}},{"type":"Feature","geometry":{"type":"LineString","coordinates":[[-70.70278087750886,7.078251148148745],[-70.70329620974107,7.077900612461872]]},"properties":{"tipo":"TPE3/4","estado":"INSTALADO","barrio":"Manhattan","polivalvula":"","longitud_m":68.878838}},{"type":"Feature","geometry":{"type":"LineString","coordinates":[[-70.70276892648909,7.077852150145104],[-70.70309617855321,7.077622853765732]]},"properties":{"tipo":"TPE3/4","estado":"INSTALADO","barrio":"Manhattan","polivalvula":"","longitud_m":44.161224}},{"type":"Feature","geometry":{"type":"LineString","coordinates":[[-70.70321530736099,7.077608795024669],[-70.70316983947508,7.07755549038344]]},"properties":{"tipo":"TPE3/4","estado":"INSTALADO","barrio":"Manhattan","polivalvula":"","longitud_m":7.745053}},{"type":"Feature","geometry":{"type":"LineString","coordinates":[[-70.70342831680126,7.077869490757599],[-70.7033940510363,7.077822862803888]]},"properties":{"tipo":"TPE3/4","estado":"INSTALADO","barrio":"Manhattan","polivalvula":"","longitud_m":6.397125}},{"type":"Feature","geometry":{"type":"LineString","coordinates":[[-70.70362343094364,7.078119857672675],[-70.7035838626467,7.078084637541802]]},"properties":{"tipo":"TPE3/4","estado":"INSTALADO","barrio":"Manhattan","polivalvula":"","longitud_m":5.855055}},{"type":"Feature","geometry":{"type":"LineString","coordinates":[[-70.70382270991469,7.078394940898235],[-70.703786782403,7.0783537079783]]},"properties":{"tipo":"TPE3/4","estado":"INSTALADO","barrio":"Manhattan","polivalvula":"","longitud_m":6.045599}},{"type":"Feature","geometry":{"type":"LineString","coordinates":[[-70.70398795274194,7.07865878720676],[-70.70378830229384,7.078419900288657]]},"properties":{"tipo":"TPE3/4","estado":"INSTALADO","barrio":"Manhattan","polivalvula":"","longitud_m":34.416569}},{"type":"Feature","geometry":{"type":"LineString","coordinates":[[-70.70323320032367,7.078833208425512],[-70.70318894023927,7.078790581697818]]},"properties":{"tipo":"TPE3/4","estado":"INSTALADO","barrio":"Manhattan","polivalvula":"","longitud_m":6.79222}},{"type":"Feature","geometry":{"type":"LineString","coordinates":[[-70.70316511981318,7.078461015878831],[-70.7031228444797,7.078426600090084]]},"properties":{"tipo":"TPE3/4","estado":"INSTALADO","barrio":"Manhattan","polivalvula":"","longitud_m":6.025013}},{"type":"Feature","geometry":{"type":"LineString","coordinates":[[-70.70282408548036,7.078303050382886],[-70.70278087750886,7.078251148148745]]},"properties":{"tipo":"TPE3/4","estado":"INSTALADO","barrio":"Manhattan","polivalvula":"","longitud_m":7.4656}},{"type":"Feature","geometry":{"type":"LineString","coordinates":[[-70.70281096262919,7.077899102679672],[-70.70276892648909,7.077852150145104]]},"properties":{"tipo":"TPE3/4","estado":"INSTALADO","barrio":"Manhattan","polivalvula":"","longitud_m":6.966446}},{"type":"Feature","geometry":{"type":"LineString","coordinates":[[-70.702977314721,7.077344180138161],[-70.70291993730656,7.077385857963832]]},"properties":{"tipo":"TPE3/4","estado":"INSTALADO","barrio":"Manhattan","polivalvula":"","longitud_m":7.837647}},{"type":"Feature","geometry":{"type":"LineString","coordinates":[[-70.72593087012146,7.067847870145862],[-70.72588258898956,7.067953940686746],[-70.72566867763527,7.068213401190837],[-70.72480114657388,7.067996397543422],[-70.72456346665653,7.067621358923588],[-70.72457858655497,7.067559728209618],[-70.72592205579919,7.067867235407488]]},"properties":{"tipo":"TPE3/4","estado":"INSTALADO","barrio":"Piquetierra","polivalvula":"","longitud_m":357.247681}},{"type":"Feature","geometry":{"type":"LineString","coordinates":[[-70.72471320514767,7.068022343453392],[-70.72480114657388,7.067996397543422]]},"properties":{"tipo":"TPE3/4","estado":"INSTALADO","barrio":"Piquetierra","polivalvula":"","longitud_m":10.130743}},{"type":"Feature","geometry":{"type":"LineString","coordinates":[[-70.7235557052229,7.068189813582807],[-70.72376486281716,7.068286521751461],[-70.72412138224854,7.068371436687217],[-70.72421883155677,7.068380871903567],[-70.72429013478552,7.06833605517095],[-70.7247274658143,7.068057724434993],[-70.72471320514767,7.068022343453392]]},"properties":{"tipo":"TPE3/4","estado":"INSTALADO","barrio":"Piquetierra","polivalvula":"","longitud_m":147.586792}},{"type":"Feature","geometry":{"type":"LineString","coordinates":[[-70.72256931101757,7.067014054987035],[-70.72291467979937,7.067002829767483],[-70.72311502433259,7.067014055135283],[-70.7232918575532,7.067059343326374],[-70.7234551639162,7.067129258329072],[-70.72361440877602,7.067206624543316],[-70.72376911837853,7.067289556325282],[-70.72402010890424,7.067406549625313],[-70.7242368720508,7.067478255459893],[-70.72441348802332,7.067558548862668],[-70.72447077208678,7.067604847382253],[-70.72454920622077,7.067713349314398],[-70.72471320514767,7.068022343453392]]},"properties":{"tipo":"TPE3/4","estado":"INSTALADO","barrio":"Piquetierra","polivalvula":"","longitud_m":277.992065}},{"type":"Feature","geometry":{"type":"LineString","coordinates":[[-70.72348558927463,7.068886583761354],[-70.72379076964941,7.068929040521991],[-70.72393908225304,7.068957345587698],[-70.72406172475439,7.068937532318847],[-70.72413302878304,7.068889414327292],[-70.72416440241122,7.06880732995259],[-70.7241644023157,7.068725246203773],[-70.72416155027041,7.068589383903457],[-70.72419292399363,7.068430876161608],[-70.72382499587519,7.068348792760503],[-70.72364245784325,7.068311996421831],[-70.72350555472397,7.068238404185293]]},"properties":{"tipo":"TPE3/4","estado":"INSTALADO","barrio":"Piquetierra","polivalvula":"","longitud_m":205.049469}},{"type":"Feature","geometry":{"type":"LineString","coordinates":[[-70.72555625486274,7.068300674363173],[-70.72546783806439,7.068261048169648],[-70.72493733737556,7.068094049131921],[-70.7248175462315,7.068068575372654],[-70.72473198168956,7.068096879468963],[-70.72451807010845,7.068241234619674],[-70.72432982737388,7.068360114768853],[-70.72424426275126,7.068433707293099],[-70.72420718456384,7.06857240026465],[-70.72421859339356,7.068846956670816]]},"properties":{"tipo":"TPE3/4","estado":"INSTALADO","barrio":"Piquetierra","polivalvula":"","longitud_m":207.512131}},{"type":"Feature","geometry":{"type":"LineString","coordinates":[[-70.72256931101757,7.067014054987035],[-70.72256719495904,7.067151497685023],[-70.72260427323214,7.06738925852664],[-70.72274973256107,7.067547766031995],[-70.72287237565857,7.067675137575155],[-70.72307202681894,7.067836475718035],[-70.72328593837796,7.067983660993073],[-70.7235557052229,7.068189813582807]]},"properties":{"tipo":"TPE3/4","estado":"INSTALADO","barrio":"Piquetierra","polivalvula":"","longitud_m":179.732834}},{"type":"Feature","geometry":{"type":"LineString","coordinates":[[-70.72299501876327,7.06782515334723],[-70.72274973311347,7.067624189386662],[-70.72262423750809,7.067508139126923],[-70.72253582152105,7.067392089043008],[-70.72252156056823,7.067126023749299],[-70.72251201570664,7.067027926325085]]},"properties":{"tipo":"TPE3/4","estado":"INSTALADO","barrio":"Piquetierra","polivalvula":"","longitud_m":110.437111}},{"type":"Feature","geometry":{"type":"LineString","coordinates":[[-70.72112288944209,7.06388309439284],[-70.72058168152698,7.063674790623787]]},"properties":{"tipo":"TPE3/4","estado":"INSTALADO","barrio":"Urb Torres de COMFIAR","polivalvula":"","longitud_m":64.078163}},{"type":"Feature","geometry":{"type":"LineString","coordinates":[[-70.72113670542801,7.06384974936068],[-70.72112288944209,7.06388309439284]]},"properties":{"tipo":"TPE3/4","estado":"INSTALADO","barrio":"Urb Torres de COMFIAR","polivalvula":"","longitud_m":3.991158}},{"type":"Feature","geometry":{"type":"LineString","coordinates":[[-70.72251127029381,7.067020267055738],[-70.72257004425168,7.067008019005416],[-70.72271382082589,7.067002733001924],[-70.72292868307804,7.066993298236721],[-70.72311480589656,7.067006131331974],[-70.72329211521199,7.067051419884782],[-70.72346108550444,7.067125387360317],[-70.72362651111945,7.067200867550736],[-70.72377317936879,7.067279273959167],[-70.72402654551661,7.067399097443478],[-70.7242347531421,7.067465142733278],[-70.72442131147791,7.067555621514608],[-70.7245791313171,7.067557508773617],[-70.72471983773593,7.067585813239765],[-70.72512294211809,7.067670728289472],[-70.72528359932689,7.067708833088826],[-70.7255677153781,7.067769862503794],[-70.72593014613922,7.067847707745234],[-70.72593084568702,7.067847864702131],[-70.72593087012146,7.067847870145862],[-70.72612500047906,7.06789150567529],[-70.7268097235348,7.068116890695514],[-70.72689318132588,7.068144362061393],[-70.72714954505906,7.068225398029575],[-70.7272387463149,7.068253594312416],[-70.72766326369563,7.068387784061797],[-70.72803404382535,7.068491567778628],[-70.72819946881653,7.068527420962476],[-70.72827932950425,7.068587803741998],[-70.72842193680101,7.068704797620045],[-70.72863870118296,7.068914252381952],[-70.72879842209298,7.069032377477672],[-70.72907983412298,7.069180317799956],[-70.7292562882414,7.06922862449311],[-70.7295118409067,7.069236172090386],[-70.72977347894104,7.069193903613177],[-70.72990581941643,7.069145596963387],[-70.7300807511108,7.069071626930144],[-70.73041844700374,7.068970485228867],[-70.7306314079063,7.068938783741706]]},"properties":{"tipo":"TPE3","estado":"INSTALADO","barrio":"Mata de Venado","polivalvula":"","longitud_m":954.903259}},{"type":"Feature","geometry":{"type":"LineString","coordinates":[[-70.71056570598367,7.071561716577375],[-70.71079803313998,7.071471927526916],[-70.71141980254163,7.071183220006175],[-70.71138808735691,7.071106349566967],[-70.7130703802563,7.070268619389777],[-70.71358757164808,7.070008216617434],[-70.71387849216154,7.069842161464904],[-70.71422265173504,7.06968742950682],[-70.71453448716538,7.069559114946214],[-70.71482160367573,7.069483635869445],[-70.71513724322833,7.069421365852037],[-70.71551943236706,7.069332676440794],[-70.71576661927689,7.069285502921899],[-70.71609746935957,7.069223231388018],[-70.71639219245101,7.069159074365755],[-70.71659184277628,7.069083595106981],[-70.71697363175711,7.068928989641911],[-70.71731248795261,7.068717519885114],[-70.71770608576342,7.068504290932215],[-70.71812820441774,7.068298609397239],[-70.71853130957207,7.06808349270806],[-70.71923484138979,7.067713643248798],[-70.71988072165773,7.067346207904163],[-70.72018038849406,7.067205816026819],[-70.72057284565334,7.066999001753588],[-70.72073157191296,7.066928038404058],[-70.7207686406149,7.067016500799173],[-70.72093786874903,7.066963664977687],[-70.72109378656221,7.066908941766329],[-70.72142594525616,7.066946907693126]]},"properties":{"tipo":"TPE2","estado":"INSTALADO","barrio":"Mata de Venado","polivalvula":"","longitud_m":1335.349731}},{"type":"Feature","geometry":{"type":"LineString","coordinates":[[-70.70256397188685,7.077628391847768],[-70.70291993730656,7.077385857963847],[-70.70297296837323,7.077347336864802],[-70.702977314721,7.077344180138161],[-70.70347325538778,7.076983937227382],[-70.70351602670239,7.076953067404543],[-70.7039752351778,7.076621642408255],[-70.7045000312578,7.076214060596323],[-70.70516743677378,7.075659294995032],[-70.70604590022981,7.075030938281667],[-70.70662742397131,7.074559198157123],[-70.70736423109216,7.07407802224072],[-70.70792040154028,7.073625151029262],[-70.70880932391297,7.072889233528108],[-70.70941778381027,7.072375034577147],[-70.7100119833086,7.071879704388111],[-70.71036850290253,7.071657984753604],[-70.71056570598367,7.071561716577396]]},"properties":{"tipo":"TPE1","estado":"INSTALADO","barrio":"Manhattan","polivalvula":"","longitud_m":1133.081421}},{"type":"Feature","geometry":{"type":"LineString","coordinates":[[-70.74554523925657,7.072595809407003],[-70.74560265688834,7.071765498798696],[-70.74562670068065,7.070925301173181]]},"properties":{"tipo":"TPE3","estado":"INSTALADO","barrio":"San Carlos","polivalvula":"","longitud_m":185.003235}},{"type":"Feature","geometry":{"type":"LineString","coordinates":[[-70.74568062085862,7.072917348680519],[-70.74555284462247,7.072829793631254],[-70.74554495028384,7.072591064774532]]},"properties":{"tipo":"TPE3","estado":"INSTALADO","barrio":"San Carlos","polivalvula":"","longitud_m":43.534573}},{"type":"Feature","geometry":{"type":"LineString","coordinates":[[-70.74881034793232,7.074077659384205],[-70.74872893094182,7.074063675160101]]},"properties":{"tipo":"TPE3/4","estado":"INSTALADO","barrio":"San Carlos","polivalvula":"","longitud_m":9.126896}},{"type":"Feature","geometry":{"type":"LineString","coordinates":[[-70.72259220426014,7.064100957972921],[-70.72236878516851,7.064676493547402],[-70.72231887246654,7.06477084383905],[-70.72219765569854,7.065068046577103],[-70.72216057542298,7.065057380230136],[-70.72212704880138,7.06513188008935],[-70.72195694911125,7.065363339796153],[-70.72189649986579,7.06544559445024],[-70.7217153873621,7.066013108932081],[-70.72159155715657,7.066415086286589],[-70.72147295411337,7.066661763233181],[-70.72141738910463,7.066788400409586],[-70.72142594525616,7.066946907693126]]},"properties":{"tipo":"TPE2","estado":"INSTALADO","barrio":"BELLO HORIZONTE POL 1","polivalvula":"","longitud_m":347.401337}},{"type":"Feature","geometry":{"type":"LineString","coordinates":[[-70.72561980135107,7.061241864891154],[-70.72518798522424,7.061615682592795],[-70.72467839979134,7.062026295959902],[-70.72462515973871,7.062106305884552]]},"properties":{"tipo":"TPE2","estado":"INSTALADO","barrio":"Bello Horizonte","polivalvula":"","longitud_m":146.085602}},{"type":"Feature","geometry":{"type":"LineString","coordinates":[[-70.72281812218748,7.066922401426686],[-70.72228439401631,7.066926874178652],[-70.72211896885717,7.066935365265499],[-70.72168658225722,7.066905928753702],[-70.72151156510338,7.066861647742004]]},"properties":{"tipo":"TPE3/4","estado":"INSTALADO","barrio":"","polivalvula":"","longitud_m":145.0979}},{"type":"Feature","geometry":{"type":"LineString","coordinates":[[-70.7210141485564,7.064204919979806],[-70.72134438525701,7.064379290673076],[-70.72206110955366,7.064667273941667],[-70.72231887246654,7.06477084383905]]},"properties":{"tipo":"TPE1","estado":"INSTALADO","barrio":"BELLO HORIZONTE POL 1","polivalvula":"","longitud_m":157.313599}},{"type":"Feature","geometry":{"type":"LineString","coordinates":[[-70.77553668883061,7.067418613781476],[-70.77552641418734,7.067529474412377]]},"properties":{"tipo":"TPE3/4","estado":"INSTALADO","barrio":"","polivalvula":"BA002","longitud_m":12.312804}},{"type":"Feature","geometry":{"type":"LineString","coordinates":[[-70.77515353391092,7.066945912416915],[-70.77523218050392,7.066936903137417]]},"properties":{"tipo":"TPE3/4","estado":"INSTALADO","barrio":"","polivalvula":"BA002","longitud_m":8.745888}},{"type":"Feature","geometry":{"type":"LineString","coordinates":[[-70.77511301462815,7.06769376987877],[-70.77510868548362,7.067642071021465]]},"properties":{"tipo":"TPE3/4","estado":"INSTALADO","barrio":"","polivalvula":"BA002","longitud_m":5.737482}},{"type":"Feature","geometry":{"type":"LineString","coordinates":[[-70.77628018672097,7.069124760758006],[-70.77555193614467,7.069124761477823]]},"properties":{"tipo":"TPE3/4","estado":"INSTALADO","barrio":"Senderos de Playitas","polivalvula":"AA002","longitud_m":80.45742}},{"type":"Feature","geometry":{"type":"LineString","coordinates":[[-70.77650610807818,7.068269119678543],[-70.77655229151077,7.068268108744583]]},"properties":{"tipo":"TPE3/4","estado":"INSTALADO","barrio":"Senderos de Playitas","polivalvula":"AA002","longitud_m":5.103598}},{"type":"Feature","geometry":{"type":"LineString","coordinates":[[-70.77624826577262,7.070174643202238],[-70.77624699981725,7.070453550756268]]},"properties":{"tipo":"TPE3/4","estado":"INSTALADO","barrio":"","polivalvula":"A005","longitud_m":30.845432}},{"type":"Feature","geometry":{"type":"LineString","coordinates":[[-70.77554685705057,7.070162474126393],[-70.77553869235788,7.070450114664571]]},"properties":{"tipo":"TPE3/4","estado":"INSTALADO","barrio":"","polivalvula":"A005","longitud_m":31.823708}},{"type":"Feature","geometry":{"type":"LineString","coordinates":[[-70.77543254910336,7.07016049122983],[-70.77543353626285,7.070436914522358]]},"properties":{"tipo":"TPE3/4","estado":"INSTALADO","barrio":"","polivalvula":"A005","longitud_m":30.570572}},{"type":"Feature","geometry":{"type":"LineString","coordinates":[[-70.77621343246592,7.071868837168521],[-70.77621242358303,7.071608509874837]]},"properties":{"tipo":"TPE3/4","estado":"INSTALADO","barrio":"","polivalvula":"A005","longitud_m":28.790493}},{"type":"Feature","geometry":{"type":"LineString","coordinates":[[-70.77623904347291,7.071171848677492],[-70.7755595475214,7.07117380317025],[-70.77556433889498,7.07088457716595],[-70.77624246593422,7.070897859673304],[-70.77623904347291,7.071171848677492]]},"properties":{"tipo":"TPE3/4","estado":"INSTALADO","barrio":"","polivalvula":"A005","longitud_m":212.298996}},{"type":"Feature","geometry":{"type":"LineString","coordinates":[[-70.77553149829666,7.071591543485033],[-70.77553961417718,7.071872477110058]]},"properties":{"tipo":"TPE3/4","estado":"INSTALADO","barrio":"","polivalvula":"A005","longitud_m":31.082125}},{"type":"Feature","geometry":{"type":"LineString","coordinates":[[-70.77542028700448,7.071588772290224],[-70.77541980289381,7.071868553787374]]},"properties":{"tipo":"TPE3/4","estado":"INSTALADO","barrio":"","polivalvula":"A005","longitud_m":30.941818}},{"type":"Feature","geometry":{"type":"LineString","coordinates":[[-70.7217153873621,7.066013108932081],[-70.72160843117973,7.066362202589938],[-70.72156327288229,7.066503727495458],[-70.72145538479536,7.066701804730653]]},"properties":{"tipo":"TPE3/4","estado":"INSTALADO","barrio":"BELLO HORIZONTE POL 1","polivalvula":"","longitud_m":81.741867}},{"type":"Feature","geometry":{"type":"LineString","coordinates":[[-70.72206901929725,7.065440102680161],[-70.72175879577318,7.06617132543526],[-70.72217844756369,7.06626462679926]]},"properties":{"tipo":"TPE3/4","estado":"INSTALADO","barrio":"BELLO HORIZONTE POL 1","polivalvula":"","longitud_m":135.329742}},{"type":"Feature","geometry":{"type":"LineString","coordinates":[[-70.72225240271553,7.065285542081318],[-70.72223057796165,7.065390338452124]]},"properties":{"tipo":"TPE3/4","estado":"INSTALADO","barrio":"BELLO HORIZONTE POL 1","polivalvula":"","longitud_m":11.837935}},{"type":"Feature","geometry":{"type":"LineString","coordinates":[[-70.72129535698708,7.064767709438899],[-70.72212704880138,7.06513188008935],[-70.72189649986579,7.06544559445024],[-70.72182281870491,7.065650805016959],[-70.7217153873621,7.066013108932081]]},"properties":{"tipo":"TPE3/4","estado":"INSTALADO","barrio":"BELLO HORIZONTE POL 1","polivalvula":"","longitud_m":209.266739}},{"type":"Feature","geometry":{"type":"LineString","coordinates":[[-70.72195694911125,7.065363339796153],[-70.72125714062723,7.065039889660901],[-70.72129535698708,7.064767709438899]]},"properties":{"tipo":"TPE3/4","estado":"INSTALADO","barrio":"BELLO HORIZONTE POL 1","polivalvula":"","longitud_m":115.586243}},{"type":"Feature","geometry":{"type":"LineString","coordinates":[[-70.7215438207247,7.065547823539372],[-70.72162740119681,7.065335712373674],[-70.72189649986579,7.06544559445024]]},"properties":{"tipo":"TPE3/4","estado":"INSTALADO","barrio":"BELLO HORIZONTE POL 1","polivalvula":"","longitud_m":57.328327}},{"type":"Feature","geometry":{"type":"LineString","coordinates":[[-70.7217153873621,7.066013108932081],[-70.72144261769047,7.065906166251734]]},"properties":{"tipo":"TPE3/4","estado":"INSTALADO","barrio":"BELLO HORIZONTE POL 1","polivalvula":"","longitud_m":32.373814}},{"type":"Feature","geometry":{"type":"LineString","coordinates":[[-70.72266311169832,7.064221977840513],[-70.72251670108467,7.064578620896263]]},"properties":{"tipo":"TPE3/4","estado":"INSTALADO","barrio":"Bello Horizonte","polivalvula":"","longitud_m":42.630379}},{"type":"Feature","geometry":{"type":"LineString","coordinates":[[-70.72284279734954,7.063774757661995],[-70.72268117545376,7.06415404523758]]},"properties":{"tipo":"TPE3/4","estado":"INSTALADO","barrio":"Bello Horizonte","polivalvula":"","longitud_m":45.589119}},{"type":"Feature","geometry":{"type":"LineString","coordinates":[[-70.72219765569854,7.065068046577103],[-70.72231887246654,7.06477084383905],[-70.72134438525701,7.064379290673076],[-70.72122316877794,7.064612807463206],[-70.72203365675522,7.065020871654589],[-70.72219765569854,7.065068046577103]]},"properties":{"tipo":"TPE3/4","estado":"INSTALADO","barrio":"BELLO HORIZONTE POL 1","polivalvula":"","longitud_m":299.757874}},{"type":"Feature","geometry":{"type":"LineString","coordinates":[[-70.72236878516851,7.064676493547402],[-70.72245197323612,7.064447694609991],[-70.7215036310657,7.06406085910095],[-70.72139667497677,7.064292016885704],[-70.72218814842442,7.064650547835239],[-70.7223503209264,7.06470574892958]]},"properties":{"tipo":"TPE3/4","estado":"INSTALADO","barrio":"BELLO HORIZONTE POL 1","polivalvula":"","longitud_m":283.199188}},{"type":"Feature","geometry":{"type":"LineString","coordinates":[[-70.72248049415983,7.064350986097328],[-70.72259220426014,7.064100957972921],[-70.72166287653822,7.063704686424084],[-70.7215487901004,7.063952356111891],[-70.72248049417117,7.064353344290528]]},"properties":{"tipo":"TPE3/4","estado":"INSTALADO","barrio":"BELLO HORIZONTE POL 1","polivalvula":"","longitud_m":284.151337}},{"type":"Feature","geometry":{"type":"LineString","coordinates":[[-70.72230490824568,7.065533258358088],[-70.72202777563506,7.06621939160835]]},"properties":{"tipo":"TPE3/4","estado":"INSTALADO","barrio":"BELLO HORIZONTE POL 1","polivalvula":"","longitud_m":81.826004}},{"type":"Feature","geometry":{"type":"LineString","coordinates":[[-70.72091347237068,7.064355192267326],[-70.72040477393081,7.064148481944627],[-70.72042290074302,7.064113215164097]]},"properties":{"tipo":"TPE3/4","estado":"INSTALADO","barrio":"Urb Torres de COMFIAR","polivalvula":"","longitud_m":65.058029}},{"type":"Feature","geometry":{"type":"LineString","coordinates":[[-70.72236878516851,7.064676493547402],[-70.72231887246654,7.06477084383905]]},"properties":{"tipo":"TPE3/4","estado":"INSTALADO","barrio":"Bello Horizonte","polivalvula":"","longitud_m":11.802033}},{"type":"Feature","geometry":{"type":"LineString","coordinates":[[-70.72248049417117,7.064353344290528],[-70.72245197323612,7.064447694609991]]},"properties":{"tipo":"TPE3/4","estado":"INSTALADO","barrio":"Bello Horizonte","polivalvula":"","longitud_m":10.899906}},{"type":"Feature","geometry":{"type":"LineString","coordinates":[[-70.7230567727241,7.063309131020492],[-70.72298261618533,7.063360079633469],[-70.72278011319027,7.063662944465062],[-70.72259220426014,7.064100957972921]]},"properties":{"tipo":"TPE3/4","estado":"INSTALADO","barrio":"BELLO HORIZONTE POL 1","polivalvula":"","longitud_m":102.925758}},{"type":"Feature","geometry":{"type":"LineString","coordinates":[[-70.72239839529443,7.062684747031908],[-70.72233754952401,7.062612285724986],[-70.72246076299743,7.062538315255915],[-70.722817191422,7.063043062583187],[-70.7230567727241,7.063309131020492]]},"properties":{"tipo":"TPE3/4","estado":"INSTALADO","barrio":"BELLO HORIZONTE POL 1","polivalvula":"","longitud_m":134.234436}},{"type":"Feature","geometry":{"type":"LineString","coordinates":[[-70.72298261618533,7.063360079633469],[-70.7227370465835,7.063073867018391]]},"properties":{"tipo":"TPE3/4","estado":"INSTALADO","barrio":"BELLO HORIZONTE POL 1","polivalvula":"","longitud_m":41.689568}},{"type":"Feature","geometry":{"type":"LineString","coordinates":[[-70.72268117545376,7.06415404523758],[-70.72266311169832,7.064221977840513]]},"properties":{"tipo":"TPE3/4","estado":"INSTALADO","barrio":"Bello Horizonte","polivalvula":"","longitud_m":7.773436}},{"type":"Feature","geometry":{"type":"LineString","coordinates":[[-70.72247715075318,7.064661687256594],[-70.72251670108467,7.064578620896263]]},"properties":{"tipo":"TPE3/4","estado":"INSTALADO","barrio":"Bello Horizonte","polivalvula":"","longitud_m":10.172833}},{"type":"Feature","geometry":{"type":"LineString","coordinates":[[-70.72288692659232,7.063702328313506],[-70.72284279734954,7.063774757661995]]},"properties":{"tipo":"TPE3/4","estado":"INSTALADO","barrio":"Bello Horizonte","polivalvula":"","longitud_m":9.377295}},{"type":"Feature","geometry":{"type":"LineString","coordinates":[[-70.7231837596267,7.063376802228615],[-70.72311543869982,7.063441640425711]]},"properties":{"tipo":"TPE3/4","estado":"INSTALADO","barrio":"Bello Horizonte","polivalvula":"","longitud_m":10.41127}},{"type":"Feature","geometry":{"type":"LineString","coordinates":[[-70.74782414904627,7.069204850873199],[-70.74791298996213,7.069522841950606],[-70.74810693657967,7.069610586892412],[-70.74866025534055,7.069709653119522],[-70.748289735947,7.068765699624484],[-70.7479239409781,7.06870826561571]]},"properties":{"tipo":"TPE3/4","estado":"INSTALADO","barrio":"","polivalvula":"","longitud_m":275.181763}},{"type":"Feature","geometry":{"type":"LineString","coordinates":[[-70.74278984291072,7.062428596412751],[-70.7429077316193,7.062643715581269],[-70.74339830218786,7.062368212260997],[-70.74323097642196,7.062122901235977],[-70.74278984291072,7.062428596412751]]},"properties":{"tipo":"TPE3/4","estado":"INSTALADO","barrio":"","polivalvula":"","longitud_m":181.443817}},{"type":"Feature","geometry":{"type":"LineString","coordinates":[[-70.74295336620399,7.062779580716912],[-70.74313970685776,7.063013570204268],[-70.74356562918464,7.062685230368808],[-70.74340590810081,7.062462562826206],[-70.74295336620399,7.062779580716912]]},"properties":{"tipo":"TPE3/4","estado":"INSTALADO","barrio":"","polivalvula":"","longitud_m":183.866989}},{"type":"Feature","geometry":{"type":"LineString","coordinates":[[-70.74220800284468,7.062889027244115],[-70.74240955465297,7.063134338792812],[-70.74285829392541,7.062817320547917],[-70.74267195348813,7.062568235955941],[-70.74220800284468,7.062889027244115]]},"properties":{"tipo":"TPE3/4","estado":"INSTALADO","barrio":"","polivalvula":"","longitud_m":192.548309}},{"type":"Feature","geometry":{"type":"LineString","coordinates":[[-70.74261871333594,7.063417389606763],[-70.74305984698451,7.0630815019391],[-70.74291533753242,7.062873931102606],[-70.74244378097906,7.063187174179654]]},"properties":{"tipo":"TPE3/4","estado":"INSTALADO","barrio":"","polivalvula":"","longitud_m":151.806778}},{"type":"Feature","geometry":{"type":"LineString","coordinates":[[-70.74244378097906,7.063187174179654],[-70.74261871333594,7.063417389606763]]},"properties":{"tipo":"TPE3/4","estado":"INSTALADO","barrio":"","polivalvula":"","longitud_m":31.96484}},{"type":"Feature","geometry":{"type":"LineString","coordinates":[[-70.74271148595976,7.063514126059558],[-70.74286170169513,7.063728853410231],[-70.74331463977572,7.063417389652485],[-70.7431549185806,7.063194722928934],[-70.74271148595976,7.063514126059558]]},"properties":{"tipo":"TPE3/4","estado":"INSTALADO","barrio":"","polivalvula":"","longitud_m":180.415924}},{"type":"Feature","geometry":{"type":"LineString","coordinates":[[-70.74345452192183,7.062828768530758],[-70.74320353222173,7.063012752426889],[-70.74349445210649,7.063295803595421],[-70.74360603507564,7.063200904518303]]},"properties":{"tipo":"TPE3/4","estado":"INSTALADO","barrio":"","polivalvula":"","longitud_m":95.450752}},{"type":"Feature","geometry":{"type":"LineString","coordinates":[[-70.74428865137456,7.063691526357482],[-70.74422280226042,7.063759049649471],[-70.74417789229726,7.063757050881335]]},"properties":{"tipo":"TPE3/4","estado":"INSTALADO","barrio":"","polivalvula":"","longitud_m":15.392245}},{"type":"Feature","geometry":{"type":"LineString","coordinates":[[-70.74340590810081,7.062462562826206],[-70.74335001798973,7.062395328604448]]},"properties":{"tipo":"TPE3/4","estado":"INSTALADO","barrio":"","polivalvula":"","longitud_m":9.665278}},{"type":"Feature","geometry":{"type":"LineString","coordinates":[[-70.74319689792506,7.062146516668672],[-70.74315617443312,7.062068733846649]]},"properties":{"tipo":"TPE3/4","estado":"INSTALADO","barrio":"","polivalvula":"","longitud_m":9.707803}},{"type":"Feature","geometry":{"type":"LineString","coordinates":[[-70.74302942360816,7.061817204599453],[-70.74296626864006,7.061724194033392]]},"properties":{"tipo":"TPE3/4","estado":"INSTALADO","barrio":"","polivalvula":"","longitud_m":12.42956}},{"type":"Feature","geometry":{"type":"LineString","coordinates":[[-70.74295764513236,7.061610153403858],[-70.74300708246201,7.061698842827573],[-70.74296626864006,7.061724194033392]]},"properties":{"tipo":"TPE3/4","estado":"INSTALADO","barrio":"","polivalvula":"","longitud_m":16.536432}},{"type":"Feature","geometry":{"type":"LineString","coordinates":[[-70.74282834708373,7.061302569858213],[-70.74239814604621,7.061787012758452],[-70.74216249490016,7.061631460042021],[-70.7425988751805,7.061076677317444]]},"properties":{"tipo":"TPE3/4","estado":"INSTALADO","barrio":"","polivalvula":"","longitud_m":180.856995}},{"type":"Feature","geometry":{"type":"LineString","coordinates":[[-70.74199551751055,7.062589513502118],[-70.74205823024093,7.06253492581082],[-70.74241763686184,7.062295139813046],[-70.74248352284744,7.062387726524824],[-70.74256626566616,7.062505738354385]]},"properties":{"tipo":"TPE3/4","estado":"INSTALADO","barrio":"","polivalvula":"","longitud_m":85.436371}},{"type":"Feature","geometry":{"type":"LineString","coordinates":[[-70.74263520896196,7.06259364249311],[-70.74256626566616,7.062505738354385]]},"properties":{"tipo":"TPE3/4","estado":"INSTALADO","barrio":"","polivalvula":"","longitud_m":12.350222}},{"type":"Feature","geometry":{"type":"LineString","coordinates":[[-70.74244378097906,7.063187174179654],[-70.74240955465297,7.063134338792812]]},"properties":{"tipo":"TPE3/4","estado":"INSTALADO","barrio":"","polivalvula":"","longitud_m":6.960043}},{"type":"Feature","geometry":{"type":"LineString","coordinates":[[-70.74271148595976,7.063514126059558],[-70.74261871333594,7.063417389606763]]},"properties":{"tipo":"TPE3/4","estado":"INSTALADO","barrio":"","polivalvula":"","longitud_m":14.815928}},{"type":"Feature","geometry":{"type":"LineString","coordinates":[[-70.74305041066924,7.066409495032507],[-70.74301000466814,7.066444876085577]]},"properties":{"tipo":"TPE3/4","estado":"INSTALADO","barrio":"","polivalvula":"","longitud_m":5.936248}},{"type":"Feature","geometry":{"type":"LineString","coordinates":[[-70.74346399863104,7.066040568991096],[-70.74343545124141,7.066081628925954]]},"properties":{"tipo":"TPE3/4","estado":"INSTALADO","barrio":"","polivalvula":"","longitud_m":5.528795}},{"type":"Feature","geometry":{"type":"LineString","coordinates":[[-70.74242064899751,7.066422478577541],[-70.74234212513227,7.066359960634006]]},"properties":{"tipo":"TPE3/4","estado":"INSTALADO","barrio":"","polivalvula":"","longitud_m":11.093558}},{"type":"Feature","geometry":{"type":"LineString","coordinates":[[-70.74366124694096,7.064965941557145],[-70.74361608810092,7.064906972352333]]},"properties":{"tipo":"TPE3/4","estado":"INSTALADO","barrio":"","polivalvula":"","longitud_m":8.211173}},{"type":"Feature","geometry":{"type":"LineString","coordinates":[[-70.74339446083977,7.062817183180423],[-70.7434239416385,7.062851184778165]]},"properties":{"tipo":"TPE3/4","estado":"INSTALADO","barrio":"","polivalvula":"","longitud_m":4.974823}},{"type":"Feature","geometry":{"type":"LineString","coordinates":[[-70.74461000160427,7.066075181971201],[-70.74458439550074,7.066020773216821]]},"properties":{"tipo":"TPE3/4","estado":"INSTALADO","barrio":"","polivalvula":"","longitud_m":6.649076}},{"type":"Feature","geometry":{"type":"LineString","coordinates":[[-70.74680337299898,7.066108518926503],[-70.74604482769506,7.065112943369551],[-70.74566263838997,7.065285603995244],[-70.74609616667165,7.066219667698575],[-70.74680337299898,7.066108518926503]]},"properties":{"tipo":"TPE3/4","estado":"INSTALADO","barrio":"","polivalvula":"","longitud_m":377.670227}},{"type":"Feature","geometry":{"type":"LineString","coordinates":[[-70.73258063475939,7.070246690466995],[-70.73253657281971,7.070242888172063]]},"properties":{"tipo":"TPE3/4","estado":"INSTALADO","barrio":"Mata de Venado","polivalvula":"","longitud_m":4.886118}},{"type":"Feature","geometry":{"type":"LineString","coordinates":[[-70.72441348802332,7.067558548862668],[-70.72457858655497,7.067559728209618]]},"properties":{"tipo":"TPE3/4","estado":"INSTALADO","barrio":"Piquetierra","polivalvula":"","longitud_m":18.240772}},{"type":"Feature","geometry":{"type":"LineString","coordinates":[[-70.72251201570664,7.067027926325085],[-70.72256931101757,7.067014054987035]]},"properties":{"tipo":"TPE3/4","estado":"INSTALADO","barrio":"","polivalvula":"","longitud_m":6.513309}},{"type":"Feature","geometry":{"type":"LineString","coordinates":[[-70.7235557052229,7.068189813582807],[-70.72350555472397,7.068238404185293]]},"properties":{"tipo":"TPE3/4","estado":"INSTALADO","barrio":"Piquetierra","polivalvula":"","longitud_m":7.718603}},{"type":"Feature","geometry":{"type":"LineString","coordinates":[[-70.72546783806439,7.068261048169648],[-70.7255083430527,7.068173294825943]]},"properties":{"tipo":"TPE3/4","estado":"INSTALADO","barrio":"Piquetierra","polivalvula":"","longitud_m":10.686975}},{"type":"Feature","geometry":{"type":"LineString","coordinates":[[-70.73542393524205,7.069868682093344],[-70.73545853702112,7.069598852310513]]},"properties":{"tipo":"TPE4","estado":"INSTALADO","barrio":"","polivalvula":"","longitud_m":30.085165}},{"type":"Feature","geometry":{"type":"LineString","coordinates":[[-70.73545435819173,7.069870568919845],[-70.73549548563295,7.069606134860316]]},"properties":{"tipo":"TPE4","estado":"INSTALADO","barrio":"","polivalvula":"","longitud_m":29.595453}},{"type":"Feature","geometry":{"type":"LineString","coordinates":[[-70.77622413104353,7.071533953686152],[-70.77622553645517,7.071257808626966],[-70.77554867850557,7.071232447426214],[-70.77554531831063,7.071533953655133]]},"properties":{"tipo":"TPE3/4","estado":"INSTALADO","barrio":"Urb Maria Emilia","polivalvula":"A005","longitud_m":138.718216}},{"type":"Feature","geometry":{"type":"LineString","coordinates":[[-70.7623162746339,7.094798490592034],[-70.76232768285792,7.09472773245774]]},"properties":{"tipo":"TPE3/4","estado":"INSTALADO","barrio":"LIBERTADORES","polivalvula":"","longitud_m":7.926187}},{"type":"Feature","geometry":{"type":"LineString","coordinates":[[-70.76070503675915,7.095857134318004],[-70.76059733784945,7.095843210924445]]},"properties":{"tipo":"TPE3/4","estado":"INSTALADO","barrio":"LIBERTADORES","polivalvula":"","longitud_m":11.997179}},{"type":"Feature","geometry":{"type":"LineString","coordinates":[[-70.7512669757322,7.086926675521305],[-70.75125979385965,7.086824059038228]]},"properties":{"tipo":"TPE3/4","estado":"INSTALADO","barrio":"LA UNION","polivalvula":"miguel","longitud_m":11.376362}},{"type":"Feature","geometry":{"type":"LineString","coordinates":[[-70.75023962404782,7.086041549759642],[-70.75014346700148,7.086051885081251]]},"properties":{"tipo":"TPE3/4","estado":"INSTALADO","barrio":"","polivalvula":"","longitud_m":10.684423}},{"type":"Feature","geometry":{"type":"LineString","coordinates":[[-70.77463452898671,7.071569193938277],[-70.77463034613237,7.071866815973771]]},"properties":{"tipo":"TPE3/4","estado":"INSTALADO","barrio":"Urb Maria Emilia","polivalvula":"A005","longitud_m":32.918049}},{"type":"Feature","geometry":{"type":"LineString","coordinates":[[-70.77507588316901,7.071218174182208],[-70.77465305467766,7.071207700825547]]},"properties":{"tipo":"TPE3/4","estado":"INSTALADO","barrio":"Urb Maria Emilia","polivalvula":"A007","longitud_m":46.728413}},{"type":"Feature","geometry":{"type":"LineString","coordinates":[[-70.77622125558733,7.071171899566067],[-70.77622553645517,7.071257808626966]]},"properties":{"tipo":"TPE3/4","estado":"INSTALADO","barrio":"Urb Maria Emilia","polivalvula":"A005","longitud_m":9.512672}},{"type":"Feature","geometry":{"type":"LineString","coordinates":[[-70.77624699981725,7.070453550756268],[-70.77553869235788,7.070450114664571]]},"properties":{"tipo":"TPE3/4","estado":"INSTALADO","barrio":"","polivalvula":"A005","longitud_m":78.254791}},{"type":"Feature","geometry":{"type":"LineString","coordinates":[[-70.77471285456596,7.0704114595458],[-70.77543353626285,7.070436914522358]]},"properties":{"tipo":"TPE3/4","estado":"INSTALADO","barrio":"","polivalvula":"A005","longitud_m":79.670738}},{"type":"Feature","geometry":{"type":"LineString","coordinates":[[-70.77471874125561,7.07012980078362],[-70.77471285456596,7.0704114595458]]},"properties":{"tipo":"TPE3/4","estado":"INSTALADO","barrio":"","polivalvula":"A005","longitud_m":31.156172}},{"type":"Feature","geometry":{"type":"LineString","coordinates":[[-70.77542863251165,7.070503330795417],[-70.77543315802389,7.070792038392806]]},"properties":{"tipo":"TPE3/4","estado":"INSTALADO","barrio":"","polivalvula":"A005","longitud_m":31.932846}},{"type":"Feature","geometry":{"type":"LineString","coordinates":[[-70.77481840684247,7.074762099719218],[-70.77505371000821,7.075000329060249]]},"properties":{"tipo":"TPE3/4","estado":"INSTALADO","barrio":"Primero de Enero","polivalvula":"AA009","longitud_m":37.012554}},{"type":"Feature","geometry":{"type":"LineString","coordinates":[[-70.77452568392391,7.074890526423986],[-70.77379760665352,7.074128312451247]]},"properties":{"tipo":"TPE3/4","estado":"INSTALADO","barrio":"Doce de Octubre","polivalvula":"","longitud_m":116.515488}},{"type":"Feature","geometry":{"type":"LineString","coordinates":[[-70.77190439387869,7.073044518306789],[-70.7715669583848,7.073062412822131],[-70.77154255240677,7.072548925964897]]},"properties":{"tipo":"TPE3/4","estado":"INSTALADO","barrio":"","polivalvula":"","longitud_m":94.184059}},{"type":"Feature","geometry":{"type":"LineString","coordinates":[[-70.77193773942622,7.072613550410993],[-70.77199478240429,7.073022786823194],[-70.77190439387869,7.073044518306789]]},"properties":{"tipo":"TPE3/4","estado":"INSTALADO","barrio":"","polivalvula":"","longitud_m":55.966427}},{"type":"Feature","geometry":{"type":"LineString","coordinates":[[-70.77629238638491,7.068457759186344],[-70.77629189687072,7.068689519437445]]},"properties":{"tipo":"TPE3/4","estado":"INSTALADO","barrio":"Senderos de Playitas","polivalvula":"AA002","longitud_m":25.631027}},{"type":"Feature","geometry":{"type":"LineString","coordinates":[[-70.77432143822583,7.072646328901309],[-70.77439250717232,7.072607935880323],[-70.77461432571579,7.072874419822918],[-70.77537642195158,7.072657041267956]]},"properties":{"tipo":"TPE3/4","estado":"INSTALADO","barrio":"","polivalvula":"AA008","longitud_m":134.816162}},{"type":"Feature","geometry":{"type":"LineString","coordinates":[[-70.77622413104353,7.071533953686152],[-70.77554531831063,7.071533953655133]]},"properties":{"tipo":"TPE3/4","estado":"INSTALADO","barrio":"Urb Maria Emilia","polivalvula":"A005","longitud_m":74.995117}},{"type":"Feature","geometry":{"type":"LineString","coordinates":[[-70.77464938702744,7.071282760416967],[-70.77460470198798,7.071282729558602]]},"properties":{"tipo":"TPE3/4","estado":"INSTALADO","barrio":"","polivalvula":"A007","longitud_m":4.9368}},{"type":"Feature","geometry":{"type":"LineString","coordinates":[[-70.77467081806857,7.070953417808219],[-70.77462493088765,7.07094944106191]]},"properties":{"tipo":"TPE3/4","estado":"INSTALADO","barrio":"","polivalvula":"A006","longitud_m":5.088656}},{"type":"Feature","geometry":{"type":"LineString","coordinates":[[-70.77507588316901,7.071218174182208],[-70.77506979963853,7.071489622369327]]},"properties":{"tipo":"TPE3/4","estado":"INSTALADO","barrio":"Urb Maria Emilia","polivalvula":"A007","longitud_m":30.027693}},{"type":"Feature","geometry":{"type":"LineString","coordinates":[[-70.77469013450016,7.070618761528404],[-70.77464448339025,7.070617876465413]]},"properties":{"tipo":"TPE3/4","estado":"INSTALADO","barrio":"","polivalvula":"A005","longitud_m":5.044487}},{"type":"Feature","geometry":{"type":"LineString","coordinates":[[-70.77471950702898,7.070481453175632],[-70.77471285456596,7.0704114595458]]},"properties":{"tipo":"TPE3/4","estado":"INSTALADO","barrio":"","polivalvula":"A005","longitud_m":7.775593}},{"type":"Feature","geometry":{"type":"LineString","coordinates":[[-70.77541665654468,7.071147060477688],[-70.77542112157897,7.070878226227151]]},"properties":{"tipo":"TPE3/4","estado":"INSTALADO","barrio":"Urb Maria Emilia","polivalvula":"A006","longitud_m":29.735178}},{"type":"Feature","geometry":{"type":"LineString","coordinates":[[-70.77624246593422,7.070897859673304],[-70.77624699981725,7.070453550756268]]},"properties":{"tipo":"TPE3/4","estado":"INSTALADO","barrio":"Senderos de Playitas","polivalvula":"A005","longitud_m":49.139839}},{"type":"Feature","geometry":{"type":"LineString","coordinates":[[-70.77620131420386,7.071533953397489],[-70.77619895889367,7.071608174743322]]},"properties":{"tipo":"TPE3/4","estado":"INSTALADO","barrio":"Urb Maria Emilia","polivalvula":"A005","longitud_m":8.212457}},{"type":"Feature","geometry":{"type":"LineString","coordinates":[[-70.77621242358303,7.071608509874837],[-70.77553149829666,7.071591543485033]]},"properties":{"tipo":"TPE3/4","estado":"INSTALADO","barrio":"Urb Maria Emilia","polivalvula":"A005","longitud_m":75.2519}},{"type":"Feature","geometry":{"type":"LineString","coordinates":[[-70.77207899076643,7.07368952379488],[-70.77231862975377,7.073596403437829],[-70.77244066009669,7.073513201174103],[-70.77249557606254,7.073470699049732],[-70.77279009565197,7.073303064209215]]},"properties":{"tipo":"TPE3/4","estado":"INSTALADO","barrio":"Doce de Octubre","polivalvula":"","longitud_m":89.854347}},{"type":"Feature","geometry":{"type":"LineString","coordinates":[[-70.74557457130524,7.070919815225665],[-70.74559793151714,7.070711321221077],[-70.74701541261133,7.070388471672759],[-70.74693224607834,7.069627941586087],[-70.74423490368382,7.068753109116796],[-70.74428243933022,7.068536105701327],[-70.74433966291237,7.068518289228367],[-70.74445755227613,7.068433375274239],[-70.74447846844014,7.06839752264205],[-70.74453551156665,7.067965401891007],[-70.74459971362721,7.067956464353598],[-70.74456927984033,7.067231232474178],[-70.74458742707276,7.06653900393052],[-70.7446137789417,7.066082448244721]]},"properties":{"tipo":"TPE2","estado":"INSTALADO","barrio":"Flor de mi llano","polivalvula":"","longitud_m":896.384216}},{"type":"Feature","geometry":{"type":"LineString","coordinates":[[-70.73305212868762,7.069342181295503],[-70.73306750126304,7.069269168175048],[-70.73473125935274,7.069509758085056],[-70.73495705422395,7.06953334512223],[-70.735275545243,7.069566367815392],[-70.73541339993233,7.069589955146137],[-70.73577816106068,7.069661853880059]]},"properties":{"tipo":"TPE4","estado":"INSTALADO","barrio":"Mata de Venado","polivalvula":"","longitud_m":310.966766}},{"type":"Feature","geometry":{"type":"LineString","coordinates":[[-70.73206079966873,7.069559226093443],[-70.73210874836215,7.069266641097307],[-70.73288263311248,7.069345894379824]]},"properties":{"tipo":"TPE3/4","estado":"INSTALADO","barrio":"Mata de Venado","polivalvula":"","longitud_m":118.736153}},{"type":"Feature","geometry":{"type":"LineString","coordinates":[[-70.73233113370543,7.069911594994434],[-70.73231211935527,7.070156901912334]]},"properties":{"tipo":"TPE3/4","estado":"INSTALADO","barrio":"Mata de Venado","polivalvula":"","longitud_m":27.210461}},{"type":"Feature","geometry":{"type":"LineString","coordinates":[[-70.73095419166245,7.069797064073264],[-70.73094546130855,7.069746483888397]]},"properties":{"tipo":"TPE3/4","estado":"INSTALADO","barrio":"Mata de Venado","polivalvula":"","longitud_m":5.676367}},{"type":"Feature","geometry":{"type":"LineString","coordinates":[[-70.730912743931,7.06979310895063],[-70.73166800724358,7.069854984964887]]},"properties":{"tipo":"TPE3/4","estado":"INSTALADO","barrio":"Mata de Venado","polivalvula":"","longitud_m":83.72216}},{"type":"Feature","geometry":{"type":"LineString","coordinates":[[-70.73015174844497,7.06948793646009],[-70.73083098186311,7.069542140011555]]},"properties":{"tipo":"TPE3/4","estado":"INSTALADO","barrio":"Mata de Venado","polivalvula":"","longitud_m":75.281303}},{"type":"Feature","geometry":{"type":"LineString","coordinates":[[-70.7308277243951,7.069728974786838],[-70.73083098186311,7.069542140011555]]},"properties":{"tipo":"TPE3/4","estado":"INSTALADO","barrio":"Mata de Venado","polivalvula":"","longitud_m":20.665771}},{"type":"Feature","geometry":{"type":"LineString","coordinates":[[-70.73082424475461,7.069791299790213],[-70.7308277243951,7.069728974786838]]},"properties":{"tipo":"TPE3/4","estado":"INSTALADO","barrio":"Mata de Venado","polivalvula":"","longitud_m":6.903428}},{"type":"Feature","geometry":{"type":"LineString","coordinates":[[-70.73013277366181,7.069796316834347],[-70.73013259631993,7.069744125372432]]},"properties":{"tipo":"TPE3/4","estado":"INSTALADO","barrio":"Mata de Venado","polivalvula":"","longitud_m":5.772049}},{"type":"Feature","geometry":{"type":"LineString","coordinates":[[-70.73013277366181,7.069796316834347],[-70.73082186756244,7.06985970284765]]},"properties":{"tipo":"TPE3/4","estado":"INSTALADO","barrio":"Mata de Venado","polivalvula":"","longitud_m":76.453651}},{"type":"Feature","geometry":{"type":"LineString","coordinates":[[-70.73065948554769,7.070299927836103],[-70.73080998386025,7.070140390604465]]},"properties":{"tipo":"TPE3/4","estado":"INSTALADO","barrio":"Mata de Venado","polivalvula":"","longitud_m":24.24382}},{"type":"Feature","geometry":{"type":"LineString","coordinates":[[-70.73065948554769,7.070299927836103],[-70.73062497074606,7.070336515645596]]},"properties":{"tipo":"TPE3/4","estado":"INSTALADO","barrio":"Mata de Venado","polivalvula":"","longitud_m":5.560004}},{"type":"Feature","geometry":{"type":"LineString","coordinates":[[-70.73050811786416,7.070480535304118],[-70.73062497074606,7.070336515645596]]},"properties":{"tipo":"TPE3/4","estado":"INSTALADO","barrio":"Mata de Venado","polivalvula":"","longitud_m":20.502569}},{"type":"Feature","geometry":{"type":"LineString","coordinates":[[-70.73080998386025,7.070140390604465],[-70.73080285306928,7.070093215980494]]},"properties":{"tipo":"TPE3/4","estado":"INSTALADO","barrio":"Mata de Venado","polivalvula":"","longitud_m":5.276334}},{"type":"Feature","geometry":{"type":"LineString","coordinates":[[-70.7328136239857,7.070201718090253],[-70.73238825708762,7.070163705569064],[-70.73231211935527,7.070156901912334]]},"properties":{"tipo":"TPE3/4","estado":"INSTALADO","barrio":"Mata de Venado","polivalvula":"","longitud_m":55.627785}},{"type":"Feature","geometry":{"type":"LineString","coordinates":[[-70.73202567683572,7.069556748726542],[-70.73206273335991,7.069262678172473],[-70.7318031871598,7.069234373637962]]},"properties":{"tipo":"TPE3/4","estado":"INSTALADO","barrio":"Mata de Venado","polivalvula":"","longitud_m":61.624081}},{"type":"Feature","geometry":{"type":"LineString","coordinates":[[-70.73258063475939,7.070246690466995],[-70.7328408965691,7.070266552461728],[-70.73280286808495,7.070664704850389]]},"properties":{"tipo":"TPE3/4","estado":"INSTALADO","barrio":"Mata de Venado","polivalvula":"","longitud_m":73.070549}},{"type":"Feature","geometry":{"type":"LineString","coordinates":[[-70.73255902240761,7.070477850824697],[-70.73252335693869,7.070472232748479]]},"properties":{"tipo":"TPE3/4","estado":"INSTALADO","barrio":"Mata de Venado","polivalvula":"","longitud_m":3.989025}},{"type":"Feature","geometry":{"type":"LineString","coordinates":[[-70.7449462662148,7.063976550204896],[-70.74517224833129,7.06418901337641],[-70.74526639869153,7.064252308759071],[-70.74548810812318,7.064535630444957],[-70.74556015464991,7.064639320409666],[-70.7442681978933,7.065605833557973],[-70.7446137789417,7.066082448244721]]},"properties":{"tipo":"TPE2","estado":"INSTALADO","barrio":"Flor de mi llano","polivalvula":"","longitud_m":343.962769}},{"type":"Feature","geometry":{"type":"LineString","coordinates":[[-70.75929847726205,7.063841628405066],[-70.75913606888187,7.064383751180918],[-70.75912245935969,7.064426127131357],[-70.75887108806238,7.065072837850142],[-70.75881334240304,7.065291280166793]]},"properties":{"tipo":"TPE2","estado":"INSTALADO","barrio":"LA GRANJA","polivalvula":"","longitud_m":169.214645}},{"type":"Feature","geometry":{"type":"LineString","coordinates":[[-70.73064850712443,7.07008638821657],[-70.73080285306928,7.070093215980494]]},"properties":{"tipo":"TPE3/4","estado":"INSTALADO","barrio":"","polivalvula":"","longitud_m":17.068953}},{"type":"Feature","geometry":{"type":"LineString","coordinates":[[-70.73013277366181,7.069796316834347],[-70.73015413332926,7.070063744599757],[-70.73034427730208,7.070074311908362],[-70.73049862323424,7.070081138868426]]},"properties":{"tipo":"TPE3/4","estado":"INSTALADO","barrio":"","polivalvula":"","longitud_m":67.778328}},{"type":"Feature","geometry":{"type":"LineString","coordinates":[[-70.73238383538853,7.070229708245266],[-70.73238825708762,7.070163705569064]]},"properties":{"tipo":"TPE3/4","estado":"INSTALADO","barrio":"Mata de Venado","polivalvula":"","longitud_m":7.315768}},{"type":"Feature","geometry":{"type":"LineString","coordinates":[[-70.73123974613054,7.069319839555949],[-70.73116621730762,7.069467195601391]]},"properties":{"tipo":"TPE3/4","estado":"INSTALADO","barrio":"Mata de Venado","polivalvula":"","longitud_m":18.209051}},{"type":"Feature","geometry":{"type":"LineString","coordinates":[[-70.73210874836215,7.069266641097307],[-70.73206273335991,7.069262678172473]]},"properties":{"tipo":"TPE3/4","estado":"INSTALADO","barrio":"Mata de Venado","polivalvula":"","longitud_m":5.102633}},{"type":"Feature","geometry":{"type":"LineString","coordinates":[[-70.73211975577121,7.069267768674703],[-70.73212045982973,7.069256982805089]]},"properties":{"tipo":"TPE3/4","estado":"INSTALADO","barrio":"Mata de Venado","polivalvula":"","longitud_m":1.195376}},{"type":"Feature","geometry":{"type":"LineString","coordinates":[[-70.74562670068065,7.070925301173181],[-70.74445913770501,7.070802429489579],[-70.74391608736325,7.070754122923887],[-70.7433958536977,7.07069222995795],[-70.74318593508808,7.07067562534781],[-70.74304446812047,7.070646942429335],[-70.7426094187204,7.070595616734776],[-70.74202986039953,7.070523157245441],[-70.74129514475793,7.070426543799494],[-70.74100612613165,7.070390313885142],[-70.74033682024977,7.070283133389172],[-70.73997174480387,7.070240865502584],[-70.7398196291719,7.070227278843707],[-70.73955494952278,7.070201616076614],[-70.73943477790432,7.070203125749927],[-70.73934655184517,7.070249922751901],[-70.73928023909365,7.070295540268837],[-70.73922319540208,7.070369132825856],[-70.73914219451721,7.070531035462128],[-70.73909656036074,7.070609156464256],[-70.73902240380534,7.07069180585427],[-70.73889120507842,7.070782380829837],[-70.73884344324435,7.070800342736161]]},"properties":{"tipo":"TPE3","estado":"INSTALADO","barrio":"","polivalvula":"","longitud_m":784.815918}},{"type":"Feature","geometry":{"type":"LineString","coordinates":[[-70.74538976679051,7.073767325041526],[-70.7451444772176,7.073664705900364]]},"properties":{"tipo":"TPE3/4","estado":"INSTALADO","barrio":"Urb Torres del Castillo","polivalvula":"","longitud_m":29.379955}},{"type":"Feature","geometry":{"type":"LineString","coordinates":[[-70.74554043147616,7.07339127458815],[-70.7453015670038,7.073292127786962]]},"properties":{"tipo":"TPE3/4","estado":"INSTALADO","barrio":"Urb Torres del Castillo","polivalvula":"","longitud_m":28.577003}},{"type":"Feature","geometry":{"type":"LineString","coordinates":[[-70.74460388489602,7.067955884112786],[-70.74468092622016,7.067959663600934],[-70.74569058988871,7.06785399236277],[-70.74642454439916,7.067763416190031],[-70.7462553163837,7.067116178413553],[-70.74459388343114,7.067473657089198]]},"properties":{"tipo":"TPE3/4","estado":"INSTALADO","barrio":"","polivalvula":"","longitud_m":464.133118}},{"type":"Feature","geometry":{"type":"LineString","coordinates":[[-70.74640553041696,7.067840782883935],[-70.74639272165572,7.067767343206447]]},"properties":{"tipo":"TPE3/4","estado":"INSTALADO","barrio":"","polivalvula":"","longitud_m":8.244269}},{"type":"Feature","geometry":{"type":"LineString","coordinates":[[-70.74518100382822,7.067984194659773],[-70.74544530391798,7.067952115132652],[-70.74582939424397,7.067914375314226],[-70.74640553041696,7.067840782883935]]},"properties":{"tipo":"TPE3/4","estado":"INSTALADO","barrio":"","polivalvula":"","longitud_m":136.224655}},{"type":"Feature","geometry":{"type":"LineString","coordinates":[[-70.7464606717603,7.069261683683861],[-70.74659187114194,7.069027697632564],[-70.74662799805449,7.068889947704459],[-70.74663560448103,7.068793711839374],[-70.74661088588581,7.068537081959195],[-70.74655194059132,7.068225728960067],[-70.7464872920418,7.06796155034216],[-70.7464454607413,7.067831348612811],[-70.74640553041696,7.067840782883935]]},"properties":{"tipo":"TPE3/4","estado":"INSTALADO","barrio":"","polivalvula":"","longitud_m":169.373978}},{"type":"Feature","geometry":{"type":"LineString","coordinates":[[-70.74654110254569,7.067816063828134],[-70.74731974167209,7.0676971834065],[-70.74754791435168,7.068520853690606],[-70.7466693802078,7.068358914019435],[-70.74654110254569,7.067816063828134]]},"properties":{"tipo":"TPE3/4","estado":"INSTALADO","barrio":"","polivalvula":"","longitud_m":341.924744}},{"type":"Feature","geometry":{"type":"LineString","coordinates":[[-70.7476044990351,7.068914890169367],[-70.74754745636484,7.068631842425959],[-70.74667230161353,7.068421786318716],[-70.74669797106765,7.0686765297717],[-70.74668941519738,7.068885985622227],[-70.74662951969172,7.069137897806972],[-70.74655536345252,7.069330370175158],[-70.74695466529384,7.069454911107912],[-70.74729362652273,7.069441654166069]]},"properties":{"tipo":"TPE3/4","estado":"INSTALADO","barrio":"","polivalvula":"","longitud_m":318.005157}},{"type":"Feature","geometry":{"type":"LineString","coordinates":[[-70.74791584195687,7.067872673523334],[-70.74821531854982,7.068645394277587],[-70.74764773915552,7.068543497233109],[-70.7476021051394,7.068359516384644]]},"properties":{"tipo":"TPE3/4","estado":"INSTALADO","barrio":"","polivalvula":"","longitud_m":176.312378}},{"type":"Feature","geometry":{"type":"LineString","coordinates":[[-70.74765914797163,7.067547167193684],[-70.74650402504166,7.067748131687729],[-70.74633859946566,7.06708296781609],[-70.74695466582554,7.066913138232663],[-70.74728836757518,7.066839545383849],[-70.74765914797163,7.067547167193684]]},"properties":{"tipo":"TPE3/4","estado":"INSTALADO","barrio":"","polivalvula":"","longitud_m":402.032959}},{"type":"Feature","geometry":{"type":"LineString","coordinates":[[-70.746723552598,7.066229082182612],[-70.74688513518385,7.066210416203072],[-70.746958086837,7.066325096470162]]},"properties":{"tipo":"TPE3/4","estado":"INSTALADO","barrio":"","polivalvula":"","longitud_m":32.997952}},{"type":"Feature","geometry":{"type":"LineString","coordinates":[[-70.74459286763779,7.067424658647312],[-70.74624162595997,7.067026358209362]]},"properties":{"tipo":"TPE3/4","estado":"INSTALADO","barrio":"","polivalvula":"","longitud_m":187.407089}},{"type":"Feature","geometry":{"type":"LineString","coordinates":[[-70.74491537353558,7.066828224002631],[-70.74511217235765,7.066746139376018],[-70.74565123006622,7.066638580676833],[-70.74611613123899,7.066516870079585],[-70.74605908797216,7.066307413711307],[-70.74459469521686,7.066508718750786]]},"properties":{"tipo":"TPE3/4","estado":"INSTALADO","barrio":"","polivalvula":"","longitud_m":324.710144}},{"type":"Feature","geometry":{"type":"LineString","coordinates":[[-70.74624162595997,7.067026358209362],[-70.74613514572694,7.066573479458839]]},"properties":{"tipo":"TPE3/4","estado":"INSTALADO","barrio":"","polivalvula":"","longitud_m":51.448215}},{"type":"Feature","geometry":{"type":"LineString","coordinates":[[-70.74497526887956,7.066947104374838],[-70.74545823393522,7.066816901371121],[-70.74545443068874,7.066758404851091],[-70.74563126444025,7.06670745606189],[-70.74594880502006,7.066622541815386],[-70.74613514572694,7.066573479458839]]},"properties":{"tipo":"TPE3/4","estado":"INSTALADO","barrio":"","polivalvula":"","longitud_m":139.691101}},{"type":"Feature","geometry":{"type":"LineString","coordinates":[[-70.7454724949459,7.066312445126657],[-70.74537195611535,7.066095204950108],[-70.74520938289253,7.065891409658028],[-70.74507247945311,7.065769697562808],[-70.74542899903985,7.0654866486049],[-70.74562865037034,7.065364936626304],[-70.74599063610908,7.06620394338233],[-70.7454724949459,7.066312445126657]]},"properties":{"tipo":"TPE3/4","estado":"INSTALADO","barrio":"","polivalvula":"","longitud_m":311.218292}},{"type":"Feature","geometry":{"type":"LineString","coordinates":[[-70.74461000125152,7.066437484603357],[-70.74541188644933,7.066307492058301],[-70.74529494832176,7.066086713737792]]},"properties":{"tipo":"TPE3/4","estado":"INSTALADO","barrio":"","polivalvula":"","longitud_m":117.376137}},{"type":"Feature","geometry":{"type":"LineString","coordinates":[[-70.74461000160427,7.066075181971201],[-70.74485856775956,7.065948019384169],[-70.74503825382631,7.065817816395579],[-70.74529494832176,7.066086713737792]]},"properties":{"tipo":"TPE3/4","estado":"INSTALADO","barrio":"","polivalvula":"","longitud_m":96.471016}},{"type":"Feature","geometry":{"type":"LineString","coordinates":[[-70.74559691123918,7.064633829039008],[-70.74588819620887,7.064951684201275],[-70.74546419893134,7.065256559422122],[-70.74541188646488,7.06529417467813],[-70.74458439550074,7.066020773216821]]},"properties":{"tipo":"TPE3/4","estado":"INSTALADO","barrio":"","polivalvula":"","longitud_m":234.214249}},{"type":"Feature","geometry":{"type":"LineString","coordinates":[[-70.74667230161353,7.068421786318716],[-70.74658835396387,7.068418068259948]]},"properties":{"tipo":"TPE3/4","estado":"INSTALADO","barrio":"","polivalvula":"","longitud_m":9.283721}},{"type":"Feature","geometry":{"type":"LineString","coordinates":[[-70.74633859946566,7.06708296781609],[-70.7462553163837,7.067116178413553]]},"properties":{"tipo":"TPE3/4","estado":"INSTALADO","barrio":"","polivalvula":"","longitud_m":9.907181}},{"type":"Feature","geometry":{"type":"LineString","coordinates":[[-70.7479800313795,7.068717072569207],[-70.74797975912072,7.068603104820816]]},"properties":{"tipo":"TPE3/4","estado":"INSTALADO","barrio":"","polivalvula":"","longitud_m":12.60406}},{"type":"Feature","geometry":{"type":"LineString","coordinates":[[-70.74751561497983,7.06840425731691],[-70.74761379862221,7.06840665970278]]},"properties":{"tipo":"TPE3/4","estado":"INSTALADO","barrio":"","polivalvula":"","longitud_m":10.850668}},{"type":"Feature","geometry":{"type":"LineString","coordinates":[[-70.74671503294806,7.068432042441527],[-70.74671179918819,7.068366733055075]]},"properties":{"tipo":"TPE3/4","estado":"INSTALADO","barrio":"","polivalvula":"","longitud_m":7.231586}},{"type":"Feature","geometry":{"type":"LineString","coordinates":[[-70.74630152195935,7.067003713956991],[-70.74624162595997,7.067026358209362]]},"properties":{"tipo":"TPE3/4","estado":"INSTALADO","barrio":"","polivalvula":"","longitud_m":7.075397}},{"type":"Feature","geometry":{"type":"LineString","coordinates":[[-70.74688513518385,7.066210416203072],[-70.74680337299898,7.066108518926503]]},"properties":{"tipo":"TPE3/4","estado":"INSTALADO","barrio":"","polivalvula":"","longitud_m":14.442704}},{"type":"Feature","geometry":{"type":"LineString","coordinates":[[-70.74625828156407,7.066879772915365],[-70.74630152195935,7.067003713956991],[-70.74646648923205,7.066950534758617]]},"properties":{"tipo":"TPE3/4","estado":"INSTALADO","barrio":"","polivalvula":"","longitud_m":33.666843}},{"type":"Feature","geometry":{"type":"LineString","coordinates":[[-70.74604482769506,7.065112943369551],[-70.74588819620887,7.064951684201275]]},"properties":{"tipo":"TPE3/4","estado":"INSTALADO","barrio":"","polivalvula":"","longitud_m":24.849865}},{"type":"Feature","geometry":{"type":"LineString","coordinates":[[-70.74507247945311,7.065769697562808],[-70.74503825382631,7.065817816395579]]},"properties":{"tipo":"TPE3/4","estado":"INSTALADO","barrio":"","polivalvula":"","longitud_m":6.528222}},{"type":"Feature","geometry":{"type":"LineString","coordinates":[[-70.73179647638038,7.06922356599279],[-70.73162041414356,7.069180986034559],[-70.73158333616048,7.069155511167139],[-70.7314863626783,7.069104562567325],[-70.731358015789,7.069067766942512],[-70.73114980801857,7.069013987730583],[-70.7308750450368,7.068967316702571],[-70.73077047086015,7.068946055847825],[-70.7306314079063,7.068938783741706]]},"properties":{"tipo":"TPE3","estado":"INSTALADO","barrio":"Mata de Venado","polivalvula":"","longitud_m":133.568726}},{"type":"Feature","geometry":{"type":"LineString","coordinates":[[-70.74696324608438,7.073556810625739],[-70.74659959594952,7.073339809763255],[-70.74613374333357,7.073082710763625]]},"properties":{"tipo":"TPE3/4","estado":"INSTALADO","barrio":"San Carlos","polivalvula":"","longitud_m":105.597054}},{"type":"Feature","geometry":{"type":"LineString","coordinates":[[-70.74620504766142,7.073245461777766],[-70.74568062085862,7.072917348680519]]},"properties":{"tipo":"TPE3/4","estado":"INSTALADO","barrio":"","polivalvula":"","longitud_m":68.363899}},{"type":"Feature","geometry":{"type":"LineString","coordinates":[[-70.74633577097046,7.073323298419784],[-70.74620504766142,7.073245461777766]]},"properties":{"tipo":"TPE3/4","estado":"INSTALADO","barrio":"San Carlos","polivalvula":"","longitud_m":16.813095}},{"type":"Feature","geometry":{"type":"LineString","coordinates":[[-70.74670655123823,7.073889388389465],[-70.74636191571048,7.073547375659465],[-70.74630487312866,7.073474256279108],[-70.74630487286451,7.073420005970065],[-70.74631675675182,7.073375190574107],[-70.74633577097046,7.073323298419784]]},"properties":{"tipo":"TPE3/4","estado":"INSTALADO","barrio":"San Carlos","polivalvula":"","longitud_m":81.15966}},{"type":"Feature","geometry":{"type":"LineString","coordinates":[[-70.74607578655916,7.073164587972089],[-70.74613374333357,7.073082710763625]]},"properties":{"tipo":"TPE3/4","estado":"INSTALADO","barrio":"","polivalvula":"","longitud_m":11.090214}},{"type":"Feature","geometry":{"type":"LineString","coordinates":[[-70.74872678592646,7.074081334816465],[-70.74863548159853,7.074069246973076],[-70.74829037101536,7.07399565575492],[-70.74803367697722,7.073947538058734],[-70.74769712251224,7.073854132926529],[-70.74740334986642,7.073786202551325],[-70.74696324608438,7.073556810625739]]},"properties":{"tipo":"TPE3/4","estado":"INSTALADO","barrio":"San Carlos","polivalvula":"","longitud_m":204.763992}},{"type":"Feature","geometry":{"type":"LineString","coordinates":[[-70.74633577097046,7.073323298419784],[-70.7463669481104,7.07332023991922],[-70.74645488969017,7.073346185647017],[-70.74665929367178,7.073506578043249],[-70.74705859595963,7.07374244895019],[-70.74713940712833,7.073803775125913],[-70.74741036145645,7.073916992579236],[-70.7475814913868,7.073957091088878],[-70.74785006906211,7.074008982604507],[-70.74805922777165,7.07406323263506],[-70.74807111106175,7.074103330413089],[-70.7482510334354,7.074110600063487],[-70.74852507989524,7.074155222444422],[-70.74872710731645,7.07419767886376],[-70.74872595269542,7.074239414002404]]},"properties":{"tipo":"TPE3/4","estado":"INSTALADO","barrio":"San Carlos","polivalvula":"","longitud_m":293.354095}},{"type":"Feature","geometry":{"type":"LineString","coordinates":[[-70.74872595269542,7.074239414002404],[-70.74872235415695,7.074374581083624],[-70.74867481783767,7.074452418705214],[-70.74859400641135,7.074483081510501],[-70.74840861687689,7.074494875349834],[-70.74818282091557,7.074494874868465],[-70.74791424308738,7.07449251654556],[-70.74775737388049,7.074490157610226],[-70.74754583914645,7.074485440575385],[-70.74733668112735,7.074445342211279],[-70.74720833424387,7.074367505708919],[-70.74700392903227,7.074195319829653],[-70.74693737888975,7.074126917403065],[-70.74683280035244,7.074032569490186],[-70.74670655123823,7.073889388389465]]},"properties":{"tipo":"TPE3/4","estado":"INSTALADO","barrio":"San Carlos","polivalvula":"","longitud_m":267.315369}},{"type":"Feature","geometry":{"type":"LineString","coordinates":[[-70.74807016040609,7.075421372692515],[-70.74803593512641,7.075136442324681],[-70.74799030003282,7.074849624011614],[-70.74796938405905,7.074734519551027],[-70.74793325698822,7.074651493181634],[-70.74786670689305,7.074596771685013],[-70.7477583249514,7.074579788804929],[-70.74764994251078,7.074557145500547],[-70.74743508089271,7.074528840459141],[-70.74731719152891,7.074483553265568],[-70.74700725700576,7.074287309096866],[-70.74686464919881,7.074194848427041],[-70.74678098544713,7.074106161282425],[-70.7466973226908,7.073995773819904],[-70.74645774186129,7.073806133944439],[-70.74629231598212,7.07366744145353],[-70.74616396956489,7.073378735846592],[-70.74620504766142,7.073245461777766]]},"properties":{"tipo":"TPE3/4","estado":"INSTALADO","barrio":"San Carlos","polivalvula":"","longitud_m":354.679779}},{"type":"Feature","geometry":{"type":"LineString","coordinates":[[-70.74767656309494,7.075043981276565],[-70.74803593512641,7.075136442324681]]},"properties":{"tipo":"TPE3/4","estado":"INSTALADO","barrio":"San Carlos","polivalvula":"","longitud_m":40.998814}},{"type":"Feature","geometry":{"type":"LineString","coordinates":[[-70.74799356843427,7.074870166520531],[-70.74809356380386,7.074860988936007]]},"properties":{"tipo":"TPE3/4","estado":"INSTALADO","barrio":"San Carlos","polivalvula":"","longitud_m":11.093948}},{"type":"Feature","geometry":{"type":"LineString","coordinates":[[-70.74656041930623,7.074426944669855],[-70.74661365956304,7.074370336018973],[-70.74667830797021,7.074334483629536],[-70.74681328020672,7.074140395267353]]},"properties":{"tipo":"TPE3/4","estado":"INSTALADO","barrio":"San Carlos","polivalvula":"","longitud_m":42.89539}},{"type":"Feature","geometry":{"type":"LineString","coordinates":[[-70.74665333553813,7.073836577768704],[-70.74657172494669,7.073896357251805]]},"properties":{"tipo":"TPE3/4","estado":"INSTALADO","barrio":"San Carlos","polivalvula":"","longitud_m":11.180409}},{"type":"Feature","geometry":{"type":"LineString","coordinates":[[-70.74969094319228,7.074290613799175],[-70.74969352232837,7.07422720285584]]},"properties":{"tipo":"TPE3/4","estado":"INSTALADO","barrio":"","polivalvula":"","longitud_m":7.018588}},{"type":"Feature","geometry":{"type":"LineString","coordinates":[[-70.74875715347609,7.073652762713998],[-70.74875562890168,7.073843873374937],[-70.74872678592646,7.074081334816465]]},"properties":{"tipo":"TPE3/4","estado":"INSTALADO","barrio":"","polivalvula":"","longitud_m":47.590332}},{"type":"Feature","geometry":{"type":"LineString","coordinates":[[-70.74807016040609,7.075421372692515],[-70.74803869759845,7.075136495819654],[-70.74800531808725,7.074926418043806],[-70.74797216506289,7.074735241275861],[-70.74793414447379,7.074650869899921],[-70.74786731862592,7.074595701524975],[-70.7474172070325,7.074513461524902],[-70.74729551492203,7.074482516130242],[-70.74687187467805,7.074188904712987],[-70.74682471875275,7.074141352817466],[-70.74670302706417,7.073982847568134],[-70.74629916180108,7.073662063518038],[-70.74617366687819,7.073376754371998],[-70.74621017415811,7.073259762903822],[-70.74607327025808,7.073172207826774],[-70.74568062085862,7.072917348680519]]},"properties":{"tipo":"TPE2","estado":"INSTALADO","barrio":"San Carlos","polivalvula":"","longitud_m":422.086182}},{"type":"Feature","geometry":{"type":"LineString","coordinates":[[-70.72261423413232,7.068530621505544],[-70.72277585612996,7.068672145694006],[-70.72298976816985,7.068893866465374],[-70.72308008588125,7.068879714570089],[-70.72327498362246,7.068877355359505],[-70.72348558927463,7.068886583761354]]},"properties":{"tipo":"TPE3/4","estado":"INSTALADO","barrio":"","polivalvula":"","longitud_m":112.725418}},{"type":"Feature","geometry":{"type":"LineString","coordinates":[[-70.72231475780252,7.069311362045956],[-70.72232188825068,7.069259470062241],[-70.72240507619902,7.0692170127479],[-70.72245974250072,7.069181631777015],[-70.72259997289748,7.069153327251795],[-70.72276634883993,7.069099076243291],[-70.722863798037,7.069063695234869],[-70.72285191411179,7.06897642220687],[-70.72298976816985,7.068893866465374]]},"properties":{"tipo":"TPE3/4","estado":"INSTALADO","barrio":"","polivalvula":"","longitud_m":97.404602}},{"type":"Feature","geometry":{"type":"LineString","coordinates":[[-70.72292559485112,7.069370329926844],[-70.722863798037,7.069063695234869]]},"properties":{"tipo":"TPE3/4","estado":"INSTALADO","barrio":"","polivalvula":"","longitud_m":34.592155}},{"type":"Feature","geometry":{"type":"LineString","coordinates":[[-70.72421859339356,7.068846956670816],[-70.72420668786431,7.068896225563947]]},"properties":{"tipo":"TPE3/4","estado":"INSTALADO","barrio":"","polivalvula":"","longitud_m":5.605316}},{"type":"Feature","geometry":{"type":"LineString","coordinates":[[-70.72458935254838,7.069285415739782],[-70.72451329471816,7.06913917457054],[-70.72441109254937,7.06904010818999],[-70.72428987638666,7.068952834620053],[-70.72420668786431,7.068896225563947]]},"properties":{"tipo":"TPE3/4","estado":"INSTALADO","barrio":"","polivalvula":"","longitud_m":61.587269}},{"type":"Feature","geometry":{"type":"LineString","coordinates":[[-70.72421859339356,7.068846956670816],[-70.7241486870306,7.068848446264297]]},"properties":{"tipo":"TPE3/4","estado":"INSTALADO","barrio":"","polivalvula":"","longitud_m":7.725084}},{"type":"Feature","geometry":{"type":"LineString","coordinates":[[-70.76817124929465,7.088122876384618],[-70.76838078399862,7.087846581763502],[-70.76847823980995,7.087655983076884],[-70.76864461563194,7.087330491841065],[-70.76878247042619,7.087052171847342],[-70.76904580639231,7.086705670199242]]},"properties":{"tipo":"TPE3","estado":"INSTALADO","barrio":"CABAÑAS DEL RIO","polivalvula":"","longitud_m":184.876541}},{"type":"Feature","geometry":{"type":"LineString","coordinates":[[-70.76493757800976,7.077624975976492],[-70.76456733349563,7.077448264461895]]},"properties":{"tipo":"TPE3/4","estado":"INSTALADO","barrio":"Flor Amarillo","polivalvula":"","longitud_m":45.332901}},{"type":"Feature","geometry":{"type":"LineString","coordinates":[[-70.76551217726093,7.085818874700172],[-70.76552075391558,7.085747273606688]]},"properties":{"tipo":"TPE3/4","estado":"INSTALADO","barrio":"VILLA CELESTE","polivalvula":"VILLA CELESTE","longitud_m":7.975053}},{"type":"Feature","geometry":{"type":"LineString","coordinates":[[-70.7656749239162,7.085735600489764],[-70.76580041887054,7.085767300627746]]},"properties":{"tipo":"TPE3/4","estado":"INSTALADO","barrio":"VILLA CELESTE","polivalvula":"VILLA CELESTE","longitud_m":14.300633}},{"type":"Feature","geometry":{"type":"LineString","coordinates":[[-70.76580041887054,7.085767300627746],[-70.7658152501936,7.085718617514066]]},"properties":{"tipo":"TPE3/4","estado":"INSTALADO","barrio":"VILLA CELESTE","polivalvula":"VILLA CELESTE","longitud_m":5.627806}},{"type":"Feature","geometry":{"type":"LineString","coordinates":[[-70.76582171034387,7.085775278350891],[-70.76580041887054,7.085767300627746]]},"properties":{"tipo":"TPE3/4","estado":"INSTALADO","barrio":"VILLA CELESTE","polivalvula":"VILLA CELESTE","longitud_m":2.51223}},{"type":"Feature","geometry":{"type":"LineString","coordinates":[[-70.76583809850746,7.085726668617483],[-70.76569967468357,7.086137261779173]]},"properties":{"tipo":"TPE3/4","estado":"INSTALADO","barrio":"VILLA CELESTE","polivalvula":"VILLA CELESTE","longitud_m":47.914593}},{"type":"Feature","geometry":{"type":"LineString","coordinates":[[-70.77440699966141,7.066614999535726],[-70.77440322068233,7.066617852604543]]},"properties":{"tipo":"TPE3/4","estado":"INSTALADO","barrio":"Villa Luz","polivalvula":"","longitud_m":0.523325}},{"type":"Feature","geometry":{"type":"LineString","coordinates":[[-70.77475899997738,7.068370999534722],[-70.77476283167235,7.068370612304952]]},"properties":{"tipo":"TPE3/4","estado":"INSTALADO","barrio":"Villa Luz","polivalvula":"002","longitud_m":0.425489}},{"type":"Feature","geometry":{"type":"LineString","coordinates":[[-70.77708308055212,7.067667182046335],[-70.77691284777907,7.067821801494327]]},"properties":{"tipo":"TPE4","estado":"INSTALADO","barrio":"","polivalvula":"AT001","longitud_m":25.418926}},{"type":"Feature","geometry":{"type":"LineString","coordinates":[[-70.76500437429878,7.086093062449872],[-70.76499652289803,7.086248878373921]]},"properties":{"tipo":"TPE3/4","estado":"INSTALADO","barrio":"VILLA CELESTE","polivalvula":"VILLA CELESTE","longitud_m":17.253937}},{"type":"Feature","geometry":{"type":"LineString","coordinates":[[-70.76904166581423,7.085506703571835],[-70.76892605793502,7.085639542462276],[-70.76885608478248,7.085721057430992],[-70.76879709449098,7.085803244280629]]},"properties":{"tipo":"TPE3/4","estado":"INSTALADO","barrio":"","polivalvula":"","longitud_m":42.526375}},{"type":"Feature","geometry":{"type":"LineString","coordinates":[[-70.76116747459113,7.089645427866325],[-70.76102461937974,7.089288932294009],[-70.76097233062116,7.089114393518466],[-70.76092241765674,7.089010614103325],[-70.7608772579236,7.088833717453234],[-70.76084293313801,7.088435459410409],[-70.7608392300352,7.088378501117923],[-70.76157365957627,7.088567192138733],[-70.76166111669049,7.088504675187803],[-70.76204520687284,7.088151823608466],[-70.76200147381073,7.088082008201978],[-70.76206283600217,7.088048066630646],[-70.76251183760166,7.087857356004945],[-70.76323342671913,7.087680745215833],[-70.76331020364388,7.087656494451877],[-70.76375014856937,7.087560167782955],[-70.7640876542147,7.087531864675038],[-70.76417440735388,7.087505730675729],[-70.76489457674566,7.087420820288031],[-70.76495531811545,7.087417166497105],[-70.76556554615499,7.087345343828488],[-70.76588879113025,7.087356665331047],[-70.76595153803443,7.087361571178783],[-70.76675014235468,7.087474785790596],[-70.76682883443996,7.087477553757563],[-70.76699111520028,7.087567526111577],[-70.76810660042058,7.088192692359947],[-70.76817124929465,7.088122876384618]]},"properties":{"tipo":"TPE3","estado":"INSTALADO","barrio":"CABAÑAS DEL RIO","polivalvula":"","longitud_m":1025.821777}},{"type":"Feature","geometry":{"type":"LineString","coordinates":[[-70.72142594525616,7.066946907693126],[-70.72175807022572,7.067007756329286],[-70.72207180761515,7.067024738996822],[-70.72238839724608,7.067033230335005],[-70.72251127029381,7.067020267055738]]},"properties":{"tipo":"TPE3","estado":"INSTALADO","barrio":"","polivalvula":"","longitud_m":120.659248}},{"type":"Feature","geometry":{"type":"LineString","coordinates":[[-70.7764940803752,7.068269505246485],[-70.77650610807818,7.068269119678543]]},"properties":{"tipo":"TPE3/4","estado":"INSTALADO","barrio":"Senderos de Playitas","polivalvula":"A001","longitud_m":1.329512}},{"type":"Feature","geometry":{"type":"LineString","coordinates":[[-70.77656999970245,7.070554999536484],[-70.77656902906932,7.070530322753707]]},"properties":{"tipo":"TPE3/4","estado":"INSTALADO","barrio":"Sector Playitas","polivalvula":"AA004","longitud_m":2.731176}},{"type":"Feature","geometry":{"type":"LineString","coordinates":[[-70.77656677334892,7.070640977896188],[-70.77657000060701,7.070555000441293]]},"properties":{"tipo":"TPE3/4","estado":"INSTALADO","barrio":"Sector Playitas","polivalvula":"AA004","longitud_m":9.515154}},{"type":"Feature","geometry":{"type":"LineString","coordinates":[[-70.77656288933379,7.070834057037295],[-70.77656674224589,7.070698825331688]]},"properties":{"tipo":"TPE3/4","estado":"INSTALADO","barrio":"Sector Playitas","polivalvula":"AA004","longitud_m":14.961684}},{"type":"Feature","geometry":{"type":"LineString","coordinates":[[-70.77656674224589,7.070698825331688],[-70.77656677334892,7.070640977896188]]},"properties":{"tipo":"TPE3/4","estado":"INSTALADO","barrio":"Sector Playitas","polivalvula":"AA004","longitud_m":6.3975}},{"type":"Feature","geometry":{"type":"LineString","coordinates":[[-70.77559759114965,7.068471023034729],[-70.7754564844299,7.068470276049597]]},"properties":{"tipo":"TPE3/4","estado":"INSTALADO","barrio":"Senderos de Playitas","polivalvula":"AA002","longitud_m":15.589768}},{"type":"Feature","geometry":{"type":"LineString","coordinates":[[-70.77629238638491,7.068457759186344],[-70.77559771624054,7.06845819223806]]},"properties":{"tipo":"TPE3/4","estado":"INSTALADO","barrio":"Senderos de Playitas","polivalvula":"AA002","longitud_m":76.747559}},{"type":"Feature","geometry":{"type":"LineString","coordinates":[[-70.76234508528997,7.07815277881641],[-70.76263474537335,7.078046308750622]]},"properties":{"tipo":"TPE3/4","estado":"INSTALADO","barrio":"","polivalvula":"","longitud_m":34.098713}},{"type":"Feature","geometry":{"type":"LineString","coordinates":[[-70.76274868686765,7.077215778126617],[-70.76232086266674,7.077366733627251],[-70.76206797212214,7.07751580264573],[-70.76233704771435,7.078137814891737]]},"properties":{"tipo":"TPE3/4","estado":"INSTALADO","barrio":"COOPEBANCARIOS","polivalvula":"","longitud_m":157.50589}},{"type":"Feature","geometry":{"type":"LineString","coordinates":[[-70.76276389754976,7.076796874011257],[-70.76240333415096,7.076908603972864],[-70.76210409919825,7.077017648080249],[-70.76222389009895,7.077302577872164],[-70.76273537683522,7.077145960760748],[-70.76274868686765,7.077215778126617]]},"properties":{"tipo":"TPE3/4","estado":"INSTALADO","barrio":"EL PALMAR","polivalvula":"","longitud_m":178.037903}},{"type":"Feature","geometry":{"type":"LineString","coordinates":[[-70.76337490495403,7.077898566789477],[-70.7633870375233,7.077932201952927],[-70.76341563440651,7.077950430399524],[-70.76346050859466,7.077964770837529],[-70.7636194687515,7.077998735612178],[-70.76381113423052,7.0779934521727],[-70.76393814997517,7.077964015931234]]},"properties":{"tipo":"TPE3","estado":"INSTALADO","barrio":"LA GRANJA","polivalvula":"","longitud_m":66.453796}},{"type":"Feature","geometry":{"type":"LineString","coordinates":[[-70.76331893650668,7.077932098119925],[-70.76331899612794,7.077944317766651],[-70.7632436508834,7.07795398905803],[-70.76304590146889,7.077963895039126],[-70.76294773978188,7.077975216437226],[-70.76291018674232,7.077975216375523],[-70.76290882746945,7.077969473670666]]},"properties":{"tipo":"TPE3/4","estado":"INSTALADO","barrio":"","polivalvula":"","longitud_m":47.336578}},{"type":"Feature","geometry":{"type":"LineString","coordinates":[[-70.76316292086557,7.074261755887518],[-70.76305910257997,7.074337612118425],[-70.76284690215533,7.074489324134583],[-70.76268402372942,7.074617384297113]]},"properties":{"tipo":"TPE3/4","estado":"INSTALADO","barrio":"LA GRANJA","polivalvula":"","longitud_m":65.938942}},{"type":"Feature","geometry":{"type":"LineString","coordinates":[[-70.76114673529491,7.077162129999511],[-70.76145793129207,7.0769851290813],[-70.76122978727958,7.076566904332972],[-70.76120408917913,7.076532260742238],[-70.76091031726824,7.076696425316904],[-70.76097793332463,7.076846067862138],[-70.761135638284,7.07713797259897],[-70.76118066442304,7.077235996033522]]},"properties":{"tipo":"TPE3/4","estado":"INSTALADO","barrio":"EL PALMAR","polivalvula":"","longitud_m":200.963089}},{"type":"Feature","geometry":{"type":"LineString","coordinates":[[-70.76235114780147,7.078150425624432],[-70.76234424548771,7.078135169501815]]},"properties":{"tipo":"TPE3/4","estado":"INSTALADO","barrio":"","polivalvula":"","longitud_m":1.851538}},{"type":"Feature","geometry":{"type":"LineString","coordinates":[[-70.76229474417488,7.078171510872409],[-70.76228827099108,7.078156129353335]]},"properties":{"tipo":"TPE3/4","estado":"INSTALADO","barrio":"","polivalvula":"","longitud_m":1.845298}},{"type":"Feature","geometry":{"type":"LineString","coordinates":[[-70.76124998843827,7.070594042450308],[-70.76125203005753,7.070586610256289]]},"properties":{"tipo":"TPE3/4","estado":"INSTALADO","barrio":"","polivalvula":"","longitud_m":0.852334}},{"type":"Feature","geometry":{"type":"LineString","coordinates":[[-70.76129040189876,7.070434503354909],[-70.76120398090637,7.070469233597389]]},"properties":{"tipo":"TPE3/4","estado":"INSTALADO","barrio":"LA GRANJA","polivalvula":"","longitud_m":10.29142}},{"type":"Feature","geometry":{"type":"LineString","coordinates":[[-70.75890158915081,7.068589826031068],[-70.75879377227047,7.068185374130816],[-70.75916909661211,7.068096441239215]]},"properties":{"tipo":"TPE3/4","estado":"INSTALADO","barrio":"Fundadores","polivalvula":"FUNDADORES ALTO","longitud_m":88.904968}},{"type":"Feature","geometry":{"type":"LineString","coordinates":[[-70.75764708013452,7.069242860280913],[-70.7576446207509,7.069243044861834]]},"properties":{"tipo":"TPE3/4","estado":"INSTALADO","barrio":"","polivalvula":"","longitud_m":0.27248}},{"type":"Feature","geometry":{"type":"LineString","coordinates":[[-70.75870273391546,7.066346657102866],[-70.75870269357557,7.066344765450417]]},"properties":{"tipo":"TPE3/4","estado":"INSTALADO","barrio":"","polivalvula":"","longitud_m":0.209251}},{"type":"Feature","geometry":{"type":"LineString","coordinates":[[-70.7450542424862,7.086712045641818],[-70.74504826085553,7.08671242113517]]},"properties":{"tipo":"TPE3/4","estado":"INSTALADO","barrio":"","polivalvula":"","longitud_m":0.662133}},{"type":"Feature","geometry":{"type":"LineString","coordinates":[[-70.71097201467174,7.071899327152225],[-70.71123441296369,7.071803090994862]]},"properties":{"tipo":"TPE3/4","estado":"INSTALADO","barrio":"","polivalvula":"","longitud_m":30.881851}},{"type":"Feature","geometry":{"type":"LineString","coordinates":[[-70.71107469212295,7.072139916133323],[-70.71097201467174,7.071899327152225]]},"properties":{"tipo":"TPE3/4","estado":"INSTALADO","barrio":"","polivalvula":"","longitud_m":28.924803}},{"type":"Feature","geometry":{"type":"LineString","coordinates":[[-70.71110036138282,7.072179542695997],[-70.71135420312388,7.072086137171669]]},"properties":{"tipo":"TPE3/4","estado":"INSTALADO","barrio":"","polivalvula":"","longitud_m":29.886547}},{"type":"Feature","geometry":{"type":"LineString","coordinates":[[-70.71110036138282,7.072179542695997],[-70.71124296920074,7.072541840385595]]},"properties":{"tipo":"TPE3/4","estado":"INSTALADO","barrio":"Costa Hermosa","polivalvula":"","longitud_m":43.054073}},{"type":"Feature","geometry":{"type":"LineString","coordinates":[[-70.71126863882446,7.072609771544166],[-70.71152248077509,7.072516366844397]]},"properties":{"tipo":"TPE3/4","estado":"INSTALADO","barrio":"Costa Hermosa","polivalvula":"","longitud_m":29.886513}},{"type":"Feature","geometry":{"type":"LineString","coordinates":[[-70.71126863882446,7.072609771544166],[-70.71142835958362,7.073020187715932]]},"properties":{"tipo":"TPE3/4","estado":"INSTALADO","barrio":"Costa Hermosa","polivalvula":"","longitud_m":48.698761}},{"type":"Feature","geometry":{"type":"LineString","coordinates":[[-70.71145688065216,7.073105101336978],[-70.71173068786298,7.073003204479776]]},"properties":{"tipo":"TPE3/4","estado":"INSTALADO","barrio":"Costa Hermosa","polivalvula":"","longitud_m":32.281139}},{"type":"Feature","geometry":{"type":"LineString","coordinates":[[-70.71183336596285,7.073993862162462],[-70.71145688065216,7.073105101336978]]},"properties":{"tipo":"TPE3/4","estado":"INSTALADO","barrio":"Costa Hermosa","polivalvula":"","longitud_m":106.729561}},{"type":"Feature","geometry":{"type":"LineString","coordinates":[[-70.71289175027268,7.074569421169471],[-70.71258918679163,7.074675998951391]]},"properties":{"tipo":"TPE3/4","estado":"INSTALADO","barrio":"Costa Hermosa","polivalvula":"","longitud_m":35.444366}},{"type":"Feature","geometry":{"type":"LineString","coordinates":[[-70.71270612596389,7.074152366298941],[-70.71289175027268,7.074569421169471]]},"properties":{"tipo":"TPE3/4","estado":"INSTALADO","barrio":"Costa Hermosa","polivalvula":"","longitud_m":50.477165}},{"type":"Feature","geometry":{"type":"LineString","coordinates":[[-70.71268616083269,7.074092927533311],[-70.7124180575138,7.074206144729064]]},"properties":{"tipo":"TPE3/4","estado":"INSTALADO","barrio":"Costa Hermosa","polivalvula":"","longitud_m":32.157787}},{"type":"Feature","geometry":{"type":"LineString","coordinates":[[-70.71255210905389,7.073790070005791],[-70.71268616083269,7.074092927533311]]},"properties":{"tipo":"TPE3/4","estado":"INSTALADO","barrio":"Costa Hermosa","polivalvula":"","longitud_m":36.622219}},{"type":"Feature","geometry":{"type":"LineString","coordinates":[[-70.71243802269062,7.073526838086524],[-70.71195315598428,7.072355030682391]]},"properties":{"tipo":"TPE3/4","estado":"INSTALADO","barrio":"Costa Hermosa","polivalvula":"","longitud_m":140.229019}},{"type":"Feature","geometry":{"type":"LineString","coordinates":[[-70.71191322615518,7.07227860864742],[-70.71162515842578,7.071610620559994]]},"properties":{"tipo":"TPE3/4","estado":"INSTALADO","barrio":"Costa Hermosa","polivalvula":"","longitud_m":80.438828}},{"type":"Feature","geometry":{"type":"LineString","coordinates":[[-70.71164227115979,7.072388995733973],[-70.71191322615518,7.07227860864742]]},"properties":{"tipo":"TPE3/4","estado":"INSTALADO","barrio":"Costa Hermosa","polivalvula":"","longitud_m":32.328835}},{"type":"Feature","geometry":{"type":"LineString","coordinates":[[-70.77025243039962,7.070081919375544],[-70.77030645706388,7.07000824395042],[-70.77043955817803,7.069815771864718],[-70.7705194183362,7.069666700644362],[-70.77062209607146,7.069532725002874],[-70.77074568990781,7.069372331870556],[-70.77084456434919,7.069242129689091],[-70.77095484766863,7.069144006742896],[-70.77106894420497,7.069004794028606]]},"properties":{"tipo":"TPE3/4","estado":"INSTALADO","barrio":"30 DE AGOSTO","polivalvula":"","longitud_m":150.004318}},{"type":"Feature","geometry":{"type":"LineString","coordinates":[[-70.77080805639443,7.068786611522343],[-70.77073161876947,7.068898698874959],[-70.77064149096417,7.069043618443203],[-70.77052398214465,7.069223637118774],[-70.77043157243234,7.06935610313247],[-70.77031026037253,7.06953838611641],[-70.77020187810601,7.069698779209097],[-70.7701391308474,7.069770484907734],[-70.77007638352359,7.069872381571884],[-70.77015053995422,7.069976165230399],[-70.77025243039962,7.070081919375544]]},"properties":{"tipo":"TPE3/4","estado":"INSTALADO","barrio":"30 DE AGOSTO","polivalvula":"","longitud_m":175.199265}},{"type":"Feature","geometry":{"type":"LineString","coordinates":[[-70.77106894420497,7.069004794028606],[-70.77098308437837,7.068913227857696],[-70.77091919542677,7.06886492131872],[-70.77080805639443,7.068786611522343]]},"properties":{"tipo":"TPE3/4","estado":"INSTALADO","barrio":"30 DE AGOSTO","polivalvula":"","longitud_m":37.753391}},{"type":"Feature","geometry":{"type":"LineString","coordinates":[[-70.77005670364697,7.06980992230536],[-70.77009704287174,7.069838832392753]]},"properties":{"tipo":"TPE3/4","estado":"INSTALADO","barrio":"","polivalvula":"","longitud_m":5.48493}},{"type":"Feature","geometry":{"type":"LineString","coordinates":[[-70.77078533450003,7.068762269452913],[-70.77063017677867,7.068958515820618],[-70.77050087907482,7.06914872360945],[-70.77046132967527,7.069213635868773],[-70.77040048334183,7.06930723039227],[-70.77027118596386,7.069518572422798],[-70.77012059217458,7.069732934018671],[-70.77005670364697,7.06980992230536],[-70.77004510523612,7.0698276599547]]},"properties":{"tipo":"TPE3/4","estado":"INSTALADO","barrio":"30 DE AGOSTO","polivalvula":"","longitud_m":143.587814}},{"type":"Feature","geometry":{"type":"LineString","coordinates":[[-70.77064995236805,7.068670184160097],[-70.77078533450003,7.068762269452913]]},"properties":{"tipo":"TPE3/4","estado":"INSTALADO","barrio":"30 DE AGOSTO","polivalvula":"","longitud_m":18.094961}},{"type":"Feature","geometry":{"type":"LineString","coordinates":[[-70.7710789166356,7.068960025453354],[-70.77105197032279,7.068986692151496]]},"properties":{"tipo":"TPE3/4","estado":"INSTALADO","barrio":"30 DE AGOSTO","polivalvula":"","longitud_m":4.190491}},{"type":"Feature","geometry":{"type":"LineString","coordinates":[[-70.77082488427952,7.068765288445668],[-70.77102871822704,7.068905680511369],[-70.7710789166356,7.068960025453354],[-70.77111086067805,7.068991726683989]]},"properties":{"tipo":"TPE3/4","estado":"INSTALADO","barrio":"30 DE AGOSTO","polivalvula":"","longitud_m":40.50589}},{"type":"Feature","geometry":{"type":"LineString","coordinates":[[-70.77094961919597,7.068525264109777],[-70.77109869135242,7.068605272521664],[-70.77118539715573,7.068650559472704],[-70.77125080661561,7.068670184232799],[-70.77132686430792,7.068701885499348],[-70.77146224685004,7.068727549360095],[-70.77153830369886,7.068727548661448],[-70.7716341367098,7.06873056836347],[-70.77162957300843,7.068777365050541],[-70.7715595996914,7.068790952036508],[-70.77144551367513,7.068787932087012],[-70.7713390329461,7.0688256720804],[-70.77129035623267,7.06884529692461],[-70.77111086067805,7.068991726683989]]},"properties":{"tipo":"TPE3/4","estado":"INSTALADO","barrio":"30 DE AGOSTO","polivalvula":"","longitud_m":149.944275}},{"type":"Feature","geometry":{"type":"LineString","coordinates":[[-70.77021389110685,7.070116561726146],[-70.77025243039962,7.070081919375544]]},"properties":{"tipo":"TPE3/4","estado":"INSTALADO","barrio":"","polivalvula":"","longitud_m":5.727751}},{"type":"Feature","geometry":{"type":"LineString","coordinates":[[-70.77001163983695,7.069808035304765],[-70.77004510523612,7.0698276599547]]},"properties":{"tipo":"TPE3/4","estado":"INSTALADO","barrio":"","polivalvula":"","longitud_m":4.28721}},{"type":"Feature","geometry":{"type":"LineString","coordinates":[[-70.77659764938514,7.070053714363543],[-70.77659105261688,7.070203549258749]]},"properties":{"tipo":"TPE3/4","estado":"INSTALADO","barrio":"","polivalvula":"AA004","longitud_m":16.586653}},{"type":"Feature","geometry":{"type":"LineString","coordinates":[[-70.77660410744083,7.069907017020009],[-70.77659934887524,7.070015107991137],[-70.77659764938514,7.070053714363543]]},"properties":{"tipo":"TPE3/4","estado":"INSTALADO","barrio":"","polivalvula":"AA004","longitud_m":16.239323}},{"type":"Feature","geometry":{"type":"LineString","coordinates":[[-70.72112288944209,7.06388309439284],[-70.72091347237068,7.064355192267326]]},"properties":{"tipo":"TPE3/4","estado":"INSTALADO","barrio":"Urb Torres de COMFIAR","polivalvula":"","longitud_m":57.107643}},{"type":"Feature","geometry":{"type":"LineString","coordinates":[[-70.7210141485564,7.064204919979806],[-70.72098798685171,7.064187209917183]]},"properties":{"tipo":"TPE3/4","estado":"INSTALADO","barrio":"Urb Torres de COMFIAR","polivalvula":"","longitud_m":3.491502}},{"type":"Feature","geometry":{"type":"LineString","coordinates":[[-70.72144261769047,7.065906166251734],[-70.72123413114201,7.0665380433147],[-70.72145538479536,7.066701804730653]]},"properties":{"tipo":"TPE3/4","estado":"INSTALADO","barrio":"","polivalvula":"","longitud_m":104.002243}},{"type":"Feature","geometry":{"type":"LineString","coordinates":[[-70.72122781454645,7.065404038047598],[-70.72131179760105,7.065188785103357],[-70.72141235489997,7.065222355841601],[-70.72162740119681,7.065335712373674]]},"properties":{"tipo":"TPE3/4","estado":"INSTALADO","barrio":"BELLO HORIZONTE POL 1","polivalvula":"","longitud_m":64.126915}},{"type":"Feature","geometry":{"type":"LineString","coordinates":[[-70.72261914789752,7.064038152700785],[-70.72169570131432,7.063603390545676],[-70.72179932001916,7.063391024237052],[-70.72274163322358,7.063752640473134]]},"properties":{"tipo":"TPE3/4","estado":"INSTALADO","barrio":"BELLO HORIZONTE POL 1","polivalvula":"","longitud_m":250.440536}},{"type":"Feature","geometry":{"type":"LineString","coordinates":[[-70.72266271731722,7.065498914732592],[-70.72223057796165,7.065390338452124]]},"properties":{"tipo":"TPE3/4","estado":"INSTALADO","barrio":"BELLO HORIZONTE POL 1","polivalvula":"","longitud_m":49.230427}},{"type":"Feature","geometry":{"type":"LineString","coordinates":[[-70.7105543894035,7.067360458976913],[-70.7106380524966,7.06740952056446],[-70.71105256643924,7.067685021524751],[-70.71152412249216,7.068056758117307],[-70.71169144888698,7.068226586927727],[-70.71238737585261,7.069005912270289],[-70.71276956479134,7.069375761110384],[-70.71308900639279,7.069583329221167],[-70.7136990860106,7.069944564738122]]},"properties":{"tipo":"TPE2","estado":"INSTALADO","barrio":"","polivalvula":"","longitud_m":453.182465}},{"type":"Feature","geometry":{"type":"LineString","coordinates":[[-70.70909032567725,7.064269266459064],[-70.70933164451486,7.06436706693093],[-70.70910421724591,7.064872162934242],[-70.70896316169801,7.065176365543848],[-70.70859083274304,7.065993432446261]]},"properties":{"tipo":"TPE3/4","estado":"INSTALADO","barrio":"","polivalvula":"","longitud_m":226.384857}},{"type":"Feature","geometry":{"type":"LineString","coordinates":[[-70.70859083274304,7.065993432446261],[-70.70844438818087,7.065851570190373],[-70.70816594903742,7.065452296673948],[-70.708808800667,7.064136983533901],[-70.70909032567725,7.064269266459064]]},"properties":{"tipo":"TPE3/4","estado":"INSTALADO","barrio":"","polivalvula":"","longitud_m":272.60321}},{"type":"Feature","geometry":{"type":"LineString","coordinates":[[-70.7085538794477,7.06465856935997],[-70.70908852547792,7.064906003399287]]},"properties":{"tipo":"TPE3/4","estado":"INSTALADO","barrio":"","polivalvula":"","longitud_m":65.099533}},{"type":"Feature","geometry":{"type":"LineString","coordinates":[[-70.70834694193861,7.065081975488861],[-70.70888275367965,7.065352819893289]]},"properties":{"tipo":"TPE3/4","estado":"INSTALADO","barrio":"","polivalvula":"","longitud_m":66.344353}},{"type":"Feature","geometry":{"type":"LineString","coordinates":[[-70.70897589346227,7.063614614710848],[-70.70814170642477,7.065413210915649]]},"properties":{"tipo":"TPE3/4","estado":"INSTALADO","barrio":"","polivalvula":"","longitud_m":219.226563}},{"type":"Feature","geometry":{"type":"LineString","coordinates":[[-70.70967126906781,7.063709902682888],[-70.70937767104789,7.064309685683722],[-70.70883759058707,7.064070976077114]]},"properties":{"tipo":"TPE3/4","estado":"INSTALADO","barrio":"","polivalvula":"","longitud_m":139.087021}},{"type":"Feature","geometry":{"type":"LineString","coordinates":[[-70.70907647046342,7.063620435932352],[-70.70883759058707,7.064070976077114]]},"properties":{"tipo":"TPE3/4","estado":"INSTALADO","barrio":"","polivalvula":"","longitud_m":56.384773}},{"type":"Feature","geometry":{"type":"LineString","coordinates":[[-70.70937767104789,7.064309685683722],[-70.70933164451486,7.06436706693093]]},"properties":{"tipo":"TPE3/4","estado":"INSTALADO","barrio":"","polivalvula":"","longitud_m":8.13203}},{"type":"Feature","geometry":{"type":"LineString","coordinates":[[-70.708808800667,7.064136983533901],[-70.70883759058707,7.064070976077114]]},"properties":{"tipo":"TPE3/4","estado":"INSTALADO","barrio":"","polivalvula":"","longitud_m":7.96286}},{"type":"Feature","geometry":{"type":"LineString","coordinates":[[-70.70837546285131,7.063378726898502],[-70.70786876420121,7.064532421557527],[-70.70769508023834,7.064909326508462],[-70.70794491183996,7.065144936621581],[-70.70814170642477,7.065413210915649]]},"properties":{"tipo":"TPE3/4","estado":"INSTALADO","barrio":"","polivalvula":"","longitud_m":259.961151}},{"type":"Feature","geometry":{"type":"LineString","coordinates":[[-70.70833238609997,7.063341371377544],[-70.70781995582739,7.064474965293994],[-70.70763476766022,7.064863344615989]]},"properties":{"tipo":"TPE3/4","estado":"INSTALADO","barrio":"","polivalvula":"","longitud_m":185.134705}},{"type":"Feature","geometry":{"type":"LineString","coordinates":[[-70.70784124415101,7.062999346882755],[-70.70716945431766,7.064564403041688],[-70.70739923760065,7.064713871150869],[-70.70763476766022,7.064863344615989]]},"properties":{"tipo":"TPE3/4","estado":"INSTALADO","barrio":"","polivalvula":"","longitud_m":249.450073}},{"type":"Feature","geometry":{"type":"LineString","coordinates":[[-70.70743633603767,7.062631553322169],[-70.70784715580496,7.062792648291445],[-70.70711484729503,7.064529206556912],[-70.70716945431766,7.064564403041688]]},"properties":{"tipo":"TPE3/4","estado":"INSTALADO","barrio":"","polivalvula":"","longitud_m":264.338074}},{"type":"Feature","geometry":{"type":"LineString","coordinates":[[-70.70746224544676,7.062574155398001],[-70.70788458070008,7.062709422462362],[-70.70784715580496,7.062792648291445]]},"properties":{"tipo":"TPE3/4","estado":"INSTALADO","barrio":"","polivalvula":"","longitud_m":59.090466}},{"type":"Feature","geometry":{"type":"LineString","coordinates":[[-70.70702687621633,7.063116236776151],[-70.70692800225982,7.063074722636333],[-70.70689552420552,7.063176572780626],[-70.70677953629384,7.06345773717406],[-70.70665469569289,7.063416844325208],[-70.7065513635557,7.063731352547883]]},"properties":{"tipo":"TPE3/4","estado":"INSTALADO","barrio":"","polivalvula":"","longitud_m":108.426483}},{"type":"Feature","geometry":{"type":"LineString","coordinates":[[-70.70643146840852,7.063846095916944],[-70.70678662945872,7.062929608775277],[-70.70643347484156,7.06279728382384]]},"properties":{"tipo":"TPE3/4","estado":"INSTALADO","barrio":"","polivalvula":"","longitud_m":150.359375}},{"type":"Feature","geometry":{"type":"LineString","coordinates":[[-70.70678662945872,7.062929608775277],[-70.70695066535171,7.063001080680155]]},"properties":{"tipo":"TPE3/4","estado":"INSTALADO","barrio":"","polivalvula":"","longitud_m":19.771841}},{"type":"Feature","geometry":{"type":"LineString","coordinates":[[-70.70690112930934,7.063495263735023],[-70.70667690649528,7.064183619794609]]},"properties":{"tipo":"TPE3/4","estado":"INSTALADO","barrio":"","polivalvula":"","longitud_m":80.056847}},{"type":"Feature","geometry":{"type":"LineString","coordinates":[[-70.70592704444802,7.062819660515693],[-70.70595600064293,7.063069621789347],[-70.70618563989593,7.063397084785841],[-70.70623340255395,7.063564591310407]]},"properties":{"tipo":"TPE3/4","estado":"INSTALADO","barrio":"","polivalvula":"","longitud_m":91.308662}},{"type":"Feature","geometry":{"type":"LineString","coordinates":[[-70.70667149155577,7.060759607741808],[-70.70687298279074,7.060345881157552],[-70.70642069086473,7.059941206097899],[-70.70627426589864,7.060371722335708],[-70.70621187156885,7.060534356112933],[-70.70613030336388,7.060716113204814],[-70.70599802010297,7.060830365609282],[-70.70588577238878,7.061045592101993],[-70.70571601212549,7.061306707689582],[-70.70556628851548,7.061668319013071],[-70.7054885092854,7.061903669914043],[-70.70538195347858,7.062187802769297],[-70.70584123385571,7.062839859192306]]},"properties":{"tipo":"TPE3/4","estado":"INSTALADO","barrio":"","polivalvula":"","longitud_m":482.556152}},{"type":"Feature","geometry":{"type":"LineString","coordinates":[[-70.70631409400868,7.061479436639647],[-70.70612458699217,7.061878817156376],[-70.70599741805688,7.062184943226008],[-70.70593019045687,7.06240259900704],[-70.70588212052841,7.06262026913231],[-70.70584123385571,7.062839859192306]]},"properties":{"tipo":"TPE3/4","estado":"INSTALADO","barrio":"","polivalvula":"","longitud_m":160.079803}},{"type":"Feature","geometry":{"type":"LineString","coordinates":[[-70.70583201772708,7.059584747732515],[-70.70577179826755,7.059823461920138],[-70.70570692105723,7.060096143691951],[-70.70567329641628,7.060218129686391],[-70.70555570552129,7.060526655847565],[-70.7054142013404,7.060792099721643],[-70.70520069186247,7.061258448466607],[-70.70514776197993,7.061564633530641],[-70.70513798897184,7.061806258726274],[-70.70536045422519,7.062119841200728]]},"properties":{"tipo":"TPE3/4","estado":"INSTALADO","barrio":"","polivalvula":"","longitud_m":302.313568}},{"type":"Feature","geometry":{"type":"LineString","coordinates":[[-70.70538195347858,7.062187802769297],[-70.70536045422519,7.062119841200728]]},"properties":{"tipo":"TPE3/4","estado":"INSTALADO","barrio":"","polivalvula":"","longitud_m":7.882499}},{"type":"Feature","geometry":{"type":"LineString","coordinates":[[-70.70456533594192,7.061446591602132],[-70.70471982748012,7.061231943560348],[-70.70492660860431,7.061340446187263],[-70.70517311519895,7.061089270698545],[-70.70539996455638,7.060627012411254],[-70.70551367761472,7.060375709080699],[-70.70503636977342,7.060109963305213],[-70.7046039351247,7.060749810174316],[-70.70454879343325,7.060719617811139],[-70.70440998813058,7.06096304319095],[-70.70449745451994,7.061006444849252]]},"properties":{"tipo":"TPE3/4","estado":"INSTALADO","barrio":"","polivalvula":"","longitud_m":375.854431}},{"type":"Feature","geometry":{"type":"LineString","coordinates":[[-70.70428238866965,7.059640450148799],[-70.70449398310875,7.059774043284732]]},"properties":{"tipo":"TPE3/4","estado":"INSTALADO","barrio":"","polivalvula":"","longitud_m":27.65506}},{"type":"Feature","geometry":{"type":"LineString","coordinates":[[-70.70428238866965,7.059640450148799],[-70.70388831088935,7.060188341374701],[-70.70405441938998,7.060287490252541],[-70.70420463259155,7.060370519601883]]},"properties":{"tipo":"TPE3/4","estado":"INSTALADO","barrio":"","polivalvula":"","longitud_m":114.959015}},{"type":"Feature","geometry":{"type":"LineString","coordinates":[[-70.7054865613434,7.057946154722392],[-70.70540957389325,7.058391080448732],[-70.70535698718244,7.058661548525143],[-70.70529157814704,7.058807981698083],[-70.70526788206688,7.058890979563307],[-70.70519356935763,7.058984224287728],[-70.70510490901461,7.059051140410303],[-70.70487011174289,7.059187320162771],[-70.70469759029181,7.059309195152835],[-70.70452266717265,7.059438244897676],[-70.70437410450577,7.059545784515752],[-70.70428238866965,7.059640450148799]]},"properties":{"tipo":"TPE3/4","estado":"INSTALADO","barrio":"","polivalvula":"","longitud_m":245.349304}},{"type":"Feature","geometry":{"type":"LineString","coordinates":[[-70.7060999868144,7.058046253244714],[-70.70627119840061,7.058098459510025],[-70.70656478106888,7.058152806507994],[-70.70692985672551,7.058137710404957],[-70.70693594154339,7.058231306799873],[-70.70674884009597,7.058234325672088],[-70.7064157079623,7.058187527368066],[-70.70615407024003,7.058124123769869],[-70.70593762871954,7.059283388673807]]},"properties":{"tipo":"TPE3/4","estado":"INSTALADO","barrio":"","polivalvula":"","longitud_m":321.513641}},{"type":"Feature","geometry":{"type":"LineString","coordinates":[[-70.70750893041979,7.056462078972839],[-70.70757040047168,7.057462152211708],[-70.70718236179246,7.057569502948108],[-70.70718248160475,7.057418781428267],[-70.70719229327709,7.057126916179797],[-70.70717564007093,7.056988143197644],[-70.70710635663148,7.056779949024754],[-70.70701314966558,7.056543027063962]]},"properties":{"tipo":"TPE3/4","estado":"INSTALADO","barrio":"","polivalvula":"","longitud_m":272.134827}},{"type":"Feature","geometry":{"type":"LineString","coordinates":[[-70.70758541683296,7.056646354204457],[-70.70761351387,7.057452617081174]]},"properties":{"tipo":"TPE3/4","estado":"INSTALADO","barrio":"","polivalvula":"","longitud_m":89.221313}},{"type":"Feature","geometry":{"type":"LineString","coordinates":[[-70.70891878052377,7.057683185240475],[-70.70810005462344,7.057429557008669],[-70.70761351387,7.057452617081174]]},"properties":{"tipo":"TPE3/4","estado":"INSTALADO","barrio":"","polivalvula":"","longitud_m":148.520599}},{"type":"Feature","geometry":{"type":"LineString","coordinates":[[-70.70883036390072,7.057731304600126],[-70.70811732493033,7.057487877109949],[-70.70769491375,7.057481390371938],[-70.7071727506943,7.057610165961985],[-70.70714611548857,7.057978575839076],[-70.7080896219703,7.058022386735617],[-70.70816861947382,7.058060727345278],[-70.70861388086946,7.058271611247246]]},"properties":{"tipo":"TPE3/4","estado":"INSTALADO","barrio":"","polivalvula":"","longitud_m":398.700531}},{"type":"Feature","geometry":{"type":"LineString","coordinates":[[-70.70858029503258,7.058345749241967],[-70.70805844048068,7.058084563841783],[-70.70767052672979,7.05803401669394],[-70.70714606413212,7.058043170128589],[-70.70719832082844,7.058581502796504],[-70.70747611550608,7.058580740246315],[-70.70782666188221,7.058643029037155],[-70.70831645458955,7.058869477481745],[-70.70858029503258,7.058345749241967]]},"properties":{"tipo":"TPE3/4","estado":"INSTALADO","barrio":"","polivalvula":"","longitud_m":419.977509}},{"type":"Feature","geometry":{"type":"LineString","coordinates":[[-70.70794463930017,7.059656283365983],[-70.70816525515995,7.059283243715434],[-70.70855548534676,7.059434273119028],[-70.70858426057333,7.059386448479684],[-70.70818209273216,7.059189953008714],[-70.70833314230936,7.058965186363956],[-70.7086826622531,7.059113791800029]]},"properties":{"tipo":"TPE3/4","estado":"INSTALADO","barrio":"","polivalvula":"","longitud_m":221.695953}},{"type":"Feature","geometry":{"type":"LineString","coordinates":[[-70.7079453378859,7.058775879721628],[-70.70826133420219,7.058919673812611],[-70.70790634882835,7.059622760051456]]},"properties":{"tipo":"TPE3/4","estado":"INSTALADO","barrio":"","polivalvula":"","longitud_m":125.451591}},{"type":"Feature","geometry":{"type":"LineString","coordinates":[[-70.70814279282564,7.060429186917802],[-70.7071301944807,7.059930764607947],[-70.70699822070145,7.060258419266978],[-70.70801319743306,7.060778375814837],[-70.70798920623015,7.060833381847612],[-70.7075343763303,7.060605742729549],[-70.70699338325014,7.060318225553333],[-70.70681592536856,7.060624311980386],[-70.70730664957722,7.060885474152331]]},"properties":{"tipo":"TPE3/4","estado":"INSTALADO","barrio":"","polivalvula":"","longitud_m":520.891907}},{"type":"Feature","geometry":{"type":"LineString","coordinates":[[-70.70787400499593,7.06114908819824],[-70.70730664957722,7.060885474152331]]},"properties":{"tipo":"TPE3/4","estado":"INSTALADO","barrio":"","polivalvula":"","longitud_m":69.131287}},{"type":"Feature","geometry":{"type":"LineString","coordinates":[[-70.70743144717261,7.061511527841854],[-70.70757986157105,7.061590594267895],[-70.7076270359321,7.061534069480122],[-70.70663841770309,7.060992600957537],[-70.7068015090572,7.060684110652023]]},"properties":{"tipo":"TPE3/4","estado":"INSTALADO","barrio":"","polivalvula":"","longitud_m":189.868988}},{"type":"Feature","geometry":{"type":"LineString","coordinates":[[-70.70744786475076,7.061946957793085],[-70.70695233044778,7.06170971649141],[-70.70646088877255,7.061387206970591],[-70.70661203811072,7.061038035717353]]},"properties":{"tipo":"TPE3/4","estado":"INSTALADO","barrio":"","polivalvula":"","longitud_m":167.745712}},{"type":"Feature","geometry":{"type":"LineString","coordinates":[[-70.7071544969598,7.062495440773661],[-70.70699410093496,7.062425933981435],[-70.70615619454068,7.06208315391908],[-70.7064328719832,7.061443746872513],[-70.70690361464737,7.061777520047479]]},"properties":{"tipo":"TPE3/4","estado":"INSTALADO","barrio":"","polivalvula":"","longitud_m":260.167328}},{"type":"Feature","geometry":{"type":"LineString","coordinates":[[-70.7073794050844,7.062026861298389],[-70.70690361464737,7.061777520047479]]},"properties":{"tipo":"TPE3/4","estado":"INSTALADO","barrio":"","polivalvula":"","longitud_m":59.36047}},{"type":"Feature","geometry":{"type":"LineString","coordinates":[[-70.70646564675344,7.061466985010808],[-70.70649340901979,7.061410674574714]]},"properties":{"tipo":"TPE3/4","estado":"INSTALADO","barrio":"","polivalvula":"","longitud_m":6.941944}},{"type":"Feature","geometry":{"type":"LineString","coordinates":[[-70.70616839036632,7.062165659561733],[-70.70609986637469,7.062140957048558],[-70.70613196842278,7.062071465755655],[-70.70615619454068,7.06208315391908]]},"properties":{"tipo":"TPE3/4","estado":"INSTALADO","barrio":"","polivalvula":"","longitud_m":19.485126}},{"type":"Feature","geometry":{"type":"LineString","coordinates":[[-70.70659357012708,7.059570999275889],[-70.70645203543663,7.059874721578873],[-70.70684927227285,7.060248252442307],[-70.70688278617735,7.060265026007592],[-70.70694518404416,7.060097607028139]]},"properties":{"tipo":"TPE3/4","estado":"INSTALADO","barrio":"","polivalvula":"","longitud_m":121.221504}},{"type":"Feature","geometry":{"type":"LineString","coordinates":[[-70.7064161561471,7.05982206057112],[-70.70646516393104,7.059846548578686]]},"properties":{"tipo":"TPE3/4","estado":"INSTALADO","barrio":"","polivalvula":"","longitud_m":6.054066}},{"type":"Feature","geometry":{"type":"LineString","coordinates":[[-70.7064161561471,7.05982206057112],[-70.70657452402922,7.05942983183969],[-70.70649792327777,7.059389100312984],[-70.70593762871954,7.059283388673807],[-70.70583201772708,7.059584747732515],[-70.70620548179781,7.05973815917302],[-70.70640415671687,7.059853152365654],[-70.7064161561471,7.05982206057112]]},"properties":{"tipo":"TPE3/4","estado":"INSTALADO","barrio":"","polivalvula":"","longitud_m":228.337646}},{"type":"Feature","geometry":{"type":"LineString","coordinates":[[-70.70724088364678,7.058662399511523],[-70.70748755869931,7.058645848201248],[-70.70771262425727,7.058701052525185]]},"properties":{"tipo":"TPE3/4","estado":"INSTALADO","barrio":"","polivalvula":"","longitud_m":52.919552}},{"type":"Feature","geometry":{"type":"LineString","coordinates":[[-70.7079453378859,7.058775879721628],[-70.70771262425727,7.058701052525185]]},"properties":{"tipo":"TPE3/4","estado":"INSTALADO","barrio":"","polivalvula":"","longitud_m":27.009998}},{"type":"Feature","geometry":{"type":"LineString","coordinates":[[-70.70720781690719,7.059891112236084],[-70.70765786088397,7.060111570192145],[-70.70790634882835,7.059622760051456]]},"properties":{"tipo":"TPE3/4","estado":"INSTALADO","barrio":"","polivalvula":"","longitud_m":116.009148}},{"type":"Feature","geometry":{"type":"LineString","coordinates":[[-70.70794463930017,7.059656283365983],[-70.70784240975216,7.059922716735743],[-70.70772489444012,7.06013793956105],[-70.70817494741482,7.060348827751817]]},"properties":{"tipo":"TPE3/4","estado":"INSTALADO","barrio":"","polivalvula":"","longitud_m":113.590752}},{"type":"Feature","geometry":{"type":"LineString","coordinates":[[-70.70576306729431,7.059559570135753],[-70.70535849638338,7.059418903759063],[-70.70492826684857,7.05915359059862]]},"properties":{"tipo":"TPE3/4","estado":"INSTALADO","barrio":"","polivalvula":"","longitud_m":103.188385}},{"type":"Feature","geometry":{"type":"LineString","coordinates":[[-70.70598800299764,7.058697583251014],[-70.7059046012206,7.059191425537775],[-70.70576306729431,7.059559570135753]]},"properties":{"tipo":"TPE3/4","estado":"INSTALADO","barrio":"","polivalvula":"","longitud_m":99.001511}},{"type":"Feature","geometry":{"type":"LineString","coordinates":[[-70.70897589346227,7.063614614710848],[-70.70900750434451,7.063574063993724],[-70.70907647046342,7.063620435932352]]},"properties":{"tipo":"TPE3/4","estado":"INSTALADO","barrio":"","polivalvula":"","longitud_m":14.868792}},{"type":"Feature","geometry":{"type":"LineString","coordinates":[[-70.70837546285131,7.063378726898502],[-70.70833238609997,7.063341371377544]]},"properties":{"tipo":"TPE3/4","estado":"INSTALADO","barrio":"","polivalvula":"","longitud_m":6.302195}},{"type":"Feature","geometry":{"type":"LineString","coordinates":[[-70.7084506571797,7.061771703565241],[-70.70825086667017,7.062456729809279],[-70.70804019419772,7.062368522402003],[-70.70788458070008,7.062709422462362]]},"properties":{"tipo":"TPE3/4","estado":"INSTALADO","barrio":"","polivalvula":"","longitud_m":145.58316}},{"type":"Feature","geometry":{"type":"LineString","coordinates":[[-70.7068540951036,7.063816421141889],[-70.70694621081431,7.063621274607072],[-70.7068676630187,7.063598004643162]]},"properties":{"tipo":"TPE3/4","estado":"INSTALADO","barrio":"","polivalvula":"","longitud_m":32.912834}},{"type":"Feature","geometry":{"type":"LineString","coordinates":[[-70.70844041395267,7.06599170480419],[-70.70836382829552,7.065930398159866],[-70.70844438818087,7.065851570190373]]},"properties":{"tipo":"TPE3/4","estado":"INSTALADO","barrio":"","polivalvula":"","longitud_m":23.301352}},{"type":"Feature","geometry":{"type":"LineString","coordinates":[[-70.70701817081871,7.060208888711263],[-70.70691683325794,7.060173674105664]]},"properties":{"tipo":"TPE3/4","estado":"INSTALADO","barrio":"","polivalvula":"","longitud_m":11.854112}},{"type":"Feature","geometry":{"type":"LineString","coordinates":[[-70.7061747528882,7.062039139815822],[-70.70607681364437,7.061993818609613]]},"properties":{"tipo":"TPE3/4","estado":"INSTALADO","barrio":"","polivalvula":"","longitud_m":11.925098}},{"type":"Feature","geometry":{"type":"LineString","coordinates":[[-70.70681386349901,7.061168923728598],[-70.70661203811072,7.061038035717353]]},"properties":{"tipo":"TPE3/4","estado":"INSTALADO","barrio":"","polivalvula":"","longitud_m":26.584759}},{"type":"Feature","geometry":{"type":"LineString","coordinates":[[-70.70666228244329,7.061005671348553],[-70.70663797167805,7.061054853911921]]},"properties":{"tipo":"TPE3/4","estado":"INSTALADO","barrio":"","polivalvula":"","longitud_m":6.066285}},{"type":"Feature","geometry":{"type":"LineString","coordinates":[[-70.7071242717938,7.060873660527916],[-70.7068015090572,7.060684110652023]]},"properties":{"tipo":"TPE3/4","estado":"INSTALADO","barrio":"","polivalvula":"","longitud_m":41.365082}},{"type":"Feature","geometry":{"type":"LineString","coordinates":[[-70.70685871366989,7.060717705143167],[-70.7068848695719,7.060661003685012]]},"properties":{"tipo":"TPE3/4","estado":"INSTALADO","barrio":"","polivalvula":"","longitud_m":6.904625}},{"type":"Feature","geometry":{"type":"LineString","coordinates":[[-70.7060999868144,7.058046253244714],[-70.70598800299764,7.058697583251014],[-70.70543917985457,7.058622503197002],[-70.70556632369241,7.057946740020397],[-70.7060999868144,7.058046253244714]]},"properties":{"tipo":"TPE3/4","estado":"INSTALADO","barrio":"","polivalvula":"","longitud_m":270.312592}},{"type":"Feature","geometry":{"type":"LineString","coordinates":[[-70.7055621646249,7.060289566224323],[-70.7056892297045,7.059778711702805],[-70.70576306729431,7.059559570135753]]},"properties":{"tipo":"TPE3/4","estado":"INSTALADO","barrio":"","polivalvula":"","longitud_m":83.786926}},{"type":"Feature","geometry":{"type":"LineString","coordinates":[[-70.70517311519895,7.061089270698545],[-70.70525692174986,7.061135631502141]]},"properties":{"tipo":"TPE3/4","estado":"INSTALADO","barrio":"","polivalvula":"","longitud_m":10.584002}},{"type":"Feature","geometry":{"type":"LineString","coordinates":[[-70.70761615314834,7.06009113987481],[-70.70758064927611,7.060152487959544]]},"properties":{"tipo":"TPE3/4","estado":"INSTALADO","barrio":"","polivalvula":"","longitud_m":7.837008}},{"type":"Feature","geometry":{"type":"LineString","coordinates":[[-70.70701314966558,7.056543027063962],[-70.70697646225294,7.056596254341091]]},"properties":{"tipo":"TPE3/4","estado":"INSTALADO","barrio":"","polivalvula":"","longitud_m":7.147147}},{"type":"Feature","geometry":{"type":"LineString","coordinates":[[-70.70761248998305,7.057423241069761],[-70.70756795568043,7.057422373900722]]},"properties":{"tipo":"TPE3/4","estado":"INSTALADO","barrio":"","polivalvula":"","longitud_m":4.92126}},{"type":"Feature","geometry":{"type":"LineString","coordinates":[[-70.7086826622531,7.059113791800029],[-70.70874619355968,7.059033073086002],[-70.70840024473118,7.058838262474488],[-70.70880754678565,7.058048324836568],[-70.70891878052377,7.057683185240475]]},"properties":{"tipo":"TPE3/4","estado":"INSTALADO","barrio":"","polivalvula":"","longitud_m":195.712891}},{"type":"Feature","geometry":{"type":"LineString","coordinates":[[-70.70858029503258,7.058345749241967],[-70.70861388086946,7.058271611247246]]},"properties":{"tipo":"TPE3/4","estado":"INSTALADO","barrio":"","polivalvula":"","longitud_m":8.999752}},{"type":"Feature","geometry":{"type":"LineString","coordinates":[[-70.70821533670697,7.058898742840158],[-70.70825122625546,7.058839320071471]]},"properties":{"tipo":"TPE3/4","estado":"INSTALADO","barrio":"","polivalvula":"","longitud_m":7.675344}},{"type":"Feature","geometry":{"type":"LineString","coordinates":[[-70.70831414966018,7.058993447919827],[-70.70824226431856,7.058957444018792]]},"properties":{"tipo":"TPE3/4","estado":"INSTALADO","barrio":"","polivalvula":"","longitud_m":8.884391}},{"type":"Feature","geometry":{"type":"LineString","coordinates":[[-70.76101367070805,7.093010491969879],[-70.76089939489569,7.092980052275307]]},"properties":{"tipo":"TPE3/4","estado":"INSTALADO","barrio":"","polivalvula":"","longitud_m":13.065735}},{"type":"Feature","geometry":{"type":"LineString","coordinates":[[-70.76170421865919,7.093009471823676],[-70.76181651411622,7.093031764784612]]},"properties":{"tipo":"TPE3/4","estado":"INSTALADO","barrio":"MIRAMAR","polivalvula":"","longitud_m":12.648435}},{"type":"Feature","geometry":{"type":"LineString","coordinates":[[-70.76281338128523,7.092472729559821],[-70.76271926040712,7.092472729083919]]},"properties":{"tipo":"TPE3/4","estado":"INSTALADO","barrio":"MIRAMAR","polivalvula":"","longitud_m":10.398003}},{"type":"Feature","geometry":{"type":"LineString","coordinates":[[-70.76322161328977,7.094386785452726],[-70.76328402993806,7.094406172521819]]},"properties":{"tipo":"TPE3/4","estado":"INSTALADO","barrio":"","polivalvula":"","longitud_m":7.221098}},{"type":"Feature","geometry":{"type":"LineString","coordinates":[[-70.76246765891281,7.093941153586519],[-70.76257193830313,7.093999430608395]]},"properties":{"tipo":"TPE3/4","estado":"INSTALADO","barrio":"","polivalvula":"","longitud_m":13.200528}},{"type":"Feature","geometry":{"type":"LineString","coordinates":[[-70.76204615103245,7.093120875017011],[-70.76180650889896,7.093071962212368],[-70.76181651411622,7.093031764784612],[-70.7619219697528,7.092335177443405],[-70.76221805858744,7.092378920194965]]},"properties":{"tipo":"TPE3/4","estado":"INSTALADO","barrio":"MIRAMAR","polivalvula":"","longitud_m":142.582062}},{"type":"Feature","geometry":{"type":"LineString","coordinates":[[-70.76209272449286,7.093128933385292],[-70.76204615103245,7.093120875017011]]},"properties":{"tipo":"TPE3/4","estado":"INSTALADO","barrio":"MIRAMAR","polivalvula":"","longitud_m":5.221807}},{"type":"Feature","geometry":{"type":"LineString","coordinates":[[-70.74583938826238,7.086846658340749],[-70.74596990884035,7.086819381711122]]},"properties":{"tipo":"TPE3/4","estado":"INSTALADO","barrio":"","polivalvula":"","longitud_m":14.731621}},{"type":"Feature","geometry":{"type":"LineString","coordinates":[[-70.74602620500406,7.088241834815877],[-70.74613892902053,7.08822644766668]]},"properties":{"tipo":"TPE3/4","estado":"INSTALADO","barrio":"LA UNION","polivalvula":"UNION","longitud_m":12.569047}},{"type":"Feature","geometry":{"type":"LineString","coordinates":[[-70.74517626225507,7.087582360687842],[-70.74517626200686,7.087503110643063]]},"properties":{"tipo":"TPE3/4","estado":"INSTALADO","barrio":"","polivalvula":"","longitud_m":8.764503}},{"type":"Feature","geometry":{"type":"LineString","coordinates":[[-70.74312648799595,7.085690015444115],[-70.74309111706876,7.085473575788197]]},"properties":{"tipo":"TPE3/4","estado":"INSTALADO","barrio":"","polivalvula":"","longitud_m":24.253586}},{"type":"Feature","geometry":{"type":"LineString","coordinates":[[-70.74744720837597,7.08569151119623],[-70.74754215818565,7.085678211552497]]},"properties":{"tipo":"TPE3/4","estado":"INSTALADO","barrio":"LAS AMERICAS","polivalvula":"","longitud_m":10.592365}},{"type":"Feature","geometry":{"type":"LineString","coordinates":[[-70.74835853385535,7.090044364443077],[-70.7480252892362,7.090002697076751]]},"properties":{"tipo":"TPE3/4","estado":"INSTALADO","barrio":"SANTAFESITO","polivalvula":"SANTAFESITO","longitud_m":37.102715}},{"type":"Feature","geometry":{"type":"LineString","coordinates":[[-70.75063944926252,7.090420969438097],[-70.75054424196075,7.090428431867435]]},"properties":{"tipo":"TPE3/4","estado":"INSTALADO","barrio":"SANTA FE","polivalvula":"SANTA FE","longitud_m":10.550412}},{"type":"Feature","geometry":{"type":"LineString","coordinates":[[-70.74990788673344,7.090133892601317],[-70.75053965420491,7.090141338917162],[-70.75054424196075,7.090428431867435],[-70.75035024400731,7.090437864644452],[-70.75008451587921,7.090279778633393],[-70.74983548846555,7.090212615104739]]},"properties":{"tipo":"TPE3/4","estado":"INSTALADO","barrio":"SANTA FE","polivalvula":"SANTA FE","longitud_m":185.676453}},{"type":"Feature","geometry":{"type":"LineString","coordinates":[[-70.74546203278665,7.078847118482479],[-70.74553950054096,7.078838097217829],[-70.7455174737417,7.078226269458519]]},"properties":{"tipo":"TPE2","estado":"INSTALADO","barrio":"EL CHIRCAL","polivalvula":"","longitud_m":76.324074}},{"type":"Feature","geometry":{"type":"LineString","coordinates":[[-70.74555391619003,7.078839140115597],[-70.74555330184815,7.078815983590657]]},"properties":{"tipo":"TPE3/4","estado":"INSTALADO","barrio":"","polivalvula":"","longitud_m":2.561848}},{"type":"Feature","geometry":{"type":"LineString","coordinates":[[-70.74505927813819,7.078821626825655],[-70.74496881696311,7.078821696927381]]},"properties":{"tipo":"TPE3/4","estado":"INSTALADO","barrio":"EL CHIRCAL","polivalvula":"","longitud_m":9.994011}},{"type":"Feature","geometry":{"type":"LineString","coordinates":[[-70.74371044275935,7.079142506418795],[-70.74372517016309,7.079224884782001]]},"properties":{"tipo":"TPE3/4","estado":"INSTALADO","barrio":"EL CHIRCAL","polivalvula":"","longitud_m":9.254621}},{"type":"Feature","geometry":{"type":"LineString","coordinates":[[-70.74624067156782,7.079319797496553],[-70.74624637598751,7.07923205455085]]},"properties":{"tipo":"TPE3/4","estado":"INSTALADO","barrio":"","polivalvula":"","longitud_m":9.724196}},{"type":"Feature","geometry":{"type":"LineString","coordinates":[[-70.7453977650843,7.079722914120107],[-70.74548770156267,7.079718885812138]]},"properties":{"tipo":"TPE3/4","estado":"INSTALADO","barrio":"EL CHIRCAL","polivalvula":"","longitud_m":9.946003}},{"type":"Feature","geometry":{"type":"LineString","coordinates":[[-70.74560002695998,7.079369274589179],[-70.74547649427431,7.079376569397953]]},"properties":{"tipo":"TPE3/4","estado":"INSTALADO","barrio":"","polivalvula":"","longitud_m":13.671504}},{"type":"Feature","geometry":{"type":"LineString","coordinates":[[-70.74927536621549,7.078787680267491],[-70.74856517875612,7.078569737275408],[-70.74845679754549,7.078541433720916],[-70.7481259472023,7.078453690480083]]},"properties":{"tipo":"TPE3","estado":"INSTALADO","barrio":"MERIDIANO 70","polivalvula":"","longitud_m":132.2733}},{"type":"Feature","geometry":{"type":"LineString","coordinates":[[-70.76690947512151,7.086766867668226],[-70.76684317847926,7.086730452998748]]},"properties":{"tipo":"TPE3/4","estado":"INSTALADO","barrio":"","polivalvula":"","longitud_m":8.358371}},{"type":"Feature","geometry":{"type":"LineString","coordinates":[[-70.7230567727241,7.063309131020492],[-70.72298261618533,7.063360079633469],[-70.72278011319027,7.063662944465062],[-70.72274163322358,7.063752640473134],[-70.72261914789752,7.064038152700785],[-70.72259220426014,7.064100957972921]]},"properties":{"tipo":"TPE2","estado":"INSTALADO","barrio":"BELLO HORIZONTE POL 1","polivalvula":"","longitud_m":102.925758}},{"type":"Feature","geometry":{"type":"LineString","coordinates":[[-70.74774597081276,7.077851949853494],[-70.74771269558948,7.077851949788204],[-70.747690901063,7.078159537205031]]},"properties":{"tipo":"TPE3/4","estado":"INSTALADO","barrio":"MERIDIANO 70","polivalvula":"","longitud_m":37.778313}},{"type":"Feature","geometry":{"type":"LineString","coordinates":[[-70.74753713687313,7.078679895495251],[-70.74763900077276,7.078628141604947]]},"properties":{"tipo":"TPE3/4","estado":"INSTALADO","barrio":"MERIDIANO 70","polivalvula":"","longitud_m":12.625648}},{"type":"Feature","geometry":{"type":"LineString","coordinates":[[-70.74502649839626,7.077765170842152],[-70.745026526165,7.077726374538328],[-70.74508559841846,7.077726081264109]]},"properties":{"tipo":"TPE3/4","estado":"INSTALADO","barrio":"EL CHIRCAL","polivalvula":"","longitud_m":10.816905}},{"type":"Feature","geometry":{"type":"LineString","coordinates":[[-70.74551342184932,7.078124289000846],[-70.74546239165323,7.078127358584325]]},"properties":{"tipo":"TPE3/4","estado":"INSTALADO","barrio":"EL CHIRCAL","polivalvula":"","longitud_m":5.647955}},{"type":"Feature","geometry":{"type":"LineString","coordinates":[[-70.7474271687163,7.079823611207122],[-70.74744342837482,7.079470376850079],[-70.74686036791569,7.079461234540688],[-70.74686952533641,7.079550284704697]]},"properties":{"tipo":"TPE3/4","estado":"INSTALADO","barrio":"MERIDIANO 70","polivalvula":"","longitud_m":113.430092}},{"type":"Feature","geometry":{"type":"LineString","coordinates":[[-70.74848954629849,7.078549986351875],[-70.74828793008616,7.079248995209943]]},"properties":{"tipo":"TPE3/4","estado":"INSTALADO","barrio":"MERIDIANO 70","polivalvula":"","longitud_m":80.450447}},{"type":"Feature","geometry":{"type":"LineString","coordinates":[[-70.74788081067999,7.079480380970171],[-70.7478951983298,7.079228864231018]]},"properties":{"tipo":"TPE3/4","estado":"INSTALADO","barrio":"MERIDIANO 70","polivalvula":"","longitud_m":27.861359}},{"type":"Feature","geometry":{"type":"LineString","coordinates":[[-70.74975404199499,7.077538092925979],[-70.74964034291766,7.077501166911119]]},"properties":{"tipo":"TPE3/4","estado":"INSTALADO","barrio":"","polivalvula":"","longitud_m":13.20848}},{"type":"Feature","geometry":{"type":"LineString","coordinates":[[-70.75009254434588,7.080694216247551],[-70.75012186337706,7.079822428727138],[-70.75015700899294,7.079004970105178]]},"properties":{"tipo":"TPE3","estado":"INSTALADO","barrio":"MERIDIANO 70","polivalvula":"","longitud_m":185.085983}},{"type":"Feature","geometry":{"type":"LineString","coordinates":[[-70.75009671181041,7.0812922131926],[-70.75009254434588,7.080694216247551]]},"properties":{"tipo":"TPE3/4","estado":"INSTALADO","barrio":"","polivalvula":"","longitud_m":66.135841}},{"type":"Feature","geometry":{"type":"LineString","coordinates":[[-70.75009501171925,7.08127452912739],[-70.75009254434588,7.080694216247551]]},"properties":{"tipo":"TPE3","estado":"INSTALADO","barrio":"MERIDIANO 70","polivalvula":"","longitud_m":64.179085}},{"type":"Feature","geometry":{"type":"LineString","coordinates":[[-70.74546203278665,7.078847118482479],[-70.74549825226585,7.079732528023539],[-70.74552680225185,7.079899021922005],[-70.74552942503992,7.08049457979001],[-70.74563653942842,7.080491001356696],[-70.74565638526866,7.081563299843215],[-70.74556566067572,7.08157656417788]]},"properties":{"tipo":"TPE2","estado":"INSTALADO","barrio":"EL CHIRCAL","polivalvula":"","longitud_m":323.127411}},{"type":"Feature","geometry":{"type":"LineString","coordinates":[[-70.75073194768206,7.083682189932164],[-70.75034737411357,7.083711765966804],[-70.75026562909173,7.083716376025931],[-70.75026277091756,7.083583672034929],[-70.75021857223969,7.083050264129129],[-70.75023588149993,7.082916994721802],[-70.75019747733153,7.082448334627006],[-70.75019325513954,7.08233224827461],[-70.75013346424937,7.081674399159024],[-70.75009501171925,7.08127452912739]]},"properties":{"tipo":"TPE2","estado":"INSTALADO","barrio":"LAS AMERICAS","polivalvula":"","longitud_m":322.722076}},{"type":"Feature","geometry":{"type":"LineString","coordinates":[[-70.75087475219114,7.084583241229064],[-70.750841637099,7.084469500926181],[-70.75073194768206,7.083682189932164]]},"properties":{"tipo":"TPE2","estado":"INSTALADO","barrio":"LAS AMERICAS","polivalvula":"","longitud_m":101.010368}},{"type":"Feature","geometry":{"type":"LineString","coordinates":[[-70.7487597372827,7.089936811579693],[-70.74901734899059,7.089941465106895],[-70.74959541894555,7.08995190657094],[-70.74972376620315,7.089953793800395],[-70.74972867053417,7.090126546049408]]},"properties":{"tipo":"TPE2","estado":"INSTALADO","barrio":"LA UNION","polivalvula":"","longitud_m":125.631294}},{"type":"Feature","geometry":{"type":"LineString","coordinates":[[-70.7469674167129,7.089673993729094],[-70.74705904138864,7.089682777346115],[-70.74793699973068,7.089828788892876],[-70.74802990894577,7.089832424622635],[-70.7483071950773,7.089892469424874],[-70.74868272908982,7.089950020142934],[-70.74868215793035,7.089928310402463],[-70.7487597372827,7.089936811579693]]},"properties":{"tipo":"TPE2","estado":"INSTALADO","barrio":"LA UNION","polivalvula":"LA UNION UNO","longitud_m":203.110535}},{"type":"Feature","geometry":{"type":"LineString","coordinates":[[-70.74514912022362,7.088322018296874],[-70.74519054134844,7.088566527216689],[-70.7459188695285,7.089238337647901],[-70.74610816297019,7.089350256421046],[-70.74621140872254,7.089419120105075],[-70.74644801191151,7.089578366605346],[-70.74662238691265,7.089644066379383],[-70.7469674167129,7.089673993729094]]},"properties":{"tipo":"TPE2","estado":"INSTALADO","barrio":"LA UNION","polivalvula":"LA UNION UNO","longitud_m":265.328369}},{"type":"Feature","geometry":{"type":"LineString","coordinates":[[-70.7451505927377,7.088332406082999],[-70.74517554959138,7.088491116609325],[-70.74502417655486,7.088502502747865],[-70.74502843750247,7.088562697668443],[-70.74476157493983,7.088588303080242]]},"properties":{"tipo":"TPE3/4","estado":"INSTALADO","barrio":"LA UNION","polivalvula":"UNION","longitud_m":70.829338}},{"type":"Feature","geometry":{"type":"LineString","coordinates":[[-70.7448623229057,7.086137724619128],[-70.74495227339385,7.08673970322027],[-70.74496327184357,7.086882768970981],[-70.7450721669048,7.087599666198232],[-70.74514912022362,7.088322018296874]]},"properties":{"tipo":"TPE2","estado":"INSTALADO","barrio":"LA UNION","polivalvula":"","longitud_m":243.710434}},{"type":"Feature","geometry":{"type":"LineString","coordinates":[[-70.74475104125433,7.085273467277993],[-70.74486240613376,7.08602164047196],[-70.7448623229057,7.086137724619128]]},"properties":{"tipo":"TPE2","estado":"INSTALADO","barrio":"LAS AMERICAS","polivalvula":"","longitud_m":96.490532}},{"type":"Feature","geometry":{"type":"LineString","coordinates":[[-70.75143699716118,7.090205257401106],[-70.75068098556717,7.090162236231819],[-70.74972867053417,7.090126546049408]]},"properties":{"tipo":"TPE2","estado":"INSTALADO","barrio":"LA UNION","polivalvula":"","longitud_m":188.937943}},{"type":"Feature","geometry":{"type":"LineString","coordinates":[[-70.75406478469282,7.090513954452367],[-70.753603115668,7.090667169812036],[-70.75329850459855,7.090629054401424],[-70.75289349875675,7.090502632464473],[-70.75268434066996,7.090430930186761],[-70.75246529492553,7.090372813994005],[-70.75235120819052,7.090354699568152],[-70.75143699716118,7.090205257401106]]},"properties":{"tipo":"TPE2","estado":"INSTALADO","barrio":"LA UNION","polivalvula":"","longitud_m":299.107269}},{"type":"Feature","geometry":{"type":"LineString","coordinates":[[-70.75640749764311,7.089619775972404],[-70.75556190052866,7.089740942664763],[-70.75556595897395,7.08976626015205],[-70.75548024134655,7.089782205113804],[-70.75548035228529,7.089749160064801],[-70.75505139137019,7.089936206875532],[-70.75449070685112,7.090264883939273],[-70.75425112561254,7.090376210914908],[-70.7540647846928,7.090513954452387]]},"properties":{"tipo":"TPE2","estado":"INSTALADO","barrio":"SAN LUIS","polivalvula":"","longitud_m":283.687408}},{"type":"Feature","geometry":{"type":"LineString","coordinates":[[-70.76109848436592,7.089786066162628],[-70.7610674018863,7.08968518148072],[-70.76116747459113,7.089645427866325]]},"properties":{"tipo":"TPE3","estado":"INSTALADO","barrio":"PRIMERO DE MAYO","polivalvula":"","longitud_m":22.999989}},{"type":"Feature","geometry":{"type":"LineString","coordinates":[[-70.76169058476351,7.093053344234477],[-70.76181883314734,7.092322103812175],[-70.76184345416222,7.092243588336284],[-70.76196692567362,7.091311106413333],[-70.76165539965329,7.09107610376405],[-70.7615291439331,7.090881376021509],[-70.76148300137068,7.090675740007543],[-70.76142310544539,7.090573847282805],[-70.76132875803386,7.090456638980454],[-70.76112768121493,7.089906779365601],[-70.76113870629736,7.089791319177827]]},"properties":{"tipo":"TPE2","estado":"INSTALADO","barrio":"MIRAMAR","polivalvula":"","longitud_m":394.5849}},{"type":"Feature","geometry":{"type":"LineString","coordinates":[[-70.75744540110023,7.090203449725584],[-70.75845341501584,7.090373285849473],[-70.7583809081242,7.089504353624136],[-70.75849990687406,7.089515257904754],[-70.75849784635513,7.08948548422587],[-70.7590517131601,7.089537830383028],[-70.75925652049486,7.089557187115981],[-70.75926046314109,7.089595878571577],[-70.75934012173975,7.089595380639641],[-70.75933650193188,7.089583516635643],[-70.76021413184677,7.089689898386723],[-70.76021580343956,7.089727333232843],[-70.76047118361208,7.089742068146816],[-70.76056150204874,7.089744898470254],[-70.76108380852469,7.089784223477167]]},"properties":{"tipo":"TPE2","estado":"INSTALADO","barrio":"MIRAMAR FRONTERA","polivalvula":"","longitud_m":522.450867}},{"type":"Feature","geometry":{"type":"LineString","coordinates":[[-70.75984259847807,7.085446893446576],[-70.75989262266079,7.086197897625874],[-70.75988615427164,7.08641876646774],[-70.75991120357668,7.086740628117153],[-70.75994158618438,7.086883971898279],[-70.75996813966088,7.087739123164547]]},"properties":{"tipo":"TPE2","estado":"INSTALADO","barrio":"7 DE AGOSTO","polivalvula":"","longitud_m":254.202713}},{"type":"Feature","geometry":{"type":"LineString","coordinates":[[-70.74776128681785,7.079828162104469],[-70.747770028337,7.079372464673359],[-70.74750603108033,7.079368024108425],[-70.7474984726216,7.079820780944314]]},"properties":{"tipo":"TPE3/4","estado":"INSTALADO","barrio":"MERIDIANO 70","polivalvula":"","longitud_m":129.654953}},{"type":"Feature","geometry":{"type":"LineString","coordinates":[[-70.70623340255395,7.063564591310407],[-70.70643146840852,7.063846095916944],[-70.70650035166543,7.063955244094782],[-70.70664962704384,7.06415632430591],[-70.70678745780882,7.064294236957257],[-70.7069999891108,7.064455175050257],[-70.70716945431766,7.064564403041688],[-70.70739923760065,7.064713871150869],[-70.70763476766022,7.064863344615989],[-70.70769508023834,7.064909326508462],[-70.70794491183996,7.065144936621581],[-70.70811428637109,7.065369000268158],[-70.70816594903742,7.065452296673948],[-70.70844438818087,7.065851570190373],[-70.70857360321577,7.065983732874964],[-70.70866552389175,7.066035481419999],[-70.70899293623245,7.066285507684995],[-70.70943859924832,7.066583594749469],[-70.70938706320571,7.066683008535905],[-70.7105543894035,7.067360458976913]]},"properties":{"tipo":"TPE2","estado":"INSTALADO","barrio":"","polivalvula":"","longitud_m":654.883728}},{"type":"Feature","geometry":{"type":"LineString","coordinates":[[-70.70551367761472,7.060375709080699],[-70.7055621646249,7.060289566224323]]},"properties":{"tipo":"TPE3/4","estado":"INSTALADO","barrio":"","polivalvula":"","longitud_m":10.929682}},{"type":"Feature","geometry":{"type":"LineString","coordinates":[[-70.70491323709355,7.060292155369321],[-70.7048473192578,7.060251637360195],[-70.70471611937842,7.060457322529231],[-70.7044841447057,7.06033089173764]]},"properties":{"tipo":"TPE3/4","estado":"INSTALADO","barrio":"","polivalvula":"","longitud_m":64.719688}},{"type":"Feature","geometry":{"type":"LineString","coordinates":[[-70.70503636977342,7.060109963305213],[-70.70449398310875,7.059774043284732],[-70.70424806902308,7.060124369553108]]},"properties":{"tipo":"TPE3/4","estado":"INSTALADO","barrio":"","polivalvula":"","longitud_m":117.827049}},{"type":"Feature","geometry":{"type":"LineString","coordinates":[[-70.70693446258478,7.058208561933469],[-70.70707740873239,7.058207152709292]]},"properties":{"tipo":"TPE3/4","estado":"INSTALADO","barrio":"","polivalvula":"","longitud_m":15.793998}},{"type":"Feature","geometry":{"type":"LineString","coordinates":[[-70.70538031725494,7.058541556265046],[-70.70545151571002,7.058549864882805]]},"properties":{"tipo":"TPE3/4","estado":"INSTALADO","barrio":"","polivalvula":"","longitud_m":7.919755}},{"type":"Feature","geometry":{"type":"LineString","coordinates":[[-70.70695066535171,7.063001080680155],[-70.70692800225982,7.063074722636333]]},"properties":{"tipo":"TPE3/4","estado":"INSTALADO","barrio":"","polivalvula":"","longitud_m":8.520517}},{"type":"Feature","geometry":{"type":"LineString","coordinates":[[-70.70678662945872,7.062929608775277],[-70.70681186057162,7.062867103354789]]},"properties":{"tipo":"TPE3/4","estado":"INSTALADO","barrio":"","polivalvula":"","longitud_m":7.453585}},{"type":"Feature","geometry":{"type":"LineString","coordinates":[[-70.70657988534965,7.06275388318455],[-70.70681186057162,7.062867103354789]]},"properties":{"tipo":"TPE3/4","estado":"INSTALADO","barrio":"","polivalvula":"","longitud_m":28.524439}},{"type":"Feature","geometry":{"type":"LineString","coordinates":[[-70.70365769251534,7.077189911349168],[-70.70316983947508,7.07755549038344],[-70.7031443036997,7.077572018749482],[-70.702977314721,7.077344180138161],[-70.70347325538778,7.076983937227358]]},"properties":{"tipo":"TPE3/4","estado":"INSTALADO","barrio":"Manhattan","polivalvula":"","longitud_m":169.712097}},{"type":"Feature","geometry":{"type":"LineString","coordinates":[[-70.70406650152985,7.077732410038687],[-70.7035838626467,7.078084637541802],[-70.70354122960855,7.078114516458106],[-70.70338673786394,7.07789987686683],[-70.70342831680126,7.077869490757599],[-70.70387873464186,7.077541356519339]]},"properties":{"tipo":"TPE3/4","estado":"INSTALADO","barrio":"Manhattan","polivalvula":"","longitud_m":168.305695}},{"type":"Feature","geometry":{"type":"LineString","coordinates":[[-70.70378830229384,7.078419900288657],[-70.70427043069171,7.078070173232014]]},"properties":{"tipo":"TPE3/4","estado":"INSTALADO","barrio":"Manhattan","polivalvula":"","longitud_m":65.826439}},{"type":"Feature","geometry":{"type":"LineString","coordinates":[[-70.70309579872925,7.078941829487628],[-70.70370159687613,7.078462922729652],[-70.70387774818211,7.078681063548849]]},"properties":{"tipo":"TPE3/4","estado":"INSTALADO","barrio":"Manhattan","polivalvula":"","longitud_m":116.345337}},{"type":"Feature","geometry":{"type":"LineString","coordinates":[[-70.70281096262919,7.077899102679672],[-70.70311975616387,7.077667385315825],[-70.70329620974107,7.077900612461872]]},"properties":{"tipo":"TPE3/4","estado":"INSTALADO","barrio":"Manhattan","polivalvula":"","longitud_m":74.99968}},{"type":"Feature","geometry":{"type":"LineString","coordinates":[[-70.70309617855321,7.077622853765732],[-70.70291993730656,7.077385857963832]]},"properties":{"tipo":"TPE3/4","estado":"INSTALADO","barrio":"Manhattan","polivalvula":"","longitud_m":32.651093}},{"type":"Feature","geometry":{"type":"LineString","coordinates":[[-70.70244386397106,7.077713377414238],[-70.70291993730656,7.077385857963832]]},"properties":{"tipo":"TPE3/4","estado":"INSTALADO","barrio":"Manhattan","polivalvula":"","longitud_m":63.862038}},{"type":"Feature","geometry":{"type":"LineString","coordinates":[[-70.76304590146889,7.077963895039126],[-70.76325987175093,7.077951906744024],[-70.76332500976558,7.077945962077858],[-70.76339182436129,7.077936990306721]]},"properties":{"tipo":"TPE3","estado":"INSTALADO","barrio":"","polivalvula":"","longitud_m":38.350525}},{"type":"Feature","geometry":{"type":"LineString","coordinates":[[-70.76018370840228,7.079341439366786],[-70.76024742441939,7.079309306210207],[-70.7604251207846,7.079219689102271],[-70.76055169524648,7.079149254455229],[-70.76087153027547,7.078994151015405],[-70.76111776656232,7.078855460417001],[-70.7612529774032,7.078765700160994],[-70.76155253503671,7.078580767664746],[-70.76193882733082,7.078347537997909],[-70.76220295597146,7.078203657859887],[-70.76229611502795,7.078168181565019],[-70.76235253001862,7.078147689491704],[-70.76283347769024,7.077985824352486],[-70.76291018674232,7.077975216375523],[-70.76304590146889,7.077963895039126]]},"properties":{"tipo":"TPE3","estado":"INSTALADO","barrio":"SANTA TERESITA","polivalvula":"","longitud_m":353.651276}},{"type":"Feature","geometry":{"type":"LineString","coordinates":[[-70.76224593099415,7.080786232643439],[-70.76221699072356,7.080589663612789]]},"properties":{"tipo":"TPE3/4","estado":"INSTALADO","barrio":"Los Guarataros","polivalvula":"","longitud_m":8.317784}},{"type":"Feature","geometry":{"type":"LineString","coordinates":[[-70.76036187823821,7.080687097782498],[-70.76035523636855,7.080567552926661],[-70.7603228855375,7.080010328244065],[-70.76030656655519,7.079729237338843],[-70.76027718869587,7.079466091711044],[-70.76023164288605,7.079414161230853],[-70.76018370840228,7.079341439366801]]},"properties":{"tipo":"TPE3","estado":"INSTALADO","barrio":"SANTA TERESITA","polivalvula":"","longitud_m":156.208359}},{"type":"Feature","geometry":{"type":"LineString","coordinates":[[-70.75952911517551,7.080777309277583],[-70.7598723248423,7.080755609184959],[-70.76009289160123,7.080736740386465],[-70.76024690779356,7.080715984217193],[-70.76036187823821,7.080687097782478]]},"properties":{"tipo":"TPE3","estado":"INSTALADO","barrio":"SANTA TERESITA","polivalvula":"","longitud_m":92.716621}},{"type":"Feature","geometry":{"type":"LineString","coordinates":[[-70.75942643751273,7.080783914031928],[-70.75952911452964,7.080778252376406]]},"properties":{"tipo":"TPE3","estado":"INSTALADO","barrio":"SANTA TERESITA","polivalvula":"","longitud_m":11.360799}},{"type":"Feature","geometry":{"type":"LineString","coordinates":[[-70.75943879670699,7.080853729910161],[-70.75942643751273,7.080783914031928]]},"properties":{"tipo":"TPE3","estado":"INSTALADO","barrio":"SANTA TERESITA","polivalvula":"","longitud_m":7.840938}},{"type":"Feature","geometry":{"type":"LineString","coordinates":[[-70.75950534712692,7.081531139479909],[-70.75943879670699,7.080853729910161]]},"properties":{"tipo":"TPE3","estado":"INSTALADO","barrio":"SANTA TERESITA","polivalvula":"","longitud_m":75.276566}},{"type":"Feature","geometry":{"type":"LineString","coordinates":[[-70.75954462109189,7.081632994818235],[-70.75951603554786,7.08163512912734],[-70.75950534712692,7.081531139479909]]},"properties":{"tipo":"TPE3","estado":"INSTALADO","barrio":"SANTA TERESITA","polivalvula":"","longitud_m":14.727844}},{"type":"Feature","geometry":{"type":"LineString","coordinates":[[-70.75958261730331,7.08224853544312],[-70.75953983425892,7.081628206425695]]},"properties":{"tipo":"TPE3","estado":"INSTALADO","barrio":"","polivalvula":"","longitud_m":68.766579}},{"type":"Feature","geometry":{"type":"LineString","coordinates":[[-70.75959928767429,7.082347669908543],[-70.75958740414285,7.082253323835414]]},"properties":{"tipo":"TPE3","estado":"INSTALADO","barrio":"","polivalvula":"","longitud_m":10.516272}},{"type":"Feature","geometry":{"type":"LineString","coordinates":[[-70.7604882096361,7.082260399231219],[-70.75971812780435,7.082331159616071],[-70.7596213359094,7.082344607018388]]},"properties":{"tipo":"TPE2","estado":"INSTALADO","barrio":"","polivalvula":"","longitud_m":96.232056}},{"type":"Feature","geometry":{"type":"LineString","coordinates":[[-70.76131883081321,7.082195611287466],[-70.7604882096361,7.082260399231219]]},"properties":{"tipo":"TPE2","estado":"INSTALADO","barrio":"","polivalvula":"","longitud_m":92.070541}},{"type":"Feature","geometry":{"type":"LineString","coordinates":[[-70.76140216724913,7.082194356807275],[-70.76131883081321,7.082195611287466]]},"properties":{"tipo":"TPE2","estado":"INSTALADO","barrio":"","polivalvula":"","longitud_m":9.207842}},{"type":"Feature","geometry":{"type":"LineString","coordinates":[[-70.7623143172399,7.082166727056468],[-70.76231138146053,7.082135229343152],[-70.76140216724913,7.082194356807275]]},"properties":{"tipo":"TPE2","estado":"INSTALADO","barrio":"","polivalvula":"","longitud_m":104.158775}},{"type":"Feature","geometry":{"type":"LineString","coordinates":[[-70.76242271463157,7.082148540708665],[-70.76230953037184,7.082161938691007]]},"properties":{"tipo":"TPE2","estado":"INSTALADO","barrio":"LA ESPERANZA","polivalvula":"","longitud_m":12.591791}},{"type":"Feature","geometry":{"type":"LineString","coordinates":[[-70.76328013019793,7.082024772579363],[-70.76242271463157,7.082148540708665]]},"properties":{"tipo":"TPE2","estado":"INSTALADO","barrio":"LA ESPERANZA","polivalvula":"","longitud_m":95.708939}},{"type":"Feature","geometry":{"type":"LineString","coordinates":[[-70.76342260291268,7.082012454781226],[-70.76328013019793,7.082024772579363]]},"properties":{"tipo":"TPE2","estado":"INSTALADO","barrio":"LA ESPERANZA","polivalvula":"","longitud_m":15.798864}},{"type":"Feature","geometry":{"type":"LineString","coordinates":[[-70.75967059176708,7.083232167548768],[-70.7596213359094,7.082344607018388]]},"properties":{"tipo":"TPE2","estado":"INSTALADO","barrio":"LA ESPERANZA","polivalvula":"","longitud_m":98.308563}},{"type":"Feature","geometry":{"type":"LineString","coordinates":[[-70.7596700440304,7.083310320528399],[-70.75967059176708,7.083232167548768]]},"properties":{"tipo":"TPE2","estado":"INSTALADO","barrio":"LA ESPERANZA","polivalvula":"","longitud_m":8.643373}},{"type":"Feature","geometry":{"type":"LineString","coordinates":[[-70.75972799726347,7.083872060226916],[-70.75969377135938,7.083305982028742]]},"properties":{"tipo":"TPE2","estado":"INSTALADO","barrio":"LA ESPERANZA","polivalvula":"","longitud_m":62.718285}},{"type":"Feature","geometry":{"type":"LineString","coordinates":[[-70.75972047095097,7.083986866329862],[-70.75970512903051,7.083873575441831]]},"properties":{"tipo":"TPE2","estado":"INSTALADO","barrio":"LA ESPERANZA","polivalvula":"","longitud_m":12.643287}},{"type":"Feature","geometry":{"type":"LineString","coordinates":[[-70.7597775473166,7.084623773036354],[-70.75972525780911,7.083991654721241]]},"properties":{"tipo":"TPE2","estado":"INSTALADO","barrio":"LA ESPERANZA","polivalvula":"","longitud_m":70.146042}},{"type":"Feature","geometry":{"type":"LineString","coordinates":[[-70.75976265248536,7.0847220504263],[-70.7597775473166,7.084623773036354]]},"properties":{"tipo":"TPE2","estado":"INSTALADO","barrio":"","polivalvula":"","longitud_m":10.992639}},{"type":"Feature","geometry":{"type":"LineString","coordinates":[[-70.75982540001952,7.085369263645671],[-70.75976265248536,7.0847220504263]]},"properties":{"tipo":"TPE2","estado":"INSTALADO","barrio":"","polivalvula":"","longitud_m":71.912056}},{"type":"Feature","geometry":{"type":"LineString","coordinates":[[-70.75984738535193,7.085451681837121],[-70.75982349929764,7.085373037456162]]},"properties":{"tipo":"TPE2","estado":"INSTALADO","barrio":"","polivalvula":"","longitud_m":9.089013}},{"type":"Feature","geometry":{"type":"LineString","coordinates":[[-70.75648919099534,7.090134744153212],[-70.75660874545493,7.090128882405826],[-70.75730923532892,7.090213792393421],[-70.75744540110023,7.090203449725584]]},"properties":{"tipo":"TPE2","estado":"INSTALADO","barrio":"SAN LUIS","polivalvula":"","longitud_m":106.264854}},{"type":"Feature","geometry":{"type":"LineString","coordinates":[[-70.75243868555216,7.090399741947705],[-70.75243816977422,7.09036850722211]]},"properties":{"tipo":"TPE3/4","estado":"INSTALADO","barrio":"","polivalvula":"","longitud_m":22.465755}},{"type":"Feature","geometry":{"type":"LineString","coordinates":[[-70.749440741691,7.081759851580625],[-70.74946889069135,7.082383223239184],[-70.75019558262677,7.082334366684333]]},"properties":{"tipo":"TPE3/4","estado":"INSTALADO","barrio":"LAS AMERICAS","polivalvula":"","longitud_m":181.575211}},{"type":"Feature","geometry":{"type":"LineString","coordinates":[[-70.75147845952266,7.082241200056025],[-70.75073689836316,7.082293089969482],[-70.75066798007215,7.082295932334517],[-70.75019558262677,7.082334366684333]]},"properties":{"tipo":"TPE1","estado":"INSTALADO","barrio":"LAS AMERICAS","polivalvula":"","longitud_m":142.109116}},{"type":"Feature","geometry":{"type":"LineString","coordinates":[[-70.75064740122924,7.082023385041166],[-70.75066798007215,7.082295932334517]]},"properties":{"tipo":"TPE3/4","estado":"INSTALADO","barrio":"LAS AMERICAS","polivalvula":"","longitud_m":30.227427}},{"type":"Feature","geometry":{"type":"LineString","coordinates":[[-70.75141862474668,7.081653546273162],[-70.75147845952266,7.082241200056025],[-70.75073689836316,7.082293089969482],[-70.75069278653028,7.081651045862706]]},"properties":{"tipo":"TPE3/4","estado":"INSTALADO","barrio":"LAS AMERICAS","polivalvula":"","longitud_m":203.096542}},{"type":"Feature","geometry":{"type":"LineString","coordinates":[[-70.75150663961132,7.082365373340068],[-70.75162258015837,7.082363829699101]]},"properties":{"tipo":"TPE3/4","estado":"INSTALADO","barrio":"LAS AMERICAS","polivalvula":"","longitud_m":12.80996}},{"type":"Feature","geometry":{"type":"LineString","coordinates":[[-70.75159492198388,7.082238841182471],[-70.75147845952266,7.082241200056025]]},"properties":{"tipo":"TPE1","estado":"INSTALADO","barrio":"LAS AMERICAS","polivalvula":"","longitud_m":12.86913}},{"type":"Feature","geometry":{"type":"LineString","coordinates":[[-70.75159492198388,7.082238841182471],[-70.75147845952266,7.082241200056025]]},"properties":{"tipo":"TPE3/4","estado":"INSTALADO","barrio":"LAS AMERICAS","polivalvula":"","longitud_m":12.86913}},{"type":"Feature","geometry":{"type":"LineString","coordinates":[[-70.75153879585758,7.081633922171141],[-70.75159492198388,7.082238841182471]]},"properties":{"tipo":"TPE3/4","estado":"INSTALADO","barrio":"LAS AMERICAS","polivalvula":"","longitud_m":67.186508}},{"type":"Feature","geometry":{"type":"LineString","coordinates":[[-70.7522795961116,7.081573540698895],[-70.75234348438121,7.08217283000945],[-70.75161373457063,7.082237967325217],[-70.75159492198388,7.082238841182471]]},"properties":{"tipo":"TPE3/4","estado":"INSTALADO","barrio":"LAS AMERICAS","polivalvula":"","longitud_m":149.674713}},{"type":"Feature","geometry":{"type":"LineString","coordinates":[[-70.75096507115002,7.085359341658044],[-70.75100547616447,7.085460763497771]]},"properties":{"tipo":"TPE3/4","estado":"INSTALADO","barrio":"LAS AMERICAS","polivalvula":"","longitud_m":12.072135}},{"type":"Feature","geometry":{"type":"LineString","coordinates":[[-70.7495696694914,7.084703394663442],[-70.75030583351736,7.084638549186716],[-70.75038712606282,7.08544679999831],[-70.7502121940945,7.085467556171406]]},"properties":{"tipo":"TPE3/4","estado":"INSTALADO","barrio":"LAS AMERICAS","polivalvula":"","longitud_m":190.943405}},{"type":"Feature","geometry":{"type":"LineString","coordinates":[[-70.74961133950161,7.085103380872387],[-70.7495696694914,7.084703394663442]]},"properties":{"tipo":"TPE3/4","estado":"INSTALADO","barrio":"LAS AMERICAS","polivalvula":"","longitud_m":44.47456}},{"type":"Feature","geometry":{"type":"LineString","coordinates":[[-70.75597596207791,7.087133826530621],[-70.75590465735131,7.086478124684448]]},"properties":{"tipo":"TPE2","estado":"INSTALADO","barrio":"CORDOBA","polivalvula":"","longitud_m":72.942589}},{"type":"Feature","geometry":{"type":"LineString","coordinates":[[-70.75599259946736,7.087223455018644],[-70.75597596207791,7.087133826530621]]},"properties":{"tipo":"TPE2","estado":"INSTALADO","barrio":"CORDOBA","polivalvula":"","longitud_m":10.081249}},{"type":"Feature","geometry":{"type":"LineString","coordinates":[[-70.75616610546885,7.088421641254687],[-70.7559810610847,7.087234132174596]]},"properties":{"tipo":"TPE2","estado":"INSTALADO","barrio":"CORDOBA","polivalvula":"","longitud_m":132.911652}},{"type":"Feature","geometry":{"type":"LineString","coordinates":[[-70.75624216318202,7.088788172204157],[-70.75616610546885,7.088421641254687]]},"properties":{"tipo":"TPE2","estado":"INSTALADO","barrio":"CORDOBA","polivalvula":"","longitud_m":41.397438}},{"type":"Feature","geometry":{"type":"LineString","coordinates":[[-70.75639426341924,7.089568473077762],[-70.75624216318202,7.088788172204157]]},"properties":{"tipo":"TPE2","estado":"INSTALADO","barrio":"SAN LUIS","polivalvula":"","longitud_m":87.916496}},{"type":"Feature","geometry":{"type":"LineString","coordinates":[[-70.75074943238486,7.090619436470787],[-70.75109929684477,7.090874544917499],[-70.75126205983734,7.09098624952895],[-70.7513913576959,7.091017949006143],[-70.75137224022814,7.09066291294492],[-70.75137614592875,7.090645098998319],[-70.75077985469561,7.090522827835628]]},"properties":{"tipo":"TPE3/4","estado":"INSTALADO","barrio":"SANTA FE","polivalvula":"SANTA FE","longitud_m":192.964584}},{"type":"Feature","geometry":{"type":"LineString","coordinates":[[-70.75393443524763,7.09243368367024],[-70.75421014352082,7.092586993025578],[-70.75410265698643,7.092860786744132],[-70.75379662470226,7.092728519056179]]},"properties":{"tipo":"TPE3/4","estado":"INSTALADO","barrio":"SAN LUIS","polivalvula":"","longitud_m":95.427277}},{"type":"Feature","geometry":{"type":"LineString","coordinates":[[-70.75391432914991,7.092478936981901],[-70.75382747917568,7.092697847571831]]},"properties":{"tipo":"TPE3/4","estado":"INSTALADO","barrio":"SAN LUIS","polivalvula":"","longitud_m":53.083073}},{"type":"Feature","geometry":{"type":"LineString","coordinates":[[-70.75372290035071,7.092914840100506],[-70.75403188449917,7.093110604046943],[-70.75425767948343,7.093223817293045],[-70.75444306988368,7.092374718334961],[-70.75402081839938,7.092258785082087]]},"properties":{"tipo":"TPE3/4","estado":"INSTALADO","barrio":"SAN LUIS","polivalvula":"","longitud_m":212.822586}},{"type":"Feature","geometry":{"type":"LineString","coordinates":[[-70.7543976411325,7.091654526711048],[-70.75445257692886,7.09182280263191],[-70.7544715912273,7.091990264188575],[-70.75449298270922,7.092160084690572],[-70.75443356324803,7.092266221958077],[-70.75406515935825,7.092181311902435],[-70.75403663751142,7.092018568250512],[-70.75407704288777,7.09195252705557],[-70.75418637626933,7.091865258510663],[-70.75421248914479,7.091750713292274],[-70.7543976411325,7.091654526711048]]},"properties":{"tipo":"TPE3/4","estado":"INSTALADO","barrio":"SAN LUIS","polivalvula":"","longitud_m":190.700592}},{"type":"Feature","geometry":{"type":"LineString","coordinates":[[-70.76330876678936,7.076137857993215],[-70.76338556098577,7.076310112780526],[-70.76344944932181,7.076469371561677],[-70.76347074506333,7.076620328007714],[-70.76345365611206,7.077032273853979],[-70.76338894333499,7.077678537443099],[-70.76337490495403,7.077898566789477]]},"properties":{"tipo":"TPE3","estado":"INSTALADO","barrio":"LA GRANJA","polivalvula":"","longitud_m":198.497314}},{"type":"Feature","geometry":{"type":"LineString","coordinates":[[-70.76239952585857,7.073905835127918],[-70.76254104401019,7.074298004480808],[-70.76268402372942,7.074617384297113],[-70.76311728641211,7.075687448772185]]},"properties":{"tipo":"TPE3/4","estado":"INSTALADO","barrio":"LA GRANJA","polivalvula":"","longitud_m":212.450897}},{"type":"Feature","geometry":{"type":"LineString","coordinates":[[-70.74428865137456,7.063691526357482],[-70.74459478328777,7.063831164428415],[-70.74477428134115,7.063838797528095],[-70.7449462662148,7.063976550204896]]},"properties":{"tipo":"TPE1","estado":"INSTALADO","barrio":"","polivalvula":"","longitud_m":81.384521}},{"type":"Feature","geometry":{"type":"LineString","coordinates":[[-70.75877270231385,7.068091920514292],[-70.7586990220253,7.068096638066689]]},"properties":{"tipo":"TPE1","estado":"INSTALADO","barrio":"","polivalvula":"","longitud_m":8.156961}},{"type":"Feature","geometry":{"type":"LineString","coordinates":[[-70.75813572088511,7.068224009432066],[-70.7586990220253,7.068096638066689]]},"properties":{"tipo":"TPE1","estado":"INSTALADO","barrio":"","polivalvula":"","longitud_m":63.808247}},{"type":"Feature","geometry":{"type":"LineString","coordinates":[[-70.75800975026364,7.068242879129938],[-70.75813572088511,7.068224009432066]]},"properties":{"tipo":"TPE1","estado":"INSTALADO","barrio":"","polivalvula":"","longitud_m":14.072923}},{"type":"Feature","geometry":{"type":"LineString","coordinates":[[-70.75758846644833,7.06834371159174],[-70.75800975026364,7.068242879129938]]},"properties":{"tipo":"TPE1","estado":"INSTALADO","barrio":"","polivalvula":"","longitud_m":47.860996}},{"type":"Feature","geometry":{"type":"LineString","coordinates":[[-70.75913093074745,7.066510607822486],[-70.75942869864421,7.066049250962335],[-70.75923319166702,7.065930964220711],[-70.75892183096902,7.066386202765152]]},"properties":{"tipo":"TPE3/4","estado":"INSTALADO","barrio":"","polivalvula":"","longitud_m":146.937271}},{"type":"Feature","geometry":{"type":"LineString","coordinates":[[-70.75889942791208,7.066274070703375],[-70.75897027230505,7.066315377693926]]},"properties":{"tipo":"TPE3/4","estado":"INSTALADO","barrio":"","polivalvula":"","longitud_m":9.062589}},{"type":"Feature","geometry":{"type":"LineString","coordinates":[[-70.75970203015994,7.065761484459902],[-70.75965211719182,7.065723744524723]]},"properties":{"tipo":"TPE3/4","estado":"INSTALADO","barrio":"","polivalvula":"","longitud_m":6.915887}},{"type":"Feature","geometry":{"type":"LineString","coordinates":[[-70.75985353553578,7.065504031008301],[-70.75998901269523,7.065079456146554],[-70.75953979849808,7.064933213697235],[-70.75944035011506,7.065327987346357]]},"properties":{"tipo":"TPE3/4","estado":"INSTALADO","barrio":"","polivalvula":"","longitud_m":146.501892}},{"type":"Feature","geometry":{"type":"LineString","coordinates":[[-70.76002466492181,7.064963877889371],[-70.76012449048797,7.064612423644331],[-70.7596966672479,7.06449448620461],[-70.75958971089999,7.064836505390309]]},"properties":{"tipo":"TPE3/4","estado":"INSTALADO","barrio":"","polivalvula":"","longitud_m":129.063614}},{"type":"Feature","geometry":{"type":"LineString","coordinates":[[-70.76002466492181,7.064963877889371],[-70.75958971089999,7.064836505390309]]},"properties":{"tipo":"TPE3/4","estado":"INSTALADO","barrio":"","polivalvula":"","longitud_m":50.076488}},{"type":"Feature","geometry":{"type":"LineString","coordinates":[[-70.75998901269523,7.065079456146554],[-70.76002466492181,7.064963877889371]]},"properties":{"tipo":"TPE3/4","estado":"INSTALADO","barrio":"","polivalvula":"","longitud_m":13.37526}},{"type":"Feature","geometry":{"type":"LineString","coordinates":[[-70.76011186089616,7.064608941944893],[-70.76013543602556,7.064554280797331]]},"properties":{"tipo":"TPE3/4","estado":"INSTALADO","barrio":"","polivalvula":"","longitud_m":6.58237}},{"type":"Feature","geometry":{"type":"LineString","coordinates":[[-70.75896461363875,7.065324766373848],[-70.75881334240304,7.065291280166793]]},"properties":{"tipo":"TPE3/4","estado":"INSTALADO","barrio":"","polivalvula":"","longitud_m":17.118061}},{"type":"Feature","geometry":{"type":"LineString","coordinates":[[-70.75995811467641,7.06571160140452],[-70.75987791340586,7.065869986654471]]},"properties":{"tipo":"TPE3/4","estado":"INSTALADO","barrio":"","polivalvula":"","longitud_m":19.629881}},{"type":"Feature","geometry":{"type":"LineString","coordinates":[[-70.76081376132679,7.064586477316344],[-70.76042396733517,7.065041716166397],[-70.7600127808346,7.065551205852712],[-70.75995811467641,7.06571160140452]]},"properties":{"tipo":"TPE3/4","estado":"INSTALADO","barrio":"","polivalvula":"","longitud_m":157.368805}},{"type":"Feature","geometry":{"type":"LineString","coordinates":[[-70.76137943910733,7.064010941648834],[-70.76093735494896,7.064485050937688],[-70.76081376132679,7.064586477316344]]},"properties":{"tipo":"TPE3/4","estado":"INSTALADO","barrio":"","polivalvula":"","longitud_m":89.328751}},{"type":"Feature","geometry":{"type":"LineString","coordinates":[[-70.7609183407645,7.064400135515604],[-70.76118216507699,7.064126519844296],[-70.76084465962037,7.063826958251401],[-70.76055249381177,7.064106104566864]]},"properties":{"tipo":"TPE3/4","estado":"INSTALADO","barrio":"","polivalvula":"","longitud_m":136.559692}},{"type":"Feature","geometry":{"type":"LineString","coordinates":[[-70.76088031214398,7.063770348529812],[-70.76084465962037,7.063826958251401]]},"properties":{"tipo":"TPE3/4","estado":"INSTALADO","barrio":"","polivalvula":"","longitud_m":7.396674}},{"type":"Feature","geometry":{"type":"LineString","coordinates":[[-70.76108709320484,7.063558059867344],[-70.76088031214398,7.063770348529812],[-70.7611797884122,7.064046322173165]]},"properties":{"tipo":"TPE3/4","estado":"INSTALADO","barrio":"","polivalvula":"","longitud_m":77.772232}},{"type":"Feature","geometry":{"type":"LineString","coordinates":[[-70.76112512246372,7.063593441521627],[-70.76108709320484,7.063558059867344]]},"properties":{"tipo":"TPE3/4","estado":"INSTALADO","barrio":"","polivalvula":"","longitud_m":5.741444}},{"type":"Feature","geometry":{"type":"LineString","coordinates":[[-70.76150401154233,7.06391123016758],[-70.76117978868892,7.063565135866742],[-70.76112512246372,7.063593441521627]]},"properties":{"tipo":"TPE3/4","estado":"INSTALADO","barrio":"","polivalvula":"","longitud_m":59.225391}},{"type":"Feature","geometry":{"type":"LineString","coordinates":[[-70.76166373308662,7.063760269636458],[-70.76150401154233,7.06391123016758]]},"properties":{"tipo":"TPE3/4","estado":"INSTALADO","barrio":"","polivalvula":"","longitud_m":24.292395}},{"type":"Feature","geometry":{"type":"LineString","coordinates":[[-70.75930329877495,7.063841768231767],[-70.75914415874426,7.064357531654748],[-70.75957782680233,7.064485051057846],[-70.75973235617597,7.063989792005813]]},"properties":{"tipo":"TPE3/4","estado":"INSTALADO","barrio":"","polivalvula":"","longitud_m":167.003998}},{"type":"Feature","geometry":{"type":"LineString","coordinates":[[-70.7600127808346,7.065551205852712],[-70.75985353553578,7.065504031008301]]},"properties":{"tipo":"TPE3/4","estado":"INSTALADO","barrio":"","polivalvula":"","longitud_m":18.350901}},{"type":"Feature","geometry":{"type":"LineString","coordinates":[[-70.76137943910733,7.064010941648834],[-70.7614787259848,7.063963125134436],[-70.76150401154233,7.06391123016758]]},"properties":{"tipo":"TPE3/4","estado":"INSTALADO","barrio":"","polivalvula":"","longitud_m":18.560524}},{"type":"Feature","geometry":{"type":"LineString","coordinates":[[-70.75871714863307,7.0682057000977],[-70.75879377227047,7.068185374130816]]},"properties":{"tipo":"TPE3/4","estado":"INSTALADO","barrio":"","polivalvula":"","longitud_m":8.758811}},{"type":"Feature","geometry":{"type":"LineString","coordinates":[[-70.75803225136272,7.068360973702099],[-70.75800975026364,7.068242879129938]]},"properties":{"tipo":"TPE3/4","estado":"INSTALADO","barrio":"","polivalvula":"","longitud_m":13.294892}},{"type":"Feature","geometry":{"type":"LineString","coordinates":[[-70.75769125966539,7.066988030756945],[-70.75765423784719,7.066963151109199],[-70.75769363679784,7.066900758144268]]},"properties":{"tipo":"TPE3/4","estado":"INSTALADO","barrio":"","polivalvula":"","longitud_m":13.088007}},{"type":"Feature","geometry":{"type":"LineString","coordinates":[[-70.75739630152508,7.067344412196133],[-70.75742030470543,7.067273438505183]]},"properties":{"tipo":"TPE3/4","estado":"INSTALADO","barrio":"","polivalvula":"","longitud_m":8.285057}},{"type":"Feature","geometry":{"type":"LineString","coordinates":[[-70.76080828690378,7.064471065461754],[-70.7609183407645,7.064400135515604]]},"properties":{"tipo":"TPE3/4","estado":"INSTALADO","barrio":"","polivalvula":"","longitud_m":14.469738}},{"type":"Feature","geometry":{"type":"LineString","coordinates":[[-70.76044701368535,7.06489564085749],[-70.76080828690378,7.064471065461754]]},"properties":{"tipo":"TPE3/4","estado":"INSTALADO","barrio":"","polivalvula":"","longitud_m":61.627102}},{"type":"Feature","geometry":{"type":"LineString","coordinates":[[-70.76055249381177,7.064106104566864],[-70.7609183407645,7.064400135515604]]},"properties":{"tipo":"TPE3/4","estado":"INSTALADO","barrio":"","polivalvula":"","longitud_m":51.876083}},{"type":"Feature","geometry":{"type":"LineString","coordinates":[[-70.76022571061358,7.064747011313444],[-70.76044701368535,7.06489564085749]]},"properties":{"tipo":"TPE3/4","estado":"INSTALADO","barrio":"","polivalvula":"","longitud_m":29.461582}},{"type":"Feature","geometry":{"type":"LineString","coordinates":[[-70.7605637689399,7.064270975698976],[-70.76022571061358,7.064747011313444]]},"properties":{"tipo":"TPE3/4","estado":"INSTALADO","barrio":"","polivalvula":"","longitud_m":64.549026}},{"type":"Feature","geometry":{"type":"LineString","coordinates":[[-70.75959928767429,7.082347669908543],[-70.7596213359094,7.082344607018388]]},"properties":{"tipo":"TPE2","estado":"INSTALADO","barrio":"","polivalvula":"","longitud_m":100.92746}},{"type":"Feature","geometry":{"type":"LineString","coordinates":[[-70.75969377135938,7.083305982028742],[-70.75966525717955,7.083305532136643]]},"properties":{"tipo":"TPE2","estado":"INSTALADO","barrio":"LA ESPERANZA","polivalvula":"","longitud_m":3.15056}},{"type":"Feature","geometry":{"type":"LineString","coordinates":[[-70.75972799726347,7.083872060226916],[-70.75970860202328,7.083869795471955]]},"properties":{"tipo":"TPE2","estado":"INSTALADO","barrio":"LA ESPERANZA","polivalvula":"","longitud_m":2.157318}},{"type":"Feature","geometry":{"type":"LineString","coordinates":[[-70.76078393007766,7.087742416800176],[-70.76007104101697,7.087749150692351],[-70.75996813966088,7.087739123164547]]},"properties":{"tipo":"TPE2","estado":"INSTALADO","barrio":"MIRAMAR FRONTERA","polivalvula":"","longitud_m":90.182854}},{"type":"Feature","geometry":{"type":"LineString","coordinates":[[-70.7608392300352,7.088378501117923],[-70.7608173772014,7.088155950110932],[-70.76077308436317,7.087824502433745],[-70.76078393007766,7.087742416800176]]},"properties":{"tipo":"TPE2","estado":"INSTALADO","barrio":"MIRAMAR FRONTERA","polivalvula":"","longitud_m":70.868401}},{"type":"Feature","geometry":{"type":"LineString","coordinates":[[-70.76003550208651,7.08786028009085],[-70.75994560512717,7.087873026926692]]},"properties":{"tipo":"TPE3/4","estado":"INSTALADO","barrio":"","polivalvula":"","longitud_m":10.031017}},{"type":"Feature","geometry":{"type":"LineString","coordinates":[[-70.760772133983,7.088430199258288],[-70.76077061293162,7.088361798673277]]},"properties":{"tipo":"TPE3/4","estado":"INSTALADO","barrio":"","polivalvula":"","longitud_m":7.566483}},{"type":"Feature","geometry":{"type":"LineString","coordinates":[[-70.76021025913845,7.089592531398528],[-70.76027776025053,7.089606682372405]]},"properties":{"tipo":"TPE3/4","estado":"INSTALADO","barrio":"MIRAMAR FRONTERA","polivalvula":"","longitud_m":7.61968}},{"type":"Feature","geometry":{"type":"LineString","coordinates":[[-70.7608419349279,7.088339713829253],[-70.7608392300352,7.088378501117923]]},"properties":{"tipo":"TPE3/4","estado":"INSTALADO","barrio":"","polivalvula":"PRIMERO DE MAYO","longitud_m":4.299993}},{"type":"Feature","geometry":{"type":"LineString","coordinates":[[-70.7616952058223,7.087809021210896],[-70.76084668903584,7.087818455441831],[-70.76077308436317,7.087824502433745],[-70.7608419349279,7.088339713829253]]},"properties":{"tipo":"TPE3/4","estado":"INSTALADO","barrio":"","polivalvula":"PRIMERO DE MAYO","longitud_m":159.389816}},{"type":"Feature","geometry":{"type":"LineString","coordinates":[[-70.76204621067592,7.088026770059947],[-70.76206283600217,7.088048066630646]]},"properties":{"tipo":"TPE3/4","estado":"INSTALADO","barrio":"","polivalvula":"PRIMERO DE MAYO","longitud_m":2.986748}},{"type":"Feature","geometry":{"type":"LineString","coordinates":[[-70.7624036813768,7.08782902227389],[-70.76222570696915,7.087785245954637],[-70.76201426657491,7.087774679573963],[-70.76196863266742,7.087803360227761],[-70.7618956168228,7.087848646330402],[-70.76204621067592,7.088026770059947]]},"properties":{"tipo":"TPE3/4","estado":"INSTALADO","barrio":"","polivalvula":"PRIMERO DE MAYO","longitud_m":84.873276}},{"type":"Feature","geometry":{"type":"LineString","coordinates":[[-70.7623778216696,7.087883365416934],[-70.76226373576961,7.087924122536496],[-70.76204621067592,7.088026770059947]]},"properties":{"tipo":"TPE3/4","estado":"INSTALADO","barrio":"","polivalvula":"PRIMERO DE MAYO","longitud_m":39.963207}},{"type":"Feature","geometry":{"type":"LineString","coordinates":[[-70.76385029507338,7.086778390601443],[-70.76411041148201,7.086790467342192],[-70.76408073993787,7.087468398375405]]},"properties":{"tipo":"TPE3/4","estado":"INSTALADO","barrio":"CABAÑAS DEL RIO","polivalvula":"VILLA CELESTE","longitud_m":103.81366}},{"type":"Feature","geometry":{"type":"LineString","coordinates":[[-70.76333310363904,7.087116525429462],[-70.76331871803772,7.087601208183256]]},"properties":{"tipo":"TPE3/4","estado":"INSTALADO","barrio":"CABAÑAS DEL RIO","polivalvula":"VILLA CELESTE","longitud_m":53.625992}},{"type":"Feature","geometry":{"type":"LineString","coordinates":[[-70.76331871803772,7.087601208183256],[-70.76373008660856,7.087502192963831],[-70.76408073993787,7.087468398375405]]},"properties":{"tipo":"TPE3/4","estado":"INSTALADO","barrio":"CABAÑAS DEL RIO","polivalvula":"VILLA CELESTE","longitud_m":85.665764}},{"type":"Feature","geometry":{"type":"LineString","coordinates":[[-70.76496681963515,7.08676631441563],[-70.76498055216533,7.087342460687286],[-70.76535048311334,7.087298762435463]]},"properties":{"tipo":"TPE3/4","estado":"INSTALADO","barrio":"CABAÑAS DEL RIO","polivalvula":"VILLA CELESTE","longitud_m":104.889}},{"type":"Feature","geometry":{"type":"LineString","coordinates":[[-70.76547574672995,7.086778723068909],[-70.76496681963515,7.08676631441563]]},"properties":{"tipo":"TPE3/4","estado":"INSTALADO","barrio":"","polivalvula":"VILLA CELESTE","longitud_m":56.241135}},{"type":"Feature","geometry":{"type":"LineString","coordinates":[[-70.76591790822057,7.08710407250954],[-70.765923616677,7.086998299987046]]},"properties":{"tipo":"TPE3/4","estado":"INSTALADO","barrio":"","polivalvula":"CABAÑAS 2","longitud_m":11.714667}},{"type":"Feature","geometry":{"type":"LineString","coordinates":[[-70.7658195311546,7.088006975097599],[-70.76580056070455,7.088074042703807]]},"properties":{"tipo":"TPE3/4","estado":"INSTALADO","barrio":"CABAÑAS DEL RIO","polivalvula":"CABAÑAS 1","longitud_m":7.707598}},{"type":"Feature","geometry":{"type":"LineString","coordinates":[[-70.76491103287884,7.088297758322862],[-70.76496162246187,7.087828519438681],[-70.76549329156431,7.087941606400396]]},"properties":{"tipo":"TPE3/4","estado":"INSTALADO","barrio":"CABAÑAS DEL RIO","polivalvula":"CABAÑAS 1","longitud_m":112.247978}},{"type":"Feature","geometry":{"type":"LineString","coordinates":[[-70.7641284370761,7.088276350230773],[-70.76420423909451,7.088277697980587]]},"properties":{"tipo":"TPE3/4","estado":"INSTALADO","barrio":"CABAÑAS DEL RIO","polivalvula":"CABAÑAS 1","longitud_m":8.375628}},{"type":"Feature","geometry":{"type":"LineString","coordinates":[[-70.76777194748166,7.088639888443869],[-70.7678746244684,7.088513465760351],[-70.76810776923614,7.088193696820318]]},"properties":{"tipo":"TPE3/4","estado":"INSTALADO","barrio":"CABAÑAS DEL RIO","polivalvula":"CABAÑAS 1","longitud_m":61.753944}},{"type":"Feature","geometry":{"type":"LineString","coordinates":[[-70.76682715069114,7.087480446130658],[-70.76768516047812,7.087936127233263],[-70.76775522954509,7.087978833143231],[-70.76810660042058,7.088192692359947]]},"properties":{"tipo":"TPE3/4","estado":"INSTALADO","barrio":"CABAÑAS DEL RIO","polivalvula":"CABAÑAS 1","longitud_m":161.876984}},{"type":"Feature","geometry":{"type":"LineString","coordinates":[[-70.76644242672154,7.088581906383784],[-70.76682883443996,7.087477553757563]]},"properties":{"tipo":"TPE3/4","estado":"INSTALADO","barrio":"CABAÑAS DEL RIO","polivalvula":"CABAÑAS 1","longitud_m":129.378937}},{"type":"Feature","geometry":{"type":"LineString","coordinates":[[-70.76777194748166,7.088639888443869],[-70.76765243874662,7.08870797689756],[-70.76746040116399,7.088716189339543],[-70.76683834127036,7.088664417973721],[-70.76644242672154,7.088581906383784]]},"properties":{"tipo":"TPE3/4","estado":"INSTALADO","barrio":"CABAÑAS DEL RIO","polivalvula":"CABAÑAS 1","longitud_m":150.075623}},{"type":"Feature","geometry":{"type":"LineString","coordinates":[[-70.76417797186953,7.086779458815475],[-70.76411041148201,7.086790467342192]]},"properties":{"tipo":"TPE3/4","estado":"INSTALADO","barrio":"","polivalvula":"VILLA CELESTE","longitud_m":7.562465}},{"type":"Feature","geometry":{"type":"LineString","coordinates":[[-70.7614348211599,7.089709374306866],[-70.7614399171978,7.089773279742863]]},"properties":{"tipo":"TPE3/4","estado":"INSTALADO","barrio":"PRIMERO DE MAYO","polivalvula":"PRIMERO DE MAYO","longitud_m":7.089873}},{"type":"Feature","geometry":{"type":"LineString","coordinates":[[-70.76072436268137,7.090434802794015],[-70.76056150204874,7.089744898470254]]},"properties":{"tipo":"TPE3/4","estado":"INSTALADO","barrio":"MIRAMAR FRONTERA","polivalvula":"","longitud_m":78.391182}},{"type":"Feature","geometry":{"type":"LineString","coordinates":[[-70.76132884968227,7.09044701635831],[-70.76120447604409,7.090503202081175],[-70.76106424528541,7.090486692338804],[-70.76072436268137,7.090434802794015]]},"properties":{"tipo":"TPE3/4","estado":"INSTALADO","barrio":"","polivalvula":"","longitud_m":68.66391}},{"type":"Feature","geometry":{"type":"LineString","coordinates":[[-70.76113870629736,7.089791319177827],[-70.7611347759953,7.089832481916345],[-70.76112768121493,7.089906779365601],[-70.76132884968227,7.09044701635831]]},"properties":{"tipo":"TPE3/4","estado":"INSTALADO","barrio":"","polivalvula":"","longitud_m":76.572952}},{"type":"Feature","geometry":{"type":"LineString","coordinates":[[-70.76056150204874,7.089744898470254],[-70.76105070549639,7.089779944783052],[-70.76108380852469,7.089784223477167],[-70.76113554932657,7.089790898375786]]},"properties":{"tipo":"TPE3/4","estado":"INSTALADO","barrio":"MIRAMAR FRONTERA","polivalvula":"","longitud_m":63.635002}},{"type":"Feature","geometry":{"type":"LineString","coordinates":[[-70.76121098204776,7.090578125464286],[-70.76120447604409,7.090503202081175]]},"properties":{"tipo":"TPE3/4","estado":"INSTALADO","barrio":"","polivalvula":"","longitud_m":8.317107}},{"type":"Feature","geometry":{"type":"LineString","coordinates":[[-70.76106489905644,7.092531258107934],[-70.76102782092639,7.09286806745372],[-70.76116187226128,7.092930334575176],[-70.76169058476351,7.093053344234477]]},"properties":{"tipo":"TPE3/4","estado":"INSTALADO","barrio":"","polivalvula":"","longitud_m":113.778107}},{"type":"Feature","geometry":{"type":"LineString","coordinates":[[-70.76181883314734,7.092322103812175],[-70.76170421865919,7.093009471823676],[-70.76169237350851,7.093049208655106]]},"properties":{"tipo":"TPE3/4","estado":"INSTALADO","barrio":"MIRAMAR","polivalvula":"","longitud_m":81.650627}},{"type":"Feature","geometry":{"type":"LineString","coordinates":[[-70.76155832225393,7.092270867342831],[-70.76181883314734,7.092322103812175]]},"properties":{"tipo":"TPE3/4","estado":"INSTALADO","barrio":"MIRAMAR","polivalvula":"","longitud_m":29.332464}},{"type":"Feature","geometry":{"type":"LineString","coordinates":[[-70.76323821107152,7.085992386314089],[-70.76324747084293,7.086071404950958]]},"properties":{"tipo":"TPE3/4","estado":"INSTALADO","barrio":"LAS COROCORAS","polivalvula":"","longitud_m":8.798567}},{"type":"Feature","geometry":{"type":"LineString","coordinates":[[-70.76235039742258,7.086669905410782],[-70.76244886712165,7.086674273517265]]},"properties":{"tipo":"TPE3/4","estado":"INSTALADO","barrio":"","polivalvula":"","longitud_m":10.889296}},{"type":"Feature","geometry":{"type":"LineString","coordinates":[[-70.76004007548971,7.086872917287973],[-70.76097897729706,7.086810413261715],[-70.76128730192819,7.08721182000437]]},"properties":{"tipo":"TPE3/4","estado":"INSTALADO","barrio":"7 DE AGOSTO","polivalvula":"7 DE AGOSTO 2","longitud_m":159.911606}},{"type":"Feature","geometry":{"type":"LineString","coordinates":[[-70.76007104101697,7.087749150692351],[-70.76004007548971,7.086872917287973]]},"properties":{"tipo":"TPE3/4","estado":"INSTALADO","barrio":"7 DE AGOSTO","polivalvula":"7 DE AGOSTO 2","longitud_m":96.965523}},{"type":"Feature","geometry":{"type":"LineString","coordinates":[[-70.76254639460095,7.088578223712105],[-70.76260453213793,7.088564945785007]]},"properties":{"tipo":"TPE3/4","estado":"INSTALADO","barrio":"","polivalvula":"PRIMERO DE MAYO","longitud_m":6.588524}},{"type":"Feature","geometry":{"type":"LineString","coordinates":[[-70.75856344632255,7.09045535039953],[-70.7584265427804,7.090452520246624]]},"properties":{"tipo":"TPE3/4","estado":"INSTALADO","barrio":"MIRAMAR","polivalvula":"MIRAMAR FRONTERA","longitud_m":15.127727}},{"type":"Feature","geometry":{"type":"LineString","coordinates":[[-70.7601986751603,7.092034769921681],[-70.76020462491476,7.091932945529465]]},"properties":{"tipo":"TPE3/4","estado":"INSTALADO","barrio":"","polivalvula":"MIRAMAR FRONTERA 1","longitud_m":11.28022}},{"type":"Feature","geometry":{"type":"LineString","coordinates":[[-70.75864329861292,7.091785700722668],[-70.7601986751603,7.092034769921681]]},"properties":{"tipo":"TPE3/4","estado":"INSTALADO","barrio":"","polivalvula":"MIRAMAR FRONTERA 1","longitud_m":174.024277}},{"type":"Feature","geometry":{"type":"LineString","coordinates":[[-70.75863189004491,7.091910235274566],[-70.75863569316398,7.091781926724456]]},"properties":{"tipo":"TPE3/4","estado":"INSTALADO","barrio":"","polivalvula":"MIRAMAR FRONTERA 1","longitud_m":14.196234}},{"type":"Feature","geometry":{"type":"LineString","coordinates":[[-70.75850737595401,7.091761734264131],[-70.75864329861292,7.091785700722668]]},"properties":{"tipo":"TPE3/4","estado":"INSTALADO","barrio":"","polivalvula":"MIRAMAR FRONTERA","longitud_m":15.248212}},{"type":"Feature","geometry":{"type":"LineString","coordinates":[[-70.75855773364869,7.09191731140967],[-70.75855848078648,7.091770745518267]]},"properties":{"tipo":"TPE3/4","estado":"INSTALADO","barrio":"","polivalvula":"MIRAMAR FRONTERA","longitud_m":16.209356}},{"type":"Feature","geometry":{"type":"LineString","coordinates":[[-70.75729565493295,7.091596539276543],[-70.75850737595401,7.091761734264131]]},"properties":{"tipo":"TPE3/4","estado":"INSTALADO","barrio":"","polivalvula":"MIRAMAR FRONTERA","longitud_m":135.106064}},{"type":"Feature","geometry":{"type":"LineString","coordinates":[[-70.75718394493002,7.092792355593579],[-70.75729565493295,7.091596539276543]]},"properties":{"tipo":"TPE3/4","estado":"INSTALADO","barrio":"","polivalvula":"MIRAMAR FRONTERA","longitud_m":132.823395}},{"type":"Feature","geometry":{"type":"LineString","coordinates":[[-70.75748342137187,7.092820658756652],[-70.75718394493002,7.092792355593579]]},"properties":{"tipo":"TPE3/4","estado":"INSTALADO","barrio":"LIBERTADORES","polivalvula":"","longitud_m":33.232388}},{"type":"Feature","geometry":{"type":"LineString","coordinates":[[-70.75877187535004,7.095065306586866],[-70.75800052631104,7.094735931686317]]},"properties":{"tipo":"TPE3/4","estado":"INSTALADO","barrio":"LIBERTADORES","polivalvula":"","longitud_m":92.673508}},{"type":"Feature","geometry":{"type":"LineString","coordinates":[[-70.75911390492404,7.093858445449601],[-70.75898318046032,7.094530647729131],[-70.75877187535004,7.095065306586866]]},"properties":{"tipo":"TPE3/4","estado":"INSTALADO","barrio":"LIBERTADORES","polivalvula":"","longitud_m":139.301224}},{"type":"Feature","geometry":{"type":"LineString","coordinates":[[-70.75910522152505,7.093796462630761],[-70.75859576263113,7.093665040461575],[-70.7585862556674,7.093735798884975],[-70.75911390492404,7.093858445449601]]},"properties":{"tipo":"TPE3/4","estado":"INSTALADO","barrio":"LIBERTADORES","polivalvula":"","longitud_m":125.873436}},{"type":"Feature","geometry":{"type":"LineString","coordinates":[[-70.75990454637603,7.09466351513379],[-70.76009634615903,7.094254125296872]]},"properties":{"tipo":"TPE3/4","estado":"INSTALADO","barrio":"LIBERTADORES","polivalvula":"","longitud_m":49.988541}},{"type":"Feature","geometry":{"type":"LineString","coordinates":[[-70.75988172918706,7.094857863767887],[-70.76015529006014,7.094280541601338]]},"properties":{"tipo":"TPE3/4","estado":"INSTALADO","barrio":"LIBERTADORES","polivalvula":"","longitud_m":70.63903}},{"type":"Feature","geometry":{"type":"LineString","coordinates":[[-70.7616677902637,7.093167829810422],[-70.76169237350851,7.093049208655106]]},"properties":{"tipo":"TPE2","estado":"INSTALADO","barrio":"","polivalvula":"","longitud_m":13.396822}},{"type":"Feature","geometry":{"type":"LineString","coordinates":[[-70.76099216908638,7.094223117111061],[-70.76135307713736,7.093825626579629],[-70.76149224714169,7.093661581392467],[-70.76158695430527,7.093502969200168],[-70.7616677902637,7.093167829810422]]},"properties":{"tipo":"TPE1","estado":"INSTALADO","barrio":"LIBERTADORES","polivalvula":"","longitud_m":141.677948}},{"type":"Feature","geometry":{"type":"LineString","coordinates":[[-70.76081343337826,7.094463505358179],[-70.76091954906754,7.094275647859976],[-70.76099216908638,7.094223117111061]]},"properties":{"tipo":"TPE1","estado":"INSTALADO","barrio":"LIBERTADORES","polivalvula":"","longitud_m":33.760231}},{"type":"Feature","geometry":{"type":"LineString","coordinates":[[-70.76073699513762,7.094524109942091],[-70.76077524546238,7.094448818332762],[-70.76081343337826,7.094463505358179]]},"properties":{"tipo":"TPE1","estado":"INSTALADO","barrio":"LIBERTADORES","polivalvula":"","longitud_m":11.434969}},{"type":"Feature","geometry":{"type":"LineString","coordinates":[[-70.76015529006014,7.094280541601338],[-70.76078035382781,7.094542265458735]]},"properties":{"tipo":"TPE3/4","estado":"INSTALADO","barrio":"LIBERTADORES","polivalvula":"","longitud_m":74.874603}},{"type":"Feature","geometry":{"type":"LineString","coordinates":[[-70.76134178764238,7.094737166914268],[-70.76139641426708,7.094710026940554]]},"properties":{"tipo":"TPE3/4","estado":"INSTALADO","barrio":"LIBERTADORES","polivalvula":"","longitud_m":6.740053}},{"type":"Feature","geometry":{"type":"LineString","coordinates":[[-70.76181144244896,7.093892787175379],[-70.76175820223506,7.093876749044658]]},"properties":{"tipo":"TPE3/4","estado":"INSTALADO","barrio":"","polivalvula":"","longitud_m":6.143318}},{"type":"Feature","geometry":{"type":"LineString","coordinates":[[-70.76253824423009,7.094163770111631],[-70.76243056609349,7.094121091242129]]},"properties":{"tipo":"TPE3/4","estado":"INSTALADO","barrio":"","polivalvula":"","longitud_m":12.797884}},{"type":"Feature","geometry":{"type":"LineString","coordinates":[[-70.75848274309884,7.091702791311028],[-70.75847198308564,7.091756909470331]]},"properties":{"tipo":"TPE3/4","estado":"INSTALADO","barrio":"","polivalvula":"MIRAMAR FRONTERA","longitud_m":6.10199}},{"type":"Feature","geometry":{"type":"LineString","coordinates":[[-70.75547873597858,7.091715693506785],[-70.75547160498198,7.091852492997402]]},"properties":{"tipo":"TPE3/4","estado":"INSTALADO","barrio":"SAN LUIS","polivalvula":"","longitud_m":15.149554}},{"type":"Feature","geometry":{"type":"LineString","coordinates":[[-70.756508594268,7.089554320588599],[-70.75662357552031,7.089530298988155],[-70.75681091606978,7.089487336021776],[-70.75694972097519,7.089462806332658],[-70.75705168384924,7.089428442248363],[-70.75719948012662,7.089373357040556]]},"properties":{"tipo":"TPE3/4","estado":"INSTALADO","barrio":"SAN LUIS","polivalvula":"","longitud_m":79.100769}},{"type":"Feature","geometry":{"type":"LineString","coordinates":[[-70.75750454325802,7.088384486274582],[-70.75752850162722,7.087825207208594],[-70.75674929201807,7.088239572116037],[-70.75685196971644,7.088417318963407],[-70.75707786127634,7.088383354105739],[-70.75750454325802,7.088384486274582]]},"properties":{"tipo":"TPE3/4","estado":"INSTALADO","barrio":"SAN LUIS","polivalvula":"","longitud_m":254.50116}},{"type":"Feature","geometry":{"type":"LineString","coordinates":[[-70.75658272646348,7.0885339290831],[-70.75676298261358,7.088430904011975]]},"properties":{"tipo":"TPE3/4","estado":"INSTALADO","barrio":"SAN LUIS","polivalvula":"","longitud_m":22.943108}},{"type":"Feature","geometry":{"type":"LineString","coordinates":[[-70.756411597218,7.088418450843063],[-70.75665460073459,7.088263347355355],[-70.75675043340163,7.088432036474113]]},"properties":{"tipo":"TPE3/4","estado":"INSTALADO","barrio":"SAN LUIS","polivalvula":"","longitud_m":53.308865}},{"type":"Feature","geometry":{"type":"LineString","coordinates":[[-70.75641023595175,7.089634137523035],[-70.75639426341924,7.089568473077762]]},"properties":{"tipo":"TPE3/4","estado":"INSTALADO","barrio":"SAN LUIS","polivalvula":"","longitud_m":7.473333}},{"type":"Feature","geometry":{"type":"LineString","coordinates":[[-70.75294715662619,7.090854599320031],[-70.7528506380134,7.090818879519813]]},"properties":{"tipo":"TPE3/4","estado":"INSTALADO","barrio":"SANTA FE","polivalvula":"SANTA FE","longitud_m":11.371175}},{"type":"Feature","geometry":{"type":"LineString","coordinates":[[-70.77708274154462,7.067666534406427],[-70.77702899976708,7.067715999473832],[-70.7769124245877,7.067821163746427],[-70.77648569620253,7.0678371480391],[-70.77649026554316,7.0682760068357],[-70.77650562232448,7.068373553133721],[-70.77650518078825,7.0684530156834],[-70.77605784350538,7.068446906107024],[-70.77559581494258,7.068454795661436],[-70.7755948644143,7.068468947892627],[-70.77545853060862,7.068468005071555],[-70.77545853120994,7.068455928313626],[-70.77476299331937,7.068430982634594],[-70.77476599973535,7.068471999990463]]},"properties":{"tipo":"TPE4","estado":"INSTALADO","barrio":"Senderos de Playitas","polivalvula":"BT001","longitud_m":340.738434}},{"type":"Feature","geometry":{"type":"LineString","coordinates":[[-70.77640309894517,7.072205635128683],[-70.77643452310036,7.071615400747478]]},"properties":{"tipo":"TPE4","estado":"INSTALADO","barrio":"Urb Villa Gaby","polivalvula":"AT007","longitud_m":65.367828}},{"type":"Feature","geometry":{"type":"LineString","coordinates":[[-70.77660410744083,7.069907017020009],[-70.7765482389489,7.069898086130777]]},"properties":{"tipo":"TPE3/4","estado":"INSTALADO","barrio":"Sector Playitas","polivalvula":"AA003","longitud_m":6.250887}},{"type":"Feature","geometry":{"type":"LineString","coordinates":[[-70.7631854877906,7.069352718860225],[-70.76315460084392,7.0692925105207]]},"properties":{"tipo":"TPE3/4","estado":"INSTALADO","barrio":"LA GRANJA","polivalvula":"","longitud_m":7.482081}},{"type":"Feature","geometry":{"type":"LineString","coordinates":[[-70.76300299476607,7.070086330263841],[-70.76305583598248,7.07008214774582]]},"properties":{"tipo":"TPE3/4","estado":"INSTALADO","barrio":"LA GRANJA","polivalvula":"","longitud_m":5.85621}},{"type":"Feature","geometry":{"type":"LineString","coordinates":[[-70.76285848580099,7.070425986510236],[-70.7627977393264,7.070436456121837],[-70.76273999101635,7.070189679375079]]},"properties":{"tipo":"TPE3/4","estado":"INSTALADO","barrio":"LA GRANJA","polivalvula":"","longitud_m":34.837971}},{"type":"Feature","geometry":{"type":"LineString","coordinates":[[-70.75967167907774,7.068676511182853],[-70.75946061896815,7.06875670790596],[-70.75938170971969,7.068548196455472],[-70.75967535326825,7.068454944920793],[-70.75975534174484,7.068578388197618],[-70.75978291322029,7.068582162213183],[-70.75979677837122,7.068597650075397]]},"properties":{"tipo":"TPE3/4","estado":"INSTALADO","barrio":"","polivalvula":"EL MORICHE","longitud_m":105.277359}},{"type":"Feature","geometry":{"type":"LineString","coordinates":[[-70.75913101525605,7.067978195008491],[-70.75921883921566,7.067953547221806]]},"properties":{"tipo":"TPE3/4","estado":"INSTALADO","barrio":"Fundadores","polivalvula":"FUNDADORES ALTO","longitud_m":10.07849}},{"type":"Feature","geometry":{"type":"LineString","coordinates":[[-70.75811971707338,7.069779513332421],[-70.75818836744881,7.070040233828193],[-70.75877134773664,7.069854554793567],[-70.75868920627408,7.069606605359444],[-70.75811971707338,7.069779513332421]]},"properties":{"tipo":"TPE3/4","estado":"INSTALADO","barrio":"","polivalvula":"VILLA DEL MAESTRO CRUZ","longitud_m":192.060059}},{"type":"Feature","geometry":{"type":"LineString","coordinates":[[-70.75827050890227,7.070337999430485],[-70.75888543382133,7.070121751547134],[-70.7588044333776,7.069863612371849],[-70.75818950761173,7.070077596001129],[-70.75827050890227,7.070337999430485]]},"properties":{"tipo":"TPE3/4","estado":"INSTALADO","barrio":"","polivalvula":"VILLA DEL MAESTRO CRUZ","longitud_m":204.03978}},{"type":"Feature","geometry":{"type":"LineString","coordinates":[[-70.75877506278766,7.069873832555155],[-70.75877134773664,7.069854554793567]]},"properties":{"tipo":"TPE3/4","estado":"INSTALADO","barrio":"Fundadores","polivalvula":"VILLA DEL MAESTRO CRUZ","longitud_m":2.17113}},{"type":"Feature","geometry":{"type":"LineString","coordinates":[[-70.74810883383479,7.078097057897089],[-70.74810564254267,7.078148996576026]]},"properties":{"tipo":"","estado":"INSTALADO","barrio":"MERIDIANO 70","polivalvula":"","longitud_m":5.754862}},{"type":"Feature","geometry":{"type":"LineString","coordinates":[[-70.75984943721205,7.063953729247918],[-70.7598307244533,7.06401630470269]]},"properties":{"tipo":"TPE3/4","estado":"INSTALADO","barrio":"Olimpico","polivalvula":"","longitud_m":7.222607}},{"type":"Feature","geometry":{"type":"LineString","coordinates":[[-70.76032955089178,7.064059873108543],[-70.76029016981857,7.064154022499464]]},"properties":{"tipo":"TPE3/4","estado":"INSTALADO","barrio":"Olimpico","polivalvula":"","longitud_m":11.284723}},{"type":"Feature","geometry":{"type":"LineString","coordinates":[[-70.76020443431432,7.06402266349542],[-70.76032955089178,7.064059873108543]]},"properties":{"tipo":"TPE3/4","estado":"INSTALADO","barrio":"Olimpico","polivalvula":"","longitud_m":14.422631}},{"type":"Feature","geometry":{"type":"LineString","coordinates":[[-70.75892183096902,7.066386202765152],[-70.75913093074745,7.066510607822486]]},"properties":{"tipo":"TPE3/4","estado":"INSTALADO","barrio":"","polivalvula":"","longitud_m":26.888187}},{"type":"Feature","geometry":{"type":"LineString","coordinates":[[-70.7605637689399,7.064270975698976],[-70.76080828690378,7.064471065461754]]},"properties":{"tipo":"TPE3/4","estado":"INSTALADO","barrio":"","polivalvula":"","longitud_m":34.92086}},{"type":"Feature","geometry":{"type":"LineString","coordinates":[[-70.76112512246372,7.063593441521627],[-70.7613796196907,7.063879663682954]]},"properties":{"tipo":"TPE3/4","estado":"INSTALADO","barrio":"","polivalvula":"","longitud_m":42.338696}},{"type":"Feature","geometry":{"type":"LineString","coordinates":[[-70.76009455390503,7.064717819781586],[-70.76022571061358,7.064747011313444]]},"properties":{"tipo":"TPE3/4","estado":"INSTALADO","barrio":"","polivalvula":"","longitud_m":14.845679}},{"type":"Feature","geometry":{"type":"LineString","coordinates":[[-70.7597141616274,7.06443208263359],[-70.7598307244533,7.06401630470269]]},"properties":{"tipo":"TPE3/4","estado":"INSTALADO","barrio":"","polivalvula":"","longitud_m":47.75135}},{"type":"Feature","geometry":{"type":"LineString","coordinates":[[-70.76315841495953,7.071432341001722],[-70.7631649339308,7.071495052957725]]},"properties":{"tipo":"TPE3/4","estado":"INSTALADO","barrio":"URB EL PARAISO","polivalvula":"","longitud_m":6.972783}},{"type":"Feature","geometry":{"type":"LineString","coordinates":[[-70.76004482814861,7.070270977554247],[-70.76013609680093,7.070316265112562]]},"properties":{"tipo":"TPE3/4","estado":"INSTALADO","barrio":"LA GRANJA","polivalvula":"","longitud_m":11.258754}},{"type":"Feature","geometry":{"type":"LineString","coordinates":[[-70.7618362802954,7.069489620645214],[-70.76190519694673,7.069562423459432]]},"properties":{"tipo":"TPE3/4","estado":"INSTALADO","barrio":"LA GRANJA","polivalvula":"","longitud_m":11.081435}},{"type":"Feature","geometry":{"type":"LineString","coordinates":[[-70.76150136275064,7.069082480858726],[-70.76155106413086,7.069149963833334]]},"properties":{"tipo":"TPE3/4","estado":"INSTALADO","barrio":"LA GRANJA","polivalvula":"","longitud_m":9.265514}},{"type":"Feature","geometry":{"type":"LineString","coordinates":[[-70.74811406862622,7.075964743289838],[-70.74807016040609,7.075421372692515]]},"properties":{"tipo":"TPE3","estado":"INSTALADO","barrio":"SAN CARLOS","polivalvula":"","longitud_m":60.288425}},{"type":"Feature","geometry":{"type":"LineString","coordinates":[[-70.74815296179612,7.077252027784203],[-70.74814820882271,7.076586876930564],[-70.74811406862622,7.075964743289838]]},"properties":{"tipo":"TPE3","estado":"INSTALADO","barrio":"MERIDIANO 70","polivalvula":"","longitud_m":142.469757}},{"type":"Feature","geometry":{"type":"LineString","coordinates":[[-70.74551900616532,7.078226270551554],[-70.7457891533343,7.078221678045286],[-70.74621452649346,7.078164563240064]]},"properties":{"tipo":"TPE2","estado":"INSTALADO","barrio":"EL CHIRCAL","polivalvula":"","longitud_m":77.267006}},{"type":"Feature","geometry":{"type":"LineString","coordinates":[[-70.74263317373612,7.081908616676333],[-70.7429706790351,7.081870877892176],[-70.7430609975149,7.081847291243315],[-70.74312754807133,7.081818987376606],[-70.74320360552568,7.081771813909613],[-70.74329867675883,7.081705771337147],[-70.74337473417494,7.081677467029046],[-70.7434888205122,7.081677466670219],[-70.74355061713312,7.081705771415674],[-70.74366470371642,7.081729357500825],[-70.74518110015497,7.081625576674502],[-70.74556566067572,7.08157656417788]]},"properties":{"tipo":"TPE2","estado":"INSTALADO","barrio":"EL CHIRCAL","polivalvula":"","longitud_m":331.210815}},{"type":"Feature","geometry":{"type":"LineString","coordinates":[[-70.74241602832399,7.081928973368864],[-70.74263317373612,7.081908616676333]]},"properties":{"tipo":"TPE2","estado":"INSTALADO","barrio":"LAS AMERICAS","polivalvula":"","longitud_m":21.733965}},{"type":"Feature","geometry":{"type":"LineString","coordinates":[[-70.74241602832399,7.081928973368864],[-70.74244557751167,7.082151880365141],[-70.74238777395577,7.082151880321755],[-70.74238929531445,7.083810866967334],[-70.74237446430892,7.084439967456559],[-70.74237534986678,7.08509129313378],[-70.74261942331272,7.085095238652547]]},"properties":{"tipo":"TPE2","estado":"INSTALADO","barrio":"LAS AMERICAS","polivalvula":"","longitud_m":360.682892}},{"type":"Feature","geometry":{"type":"LineString","coordinates":[[-70.74370442838335,7.084362024304546],[-70.74370338004593,7.08436029335435],[-70.74329299477009,7.084377550351063],[-70.74288956422568,7.084416901088286],[-70.74270322412511,7.084473509257093],[-70.74272436445017,7.084633844734693],[-70.74261027737924,7.084641392365048],[-70.74261942331272,7.085095238652547]]},"properties":{"tipo":"TPE2","estado":"INSTALADO","barrio":"LAS AMERICAS","polivalvula":"","longitud_m":178.879776}},{"type":"Feature","geometry":{"type":"LineString","coordinates":[[-70.74388581036672,7.084323333581538],[-70.74370443303721,7.084355554161472]]},"properties":{"tipo":"TPE2","estado":"INSTALADO","barrio":"LAS AMERICAS","polivalvula":"","longitud_m":22.515554}},{"type":"Feature","geometry":{"type":"LineString","coordinates":[[-70.74552707791577,7.084647265203786],[-70.74476840395059,7.084451969221426]]},"properties":{"tipo":"TPE2","estado":"INSTALADO","barrio":"LAS AMERICAS","polivalvula":"","longitud_m":86.554161}},{"type":"Feature","geometry":{"type":"LineString","coordinates":[[-70.74565257238392,7.08465292565349],[-70.74552707791577,7.084647265203786]]},"properties":{"tipo":"TPE2","estado":"INSTALADO","barrio":"LAS AMERICAS","polivalvula":"","longitud_m":13.878382}},{"type":"Feature","geometry":{"type":"LineString","coordinates":[[-70.74643691560723,7.084814258039877],[-70.74577236276751,7.0846670780191],[-70.74563792110331,7.084654565393063]]},"properties":{"tipo":"TPE2","estado":"INSTALADO","barrio":"LAS AMERICAS","polivalvula":"","longitud_m":90.117554}},{"type":"Feature","geometry":{"type":"LineString","coordinates":[[-70.74646258514711,7.084986911155531],[-70.74643691560723,7.084814258039877]]},"properties":{"tipo":"TPE2","estado":"INSTALADO","barrio":"LAS AMERICAS","polivalvula":"","longitud_m":19.303673}},{"type":"Feature","geometry":{"type":"LineString","coordinates":[[-70.74644832382955,7.085066161012044],[-70.74646258514711,7.084986911155531]]},"properties":{"tipo":"TPE2","estado":"INSTALADO","barrio":"LAS AMERICAS","polivalvula":"","longitud_m":8.904967}},{"type":"Feature","geometry":{"type":"LineString","coordinates":[[-70.7473581618266,7.085006723582786],[-70.74694745166113,7.08499257197187],[-70.74653388901834,7.085032197155541]]},"properties":{"tipo":"TPE2","estado":"INSTALADO","barrio":"LAS AMERICAS","polivalvula":"","longitud_m":91.299797}},{"type":"Feature","geometry":{"type":"LineString","coordinates":[[-70.74750015112404,7.08499606871351],[-70.7473581618266,7.085006723582786]]},"properties":{"tipo":"TPE2","estado":"INSTALADO","barrio":"LAS AMERICAS","polivalvula":"","longitud_m":15.730738}},{"type":"Feature","geometry":{"type":"LineString","coordinates":[[-70.74837638255265,7.084907660545646],[-70.74750015112404,7.08499606871351]]},"properties":{"tipo":"TPE2","estado":"INSTALADO","barrio":"LAS AMERICAS","polivalvula":"","longitud_m":97.295876}},{"type":"Feature","geometry":{"type":"LineString","coordinates":[[-70.74847841782866,7.084893080824639],[-70.74837638255265,7.084907660545646]]},"properties":{"tipo":"TPE2","estado":"INSTALADO","barrio":"LAS AMERICAS","polivalvula":"","longitud_m":11.38728}},{"type":"Feature","geometry":{"type":"LineString","coordinates":[[-70.74472847415652,7.085190698144701],[-70.74475104125433,7.085273467277993]]},"properties":{"tipo":"TPE2","estado":"INSTALADO","barrio":"LAS AMERICAS","polivalvula":"","longitud_m":9.487137}},{"type":"Feature","geometry":{"type":"LineString","coordinates":[[-70.7439020026937,7.08432334519734],[-70.74462086546083,7.084430617741369],[-70.74476840395059,7.084451969221426],[-70.74485029797485,7.085126322721616],[-70.7447758154546,7.085123034358351],[-70.74472004850854,7.085124301831731],[-70.74472847415652,7.085190698144701]]},"properties":{"tipo":"TPE2","estado":"INSTALADO","barrio":"LAS AMERICAS","polivalvula":"","longitud_m":115.363907}},{"type":"Feature","geometry":{"type":"LineString","coordinates":[[-70.74644832382955,7.085066161012044],[-70.74653388901834,7.085032197155541]]},"properties":{"tipo":"TPE2","estado":"INSTALADO","barrio":"LAS AMERICAS","polivalvula":"","longitud_m":10.171902}},{"type":"Feature","geometry":{"type":"LineString","coordinates":[[-70.74558982533122,7.08516805461658],[-70.74571028264695,7.085162379820091]]},"properties":{"tipo":"TPE3/4","estado":"INSTALADO","barrio":"LAS AMERICAS","polivalvula":"","longitud_m":13.322542}},{"type":"Feature","geometry":{"type":"LineString","coordinates":[[-70.74485967307552,7.086039810553779],[-70.7448623229057,7.086137724619128]]},"properties":{"tipo":"TPE3/4","estado":"INSTALADO","barrio":"LAS AMERICAS","polivalvula":"","longitud_m":10.832569}},{"type":"Feature","geometry":{"type":"LineString","coordinates":[[-70.74381494140366,7.085264408937491],[-70.74308351107705,7.085364134830607],[-70.74298676256493,7.084867822302799],[-70.74292211376388,7.084894239489829],[-70.74297155057917,7.085354647732127]]},"properties":{"tipo":"TPE3/4","estado":"INSTALADO","barrio":"","polivalvula":"","longitud_m":196.401718}},{"type":"Feature","geometry":{"type":"LineString","coordinates":[[-70.7485127153126,7.086468638575751],[-70.74850334837872,7.08635409843224]]},"properties":{"tipo":"TPE3/4","estado":"INSTALADO","barrio":"LA UNION","polivalvula":"","longitud_m":12.709535}},{"type":"Feature","geometry":{"type":"LineString","coordinates":[[-70.75119178106591,7.085995405873901],[-70.75119799725847,7.086123542302373]]},"properties":{"tipo":"TPE3/4","estado":"INSTALADO","barrio":"LAS AMERICAS","polivalvula":"","longitud_m":14.187616}},{"type":"Feature","geometry":{"type":"LineString","coordinates":[[-70.7528688855335,7.085873525894036],[-70.75287126204144,7.085986740962306]]},"properties":{"tipo":"TPE3/4","estado":"INSTALADO","barrio":"LAS AMERICAS","polivalvula":"","longitud_m":12.523539}},{"type":"Feature","geometry":{"type":"LineString","coordinates":[[-70.75299042617806,7.086640909494515],[-70.7529948556756,7.086732072137879]]},"properties":{"tipo":"TPE3/4","estado":"INSTALADO","barrio":"CORDOBA","polivalvula":"","longitud_m":10.093814}},{"type":"Feature","geometry":{"type":"LineString","coordinates":[[-70.7516119573189,7.08356131316626],[-70.75160279975802,7.083480122521058]]},"properties":{"tipo":"TPE3/4","estado":"INSTALADO","barrio":"LAS AMERICAS","polivalvula":"","longitud_m":9.035928}},{"type":"Feature","geometry":{"type":"LineString","coordinates":[[-70.74956287915919,7.087845584007984],[-70.74964416587373,7.087834734687455]]},"properties":{"tipo":"TPE3/4","estado":"INSTALADO","barrio":"LA UNION","polivalvula":"","longitud_m":9.060052}},{"type":"Feature","geometry":{"type":"LineString","coordinates":[[-70.74946232526464,7.086394195396087],[-70.74934415141117,7.086421570349859]]},"properties":{"tipo":"TPE3/4","estado":"INSTALADO","barrio":"","polivalvula":"miguel","longitud_m":13.401873}},{"type":"Feature","geometry":{"type":"LineString","coordinates":[[-70.7478886636932,7.088199378966592],[-70.74776031620871,7.088216361348254]]},"properties":{"tipo":"TPE3/4","estado":"INSTALADO","barrio":"LA UNION","polivalvula":"LA UNION","longitud_m":14.303181}},{"type":"Feature","geometry":{"type":"LineString","coordinates":[[-70.74880705744322,7.088083334754338],[-70.74868441543812,7.088111637700584]]},"properties":{"tipo":"TPE3/4","estado":"INSTALADO","barrio":"LA UNION","polivalvula":"","longitud_m":13.90588}},{"type":"Feature","geometry":{"type":"LineString","coordinates":[[-70.74966317989794,7.087983328092867],[-70.74954576661779,7.088023897041307]]},"properties":{"tipo":"TPE3/4","estado":"INSTALADO","barrio":"LA UNION","polivalvula":"JORGE UNION 3","longitud_m":13.725393}},{"type":"Feature","geometry":{"type":"LineString","coordinates":[[-70.7503403409513,7.087987771106664],[-70.75045140612355,7.087967830811201]]},"properties":{"tipo":"TPE3/4","estado":"INSTALADO","barrio":"LA UNION","polivalvula":"JORGE UNION 3","longitud_m":12.466653}},{"type":"Feature","geometry":{"type":"LineString","coordinates":[[-70.75437835488064,7.093192676839054],[-70.75426862824936,7.093173671614523]]},"properties":{"tipo":"TPE3/4","estado":"INSTALADO","barrio":"SAN LUIS","polivalvula":"","longitud_m":12.302909}},{"type":"Feature","geometry":{"type":"LineString","coordinates":[[-70.75535678027038,7.093511534175291],[-70.75536068172812,7.093428021586454]]},"properties":{"tipo":"TPE3/4","estado":"INSTALADO","barrio":"SAN LUIS","polivalvula":"","longitud_m":9.245955}},{"type":"Feature","geometry":{"type":"LineString","coordinates":[[-70.74972022296296,7.089457472180085],[-70.74960280945601,7.08946454803286]]},"properties":{"tipo":"TPE3/4","estado":"INSTALADO","barrio":"LA UNION","polivalvula":"","longitud_m":12.994939}},{"type":"Feature","geometry":{"type":"LineString","coordinates":[[-70.74871864081904,7.088609781307885],[-70.74879850133954,7.088587138339998]]},"properties":{"tipo":"TPE3/4","estado":"INSTALADO","barrio":"LA UNION","polivalvula":"","longitud_m":9.171171}},{"type":"Feature","geometry":{"type":"LineString","coordinates":[[-70.74802347301602,7.089343392620544],[-70.74788816882409,7.089357998330303]]},"properties":{"tipo":"TPE3/4","estado":"INSTALADO","barrio":"LA UNION","polivalvula":"LA UNION UNO","longitud_m":15.034872}},{"type":"Feature","geometry":{"type":"LineString","coordinates":[[-70.74713363697605,7.089145238421044],[-70.74711081974755,7.08933015436465],[-70.74789421167529,7.089435821300997],[-70.7478401767456,7.088739977481568]]},"properties":{"tipo":"TPE3/4","estado":"INSTALADO","barrio":"LA UNION","polivalvula":"LA UNION UNO","longitud_m":185.123138}},{"type":"Feature","geometry":{"type":"LineString","coordinates":[[-70.74620856124359,7.078111670447221],[-70.74580191730698,7.078150129232913],[-70.74551342223275,7.078147814008919]]},"properties":{"tipo":"TPE3/4","estado":"INSTALADO","barrio":"EL CHIRCAL","polivalvula":"","longitud_m":76.999886}},{"type":"Feature","geometry":{"type":"LineString","coordinates":[[-70.74546208306894,7.078144983357458],[-70.7450679623581,7.078080311853847]]},"properties":{"tipo":"TPE3/4","estado":"INSTALADO","barrio":"EL CHIRCAL","polivalvula":"","longitud_m":44.125404}},{"type":"Feature","geometry":{"type":"LineString","coordinates":[[-70.74927536621549,7.078787680267491],[-70.74938089615601,7.078804662636157]]},"properties":{"tipo":"TPE3/4","estado":"INSTALADO","barrio":"MERIDIANO 70","polivalvula":"","longitud_m":11.809084}},{"type":"Feature","geometry":{"type":"LineString","coordinates":[[-70.7440895587666,7.078282532709723],[-70.74415761643898,7.078277337905193]]},"properties":{"tipo":"TPE3/4","estado":"INSTALADO","barrio":"EL CHIRCAL","polivalvula":"","longitud_m":7.540831}},{"type":"Feature","geometry":{"type":"LineString","coordinates":[[-70.74407509580399,7.078053636181601],[-70.74409299998287,7.078336999759904]]},"properties":{"tipo":"TPE3/4","estado":"INSTALADO","barrio":"EL CHIRCAL","polivalvula":"","longitud_m":31.400391}},{"type":"Feature","geometry":{"type":"LineString","coordinates":[[-70.74407509580399,7.078053636181601],[-70.74288289429633,7.078036653915103]]},"properties":{"tipo":"TPE3/4","estado":"INSTALADO","barrio":"EL CHIRCAL","polivalvula":"","longitud_m":131.726181}},{"type":"Feature","geometry":{"type":"LineString","coordinates":[[-70.74287433816698,7.077977215419046],[-70.74288289429633,7.078036653915103]]},"properties":{"tipo":"TPE3/4","estado":"INSTALADO","barrio":"EL CHIRCAL","polivalvula":"","longitud_m":6.641099}},{"type":"Feature","geometry":{"type":"LineString","coordinates":[[-70.74344762194073,7.077943249803671],[-70.74287433816698,7.077977215419046]]},"properties":{"tipo":"TPE3/4","estado":"INSTALADO","barrio":"EL CHIRCAL","polivalvula":"","longitud_m":63.446911}},{"type":"Feature","geometry":{"type":"LineString","coordinates":[[-70.7441666810766,7.077968982104474],[-70.74344762194073,7.077943249803671]]},"properties":{"tipo":"TPE3/4","estado":"INSTALADO","barrio":"EL CHIRCAL","polivalvula":"","longitud_m":79.491638}},{"type":"Feature","geometry":{"type":"LineString","coordinates":[[-70.7440541803277,7.078540468615603],[-70.74411198430627,7.079046169662157]]},"properties":{"tipo":"TPE3/4","estado":"INSTALADO","barrio":"EL CHIRCAL","polivalvula":"","longitud_m":56.290417}},{"type":"Feature","geometry":{"type":"LineString","coordinates":[[-70.7440541803277,7.078540468615603],[-70.74352025679049,7.07856009247766]]},"properties":{"tipo":"TPE3/4","estado":"INSTALADO","barrio":"EL CHIRCAL","polivalvula":"","longitud_m":59.026985}},{"type":"Feature","geometry":{"type":"LineString","coordinates":[[-70.74297209990215,7.079407541030139],[-70.74302626343852,7.079756980971288]]},"properties":{"tipo":"TPE3/4","estado":"INSTALADO","barrio":"EL CHIRCAL","polivalvula":"","longitud_m":39.106144}},{"type":"Feature","geometry":{"type":"LineString","coordinates":[[-70.74502419908426,7.07976452887249],[-70.74495720112012,7.078940522594112]]},"properties":{"tipo":"TPE3/4","estado":"INSTALADO","barrio":"EL CHIRCAL","polivalvula":"","longitud_m":91.42942}},{"type":"Feature","geometry":{"type":"LineString","coordinates":[[-70.74940791837251,7.08383239131264],[-70.74950333478476,7.083830677307971]]},"properties":{"tipo":"TPE3/4","estado":"INSTALADO","barrio":"LAS AMERICAS","polivalvula":"","longitud_m":10.54304}},{"type":"Feature","geometry":{"type":"LineString","coordinates":[[-70.74880705798964,7.08465858669602],[-70.74889713230571,7.084642773211557]]},"properties":{"tipo":"TPE3/4","estado":"INSTALADO","barrio":"LAS AMERICAS","polivalvula":"","longitud_m":10.103647}},{"type":"Feature","geometry":{"type":"LineString","coordinates":[[-70.74889887431502,7.084668953327958],[-70.7490853595168,7.084657206371098]]},"properties":{"tipo":"TPE3/4","estado":"INSTALADO","barrio":"LAS AMERICAS","polivalvula":"","longitud_m":20.643244}},{"type":"Feature","geometry":{"type":"LineString","coordinates":[[-70.75039939279219,7.084618725850146],[-70.75030583351736,7.084638549186716]]},"properties":{"tipo":"TPE3/4","estado":"INSTALADO","barrio":"LAS AMERICAS","polivalvula":"","longitud_m":10.566087}},{"type":"Feature","geometry":{"type":"LineString","coordinates":[[-70.7495696694914,7.084703394663442],[-70.749483783399,7.084711504592589]]},"properties":{"tipo":"TPE3/4","estado":"INSTALADO","barrio":"LAS AMERICAS","polivalvula":"","longitud_m":9.530731}},{"type":"Feature","geometry":{"type":"LineString","coordinates":[[-70.75326384083793,7.089381102249733],[-70.7532666009284,7.089445533255108]]},"properties":{"tipo":"TPE3/4","estado":"INSTALADO","barrio":"CORDOBA","polivalvula":"","longitud_m":7.132136}},{"type":"Feature","geometry":{"type":"LineString","coordinates":[[-70.7532276390926,7.088638250037991],[-70.75322824862893,7.088527700886698]]},"properties":{"tipo":"TPE3/4","estado":"INSTALADO","barrio":"CORDOBA","polivalvula":"","longitud_m":12.226141}},{"type":"Feature","geometry":{"type":"LineString","coordinates":[[-70.75299474909774,7.089371062981373],[-70.75299272001661,7.089465029603295]]},"properties":{"tipo":"TPE3/4","estado":"INSTALADO","barrio":"LA UNION","polivalvula":"JORGE UNION 3","longitud_m":10.394464}},{"type":"Feature","geometry":{"type":"LineString","coordinates":[[-70.75814608904744,7.06359276837642],[-70.75871076929069,7.064033746004616],[-70.75891815982756,7.064213945658133]]},"properties":{"tipo":"TPE3/4","estado":"INSTALADO","barrio":"Olimpico","polivalvula":"","longitud_m":109.553741}},{"type":"Feature","geometry":{"type":"LineString","coordinates":[[-70.74360603507564,7.063200904518303],[-70.74395019592221,7.063578305192114],[-70.74417789229726,7.063757050881335]]},"properties":{"tipo":"TPE3/4","estado":"INSTALADO","barrio":"","polivalvula":"","longitud_m":88.454994}},{"type":"Feature","geometry":{"type":"LineString","coordinates":[[-70.74345452192183,7.062828768530758],[-70.74369540279832,7.063146181063266],[-70.74360603507564,7.063200904518303]]},"properties":{"tipo":"TPE3/4","estado":"INSTALADO","barrio":"","polivalvula":"","longitud_m":55.632038}},{"type":"Feature","geometry":{"type":"LineString","coordinates":[[-70.74310975988001,7.062113986486115],[-70.74266862630628,7.062434778354137]]},"properties":{"tipo":"TPE3/4","estado":"INSTALADO","barrio":"","polivalvula":"","longitud_m":60.28252}},{"type":"Feature","geometry":{"type":"LineString","coordinates":[[-70.7430651371224,7.062237824110817],[-70.74302573970168,7.062175085690074]]},"properties":{"tipo":"TPE3/4","estado":"INSTALADO","barrio":"","polivalvula":"","longitud_m":8.190722}},{"type":"Feature","geometry":{"type":"LineString","coordinates":[[-70.74266862630628,7.062434778354137],[-70.74251651193711,7.062206450163996]]},"properties":{"tipo":"TPE3/4","estado":"INSTALADO","barrio":"","polivalvula":"","longitud_m":30.332783}},{"type":"Feature","geometry":{"type":"LineString","coordinates":[[-70.74302942360816,7.061817204599453],[-70.74251651193711,7.062206450163996]]},"properties":{"tipo":"TPE3/4","estado":"INSTALADO","barrio":"","polivalvula":"","longitud_m":71.164215}},{"type":"Feature","geometry":{"type":"LineString","coordinates":[[-70.74296626864006,7.061724194033392],[-70.7424556660465,7.062130969439635],[-70.74231115669483,7.06192528463068],[-70.7428031016613,7.061545316878807]]},"properties":{"tipo":"TPE3/4","estado":"INSTALADO","barrio":"","polivalvula":"","longitud_m":168.646347}},{"type":"Feature","geometry":{"type":"LineString","coordinates":[[-70.7428031016613,7.061545316878807],[-70.74270391541796,7.061442690301217]]},"properties":{"tipo":"TPE3/4","estado":"INSTALADO","barrio":"","polivalvula":"","longitud_m":15.776654}},{"type":"Feature","geometry":{"type":"LineString","coordinates":[[-70.74194227756436,7.062393263720272],[-70.74220800258641,7.062039872461394]]},"properties":{"tipo":"TPE3/4","estado":"INSTALADO","barrio":"","polivalvula":"","longitud_m":48.88084}},{"type":"Feature","geometry":{"type":"LineString","coordinates":[[-70.74174072529746,7.062212110708706],[-70.74200645035718,7.061858719564264]]},"properties":{"tipo":"TPE3/4","estado":"INSTALADO","barrio":"","polivalvula":"","longitud_m":48.88084}},{"type":"Feature","geometry":{"type":"LineString","coordinates":[[-70.74220800258641,7.062039872461394],[-70.74200645035718,7.061858719564264]]},"properties":{"tipo":"TPE3/4","estado":"INSTALADO","barrio":"","polivalvula":"","longitud_m":29.953859}},{"type":"Feature","geometry":{"type":"LineString","coordinates":[[-70.74259010033418,7.062316907914622],[-70.74248352284744,7.062387726524824]]},"properties":{"tipo":"TPE3/4","estado":"INSTALADO","barrio":"","polivalvula":"","longitud_m":14.141777}},{"type":"Feature","geometry":{"type":"LineString","coordinates":[[-70.74234918546723,7.062708394706288],[-70.74218566182559,7.062823502465754]]},"properties":{"tipo":"TPE3/4","estado":"INSTALADO","barrio":"","polivalvula":"","longitud_m":22.100965}},{"type":"Feature","geometry":{"type":"LineString","coordinates":[[-70.74220800284468,7.062889027244115],[-70.74218566182559,7.062823502465754]]},"properties":{"tipo":"TPE3/4","estado":"INSTALADO","barrio":"","polivalvula":"","longitud_m":7.655412}},{"type":"Feature","geometry":{"type":"LineString","coordinates":[[-70.74194227756436,7.062393263720272],[-70.74205823024093,7.06253492581082]]},"properties":{"tipo":"TPE3/4","estado":"INSTALADO","barrio":"","polivalvula":"","longitud_m":20.23769}},{"type":"Feature","geometry":{"type":"LineString","coordinates":[[-70.74295169409564,7.062926153114968],[-70.7430232528574,7.062867338091752]]},"properties":{"tipo":"TPE3/4","estado":"INSTALADO","barrio":"","polivalvula":"","longitud_m":10.237834}},{"type":"Feature","geometry":{"type":"LineString","coordinates":[[-70.74325426969396,7.063610384995013],[-70.7431797875059,7.063510120841722]]},"properties":{"tipo":"TPE3/4","estado":"INSTALADO","barrio":"","polivalvula":"","longitud_m":13.808351}},{"type":"Feature","geometry":{"type":"LineString","coordinates":[[-70.7434919492572,7.063708509119034],[-70.74337596177793,7.063546226661337],[-70.74325426969396,7.063610384995013]]},"properties":{"tipo":"TPE3/4","estado":"INSTALADO","barrio":"","polivalvula":"","longitud_m":37.254845}},{"type":"Feature","geometry":{"type":"LineString","coordinates":[[-70.74345011715447,7.064251966100549],[-70.74377526361748,7.064031186523275],[-70.7434919492572,7.063708509119034]]},"properties":{"tipo":"TPE3/4","estado":"INSTALADO","barrio":"","polivalvula":"","longitud_m":90.903564}},{"type":"Feature","geometry":{"type":"LineString","coordinates":[[-70.74360006044489,7.063831641446637],[-70.74324476196212,7.064063266177124]]},"properties":{"tipo":"TPE3/4","estado":"INSTALADO","barrio":"","polivalvula":"","longitud_m":46.87286}},{"type":"Feature","geometry":{"type":"LineString","coordinates":[[-70.74365223267569,7.063891062354681],[-70.7437163186935,7.063842486661354]]},"properties":{"tipo":"TPE3/4","estado":"INSTALADO","barrio":"","polivalvula":"","longitud_m":8.887695}},{"type":"Feature","geometry":{"type":"LineString","coordinates":[[-70.7437163186935,7.063842486661354],[-70.74378667243325,7.063914192602998]]},"properties":{"tipo":"TPE3/4","estado":"INSTALADO","barrio":"","polivalvula":"","longitud_m":11.104249}},{"type":"Feature","geometry":{"type":"LineString","coordinates":[[-70.7437011071182,7.063823616516595],[-70.7437163186935,7.063842486661354]]},"properties":{"tipo":"TPE3/4","estado":"INSTALADO","barrio":"","polivalvula":"","longitud_m":2.679478}},{"type":"Feature","geometry":{"type":"LineString","coordinates":[[-70.74455511192669,7.063813068943469],[-70.74428865137456,7.063691526357482]]},"properties":{"tipo":"TPE3/4","estado":"INSTALADO","barrio":"","polivalvula":"","longitud_m":32.362652}},{"type":"Feature","geometry":{"type":"LineString","coordinates":[[-70.76142109887591,7.070563261416027],[-70.76205617915346,7.070053776767086],[-70.76245157826156,7.069708933885928]]},"properties":{"tipo":"TPE3/4","estado":"INSTALADO","barrio":"LA GRANJA","polivalvula":"","longitud_m":147.976501}},{"type":"Feature","geometry":{"type":"LineString","coordinates":[[-70.76267450412206,7.069498580653248],[-70.76263136359755,7.069268415213019],[-70.76332729037782,7.068532491023112]]},"properties":{"tipo":"TPE3/4","estado":"INSTALADO","barrio":"LA GRANJA","polivalvula":"","longitud_m":137.85907}},{"type":"Feature","geometry":{"type":"LineString","coordinates":[[-70.76075274312753,7.069590146117595],[-70.76083139375443,7.069687785538203]]},"properties":{"tipo":"TPE3/4","estado":"INSTALADO","barrio":"LA GRANJA","polivalvula":"","longitud_m":13.860243}},{"type":"Feature","geometry":{"type":"LineString","coordinates":[[-70.76124998843827,7.070594042450308],[-70.76119028415002,7.070501440697934]]},"properties":{"tipo":"TPE3/4","estado":"INSTALADO","barrio":"","polivalvula":"","longitud_m":12.181499}},{"type":"Feature","geometry":{"type":"LineString","coordinates":[[-70.76110100920073,7.070260860692914],[-70.76086806586235,7.070371733244187]]},"properties":{"tipo":"TPE3/4","estado":"INSTALADO","barrio":"LA GRANJA","polivalvula":"","longitud_m":28.507416}},{"type":"Feature","geometry":{"type":"LineString","coordinates":[[-70.75890245432433,7.071841215511938],[-70.75899514952901,7.071869520344696],[-70.75896693876444,7.071968894527696]]},"properties":{"tipo":"TPE3/4","estado":"INSTALADO","barrio":"LA GRANJA","polivalvula":"","longitud_m":22.132158}},{"type":"Feature","geometry":{"type":"LineString","coordinates":[[-70.75892837267959,7.071773090449915],[-70.75890245432433,7.071841215511938]]},"properties":{"tipo":"TPE3/4","estado":"INSTALADO","barrio":"LA GRANJA","polivalvula":"","longitud_m":8.059943}},{"type":"Feature","geometry":{"type":"LineString","coordinates":[[-70.75901393742458,7.071218319756956],[-70.75895974580231,7.071792903431122],[-70.75903793182904,7.071812911173957]]},"properties":{"tipo":"TPE3/4","estado":"INSTALADO","barrio":"LA GRANJA","polivalvula":"","longitud_m":72.743134}},{"type":"Feature","geometry":{"type":"LineString","coordinates":[[-70.75893528055087,7.072061297540952],[-70.75866882639185,7.071959900683481]]},"properties":{"tipo":"TPE3/4","estado":"INSTALADO","barrio":"LA GRANJA","polivalvula":"","longitud_m":31.501335}},{"type":"Feature","geometry":{"type":"LineString","coordinates":[[-70.75857835377661,7.07208529540513],[-70.75861748702714,7.07209010189236]]},"properties":{"tipo":"TPE3/4","estado":"INSTALADO","barrio":"LA GRANJA","polivalvula":"","longitud_m":4.355992}},{"type":"Feature","geometry":{"type":"LineString","coordinates":[[-70.75866882639185,7.071959900683481],[-70.75861748702714,7.07209010189236]]},"properties":{"tipo":"TPE3/4","estado":"INSTALADO","barrio":"LA GRANJA","polivalvula":"","longitud_m":15.476161}},{"type":"Feature","geometry":{"type":"LineString","coordinates":[[-70.75866882639185,7.071959900683481],[-70.75869014306635,7.071890426106515]]},"properties":{"tipo":"TPE3/4","estado":"INSTALADO","barrio":"LA GRANJA","polivalvula":"","longitud_m":8.036217}},{"type":"Feature","geometry":{"type":"LineString","coordinates":[[-70.75840097842081,7.073207432492225],[-70.75851340889407,7.07321834927306]]},"properties":{"tipo":"TPE3/4","estado":"INSTALADO","barrio":"LA GRANJA","polivalvula":"","longitud_m":12.479812}},{"type":"Feature","geometry":{"type":"LineString","coordinates":[[-70.7588108533323,7.062461073696229],[-70.75847239791449,7.063010193956491],[-70.75855225849946,7.063342307443361],[-70.75848254678547,7.063356632318182]]},"properties":{"tipo":"TPE3/4","estado":"INSTALADO","barrio":"","polivalvula":"","longitud_m":116.955215}},{"type":"Feature","geometry":{"type":"LineString","coordinates":[[-70.75858838592559,7.062296903642847],[-70.75813204026625,7.06298377576707],[-70.75814154779002,7.063176250601606],[-70.7581776747825,7.063387595711303]]},"properties":{"tipo":"TPE3/4","estado":"INSTALADO","barrio":"","polivalvula":"","longitud_m":136.196014}},{"type":"Feature","geometry":{"type":"LineString","coordinates":[[-70.7588108533323,7.062461073696229],[-70.75858838592559,7.062296903642847]]},"properties":{"tipo":"TPE3/4","estado":"INSTALADO","barrio":"","polivalvula":"","longitud_m":30.557369}},{"type":"Feature","geometry":{"type":"LineString","coordinates":[[-70.75895624861231,7.06219809242868],[-70.75875939248141,7.062199388431718]]},"properties":{"tipo":"TPE3/4","estado":"INSTALADO","barrio":"Olimpico","polivalvula":"","longitud_m":21.749575}},{"type":"Feature","geometry":{"type":"LineString","coordinates":[[-70.75739269926238,7.061536996881153],[-70.75787332215813,7.06149802999052]]},"properties":{"tipo":"TPE3/4","estado":"INSTALADO","barrio":"Olimpico","polivalvula":"","longitud_m":53.274956}},{"type":"Feature","geometry":{"type":"LineString","coordinates":[[-70.75912614477821,7.061553495135495],[-70.75911971517938,7.061466893731743]]},"properties":{"tipo":"TPE3/4","estado":"INSTALADO","barrio":"Olimpico","polivalvula":"","longitud_m":9.603795}},{"type":"Feature","geometry":{"type":"LineString","coordinates":[[-70.7581776747825,7.063387595711303],[-70.7582100409367,7.063428830338748],[-70.75848254678547,7.063356632318182]]},"properties":{"tipo":"TPE3/4","estado":"INSTALADO","barrio":"Olimpico","polivalvula":"","longitud_m":36.942833}},{"type":"Feature","geometry":{"type":"LineString","coordinates":[[-70.75857961477811,7.062149658317393],[-70.75866448433386,7.062210765552494]]},"properties":{"tipo":"TPE3/4","estado":"INSTALADO","barrio":"Olimpico","polivalvula":"","longitud_m":11.558158}},{"type":"Feature","geometry":{"type":"LineString","coordinates":[[-70.75875939248141,7.062199388431718],[-70.75866448433386,7.062210765552494]]},"properties":{"tipo":"TPE3/4","estado":"INSTALADO","barrio":"Olimpico","polivalvula":"","longitud_m":10.560884}},{"type":"Feature","geometry":{"type":"LineString","coordinates":[[-70.75865196139318,7.062055641918996],[-70.75882301667136,7.061856384039499]]},"properties":{"tipo":"TPE3/4","estado":"INSTALADO","barrio":"Olimpico","polivalvula":"","longitud_m":29.030375}},{"type":"Feature","geometry":{"type":"LineString","coordinates":[[-70.75866448433386,7.062210765552494],[-70.75858838592559,7.062296903642847]]},"properties":{"tipo":"TPE3/4","estado":"INSTALADO","barrio":"Olimpico","polivalvula":"","longitud_m":12.70574}},{"type":"Feature","geometry":{"type":"LineString","coordinates":[[-70.76283894648766,7.08777729566774],[-70.76282238013637,7.08772906884143]]},"properties":{"tipo":"TPE3/4","estado":"INSTALADO","barrio":"CABAÑAS DEL RIO","polivalvula":"","longitud_m":5.638816}},{"type":"Feature","geometry":{"type":"LineString","coordinates":[[-70.75965396334325,7.069220141403746],[-70.75940297415703,7.069406952553321]]},"properties":{"tipo":"TPE3/4","estado":"INSTALADO","barrio":"Fundadores","polivalvula":"EL MORICHE","longitud_m":34.579685}},{"type":"Feature","geometry":{"type":"LineString","coordinates":[[-70.72093354013955,7.064309952553918],[-70.72042290074302,7.064113215164097]]},"properties":{"tipo":"TPE3/4","estado":"INSTALADO","barrio":"Urb Torres de COMFIAR","polivalvula":"","longitud_m":60.466766}},{"type":"Feature","geometry":{"type":"LineString","coordinates":[[-70.72113670542801,7.06384974936068],[-70.72059935280488,7.063639816451164]]},"properties":{"tipo":"TPE3/4","estado":"INSTALADO","barrio":"Urb Torres de COMFIAR","polivalvula":"","longitud_m":63.746288}},{"type":"Feature","geometry":{"type":"LineString","coordinates":[[-70.72059935280488,7.063639816451164],[-70.72058168152698,7.063674790623787]]},"properties":{"tipo":"TPE3/4","estado":"INSTALADO","barrio":"Urb Torres de COMFIAR","polivalvula":"","longitud_m":4.332715}},{"type":"Feature","geometry":{"type":"LineString","coordinates":[[-70.76235490672536,7.087612283448948],[-70.76226276920025,7.087621557022299]]},"properties":{"tipo":"TPE3/4","estado":"INSTALADO","barrio":"7 DE AGOSTO","polivalvula":"SIETE DE AGOSTO","longitud_m":10.230536}},{"type":"Feature","geometry":{"type":"LineString","coordinates":[[-70.75897841934146,7.068923526061512],[-70.75948325121988,7.069633975186158],[-70.75955170297853,7.069597178616226],[-70.7594565920211,7.069450266847655],[-70.7601478038333,7.068946169749928]]},"properties":{"tipo":"TPE3/4","estado":"INSTALADO","barrio":"Fundadores","polivalvula":"EL MORICHE","longitud_m":218.84108}},{"type":"Feature","geometry":{"type":"LineString","coordinates":[[-70.76111859799403,7.086777479939359],[-70.76107696812001,7.086691428845823]]},"properties":{"tipo":"TPE3/4","estado":"INSTALADO","barrio":"7 DE AGOSTO","polivalvula":"SIETE DE AGOSTO","longitud_m":10.569685}},{"type":"Feature","geometry":{"type":"LineString","coordinates":[[-70.76229100243884,7.086762368443093],[-70.76230267341866,7.086669552059018]]},"properties":{"tipo":"TPE3/4","estado":"INSTALADO","barrio":"7 DE AGOSTO","polivalvula":"SIETE DE AGOSTO","longitud_m":10.34549}},{"type":"Feature","geometry":{"type":"LineString","coordinates":[[-70.76244502035792,7.086780586140057],[-70.76234088988545,7.086766610495882]]},"properties":{"tipo":"TPE3/4","estado":"INSTALADO","barrio":"7 DE AGOSTO","polivalvula":"SIETE DE AGOSTO","longitud_m":11.607319}},{"type":"Feature","geometry":{"type":"LineString","coordinates":[[-70.77125778629635,7.060975770989994],[-70.77180370017709,7.061617456759878],[-70.77225839355835,7.06210580797601],[-70.77249293533953,7.062335633194168],[-70.77274657479906,7.062656383741509],[-70.77299538893033,7.0630345480584],[-70.77313894309111,7.063240389719678],[-70.7732058536515,7.063460536732919],[-70.77328234100781,7.063685473306474],[-70.77345917940231,7.064264554175984],[-70.77351817422547,7.064546691096917],[-70.77365997681818,7.065008864191287],[-70.77378912932286,7.06542980743867],[-70.77385758160156,7.065642094986622],[-70.77395386545707,7.066011733061034],[-70.77404297189275,7.066253481752556],[-70.77414799008946,7.066366988072764]]},"properties":{"tipo":"TPE1","estado":"INSTALADO","barrio":"","polivalvula":"","longitud_m":691.378296}},{"type":"Feature","geometry":{"type":"LineString","coordinates":[[-70.76823417354706,7.061591976825085],[-70.76831657413888,7.061563322478776],[-70.76861168998579,7.061450596343117],[-70.7687669061803,7.061400936276279],[-70.76882249193606,7.061360780504681],[-70.76932649914299,7.061150580672997],[-70.76964074573304,7.061078059056197],[-70.76984192670014,7.061051397029499],[-70.76995879706556,7.061045732289727],[-70.77038029455254,7.061028784562703],[-70.77065426791961,7.061017481245507],[-70.77082669734855,7.061011852825098],[-70.77097231035063,7.060998550695297],[-70.77125778629635,7.060975770989994]]},"properties":{"tipo":"TPE3/4","estado":"INSTALADO","barrio":"DIVINO NIÑO","polivalvula":"","longitud_m":345.21228}},{"type":"Feature","geometry":{"type":"LineString","coordinates":[[-70.76748322937578,7.061490040358621],[-70.76758668064667,7.061497765119164],[-70.76776677773077,7.061486401139904],[-70.76802158628271,7.061484656012264],[-70.76819784180464,7.061488600464103],[-70.76823417354706,7.061591976825085]]},"properties":{"tipo":"TPE3/4","estado":"INSTALADO","barrio":"DIVINO NIÑO","polivalvula":"","longitud_m":91.145958}},{"type":"Feature","geometry":{"type":"LineString","coordinates":[[-70.76893757271371,7.061165635656448],[-70.76880916286017,7.061238279791733],[-70.76866734939289,7.061299432334632],[-70.76850828950613,7.0613663142992],[-70.76835115334354,7.061421714800199],[-70.76819784180464,7.061488600464103]]},"properties":{"tipo":"TPE3/4","estado":"INSTALADO","barrio":"DIVINO NIÑO","polivalvula":"","longitud_m":89.32869}},{"type":"Feature","geometry":{"type":"LineString","coordinates":[[-70.76840073075944,7.061775825494461],[-70.76831657413888,7.061563322478776]]},"properties":{"tipo":"TPE3/4","estado":"INSTALADO","barrio":"DIVINO NIÑO","polivalvula":"","longitud_m":25.273685}},{"type":"Feature","geometry":{"type":"LineString","coordinates":[[-70.77055091256452,7.060864298138021],[-70.77055904198156,7.061021409831408]]},"properties":{"tipo":"TPE3/4","estado":"INSTALADO","barrio":"DIVINO NIÑO","polivalvula":"","longitud_m":17.398594}},{"type":"Feature","geometry":{"type":"LineString","coordinates":[[-70.75879699778974,7.068184609559256],[-70.75877617231168,7.068091020477297]]},"properties":{"tipo":"TPE3/4","estado":"INSTALADO","barrio":"Fundadores","polivalvula":"FUNDADORES ALTO","longitud_m":10.602923}},{"type":"Feature","geometry":{"type":"LineString","coordinates":[[-70.75861173196681,7.067359562658045],[-70.75860088027852,7.067277766877221]]},"properties":{"tipo":"TPE3/4","estado":"INSTALADO","barrio":"Fundadores","polivalvula":"FUNDADORES ALTO","longitud_m":9.125125}},{"type":"Feature","geometry":{"type":"LineString","coordinates":[[-70.76497549247422,7.086686460605295],[-70.76496681963515,7.08676631441563]]},"properties":{"tipo":"TPE3/4","estado":"INSTALADO","barrio":"","polivalvula":"VILLA CELESTE","longitud_m":8.883081}},{"type":"Feature","geometry":{"type":"LineString","coordinates":[[-70.7648734228579,7.086784176837632],[-70.76496738301373,7.086789961906787]]},"properties":{"tipo":"TPE3/4","estado":"INSTALADO","barrio":"","polivalvula":"VILLA CELESTE","longitud_m":10.400069}},{"type":"Feature","geometry":{"type":"LineString","coordinates":[[-70.76592181468202,7.087031689748815],[-70.76599431630771,7.087037006312475]]},"properties":{"tipo":"TPE3/4","estado":"INSTALADO","barrio":"","polivalvula":"CABAÑAS 2","longitud_m":8.03126}},{"type":"Feature","geometry":{"type":"LineString","coordinates":[[-70.76033222115164,7.090437690101638],[-70.7603170787829,7.090165900891222],[-70.76028080881821,7.089970655551849],[-70.76027132622322,7.089829017857758],[-70.76027771690919,7.089730905567359]]},"properties":{"tipo":"TPE3/4","estado":"INSTALADO","barrio":"","polivalvula":"","longitud_m":78.63842}},{"type":"Feature","geometry":{"type":"LineString","coordinates":[[-70.76059681199067,7.090162264199729],[-70.76063311087539,7.090315403741299],[-70.76066560864699,7.090422605528902]]},"properties":{"tipo":"TPE3/4","estado":"INSTALADO","barrio":"","polivalvula":"","longitud_m":29.791861}},{"type":"Feature","geometry":{"type":"LineString","coordinates":[[-70.76066560864699,7.090422605528902],[-70.76033222115164,7.090437690101638]]},"properties":{"tipo":"TPE3/4","estado":"INSTALADO","barrio":"","polivalvula":"","longitud_m":36.868908}},{"type":"Feature","geometry":{"type":"LineString","coordinates":[[-70.76056150204874,7.089744898470254],[-70.76027771690919,7.089730905567359]]},"properties":{"tipo":"TPE3/4","estado":"INSTALADO","barrio":"","polivalvula":"","longitud_m":31.389521}},{"type":"Feature","geometry":{"type":"LineString","coordinates":[[-70.76089939489569,7.092980052275307],[-70.76096160693558,7.092822773481056],[-70.76102191727443,7.092184040020581],[-70.76030112032399,7.092056749978509],[-70.7602769687602,7.092351001131722]]},"properties":{"tipo":"TPE3/4","estado":"INSTALADO","barrio":"","polivalvula":"","longitud_m":203.17157}},{"type":"Feature","geometry":{"type":"LineString","coordinates":[[-70.76169058476351,7.093053344234477],[-70.7616677902637,7.093167829810422]]},"properties":{"tipo":"TPE3/4","estado":"INSTALADO","barrio":"","polivalvula":"","longitud_m":12.909286}},{"type":"Feature","geometry":{"type":"LineString","coordinates":[[-70.75855869216973,7.09036477981318],[-70.75856344632255,7.09045535039953]]},"properties":{"tipo":"TPE3/4","estado":"INSTALADO","barrio":"MIRAMAR","polivalvula":"MIRAMAR FRONTERA 1","longitud_m":10.030224}},{"type":"Feature","geometry":{"type":"LineString","coordinates":[[-70.76257468182067,7.092358326215528],[-70.76194069759258,7.092230690635441],[-70.76204819522528,7.091342057815698],[-70.7624733372543,7.091640918981411],[-70.76259102285536,7.091856316520572]]},"properties":{"tipo":"TPE3/4","estado":"INSTALADO","barrio":"MIRAMAR","polivalvula":"","longitud_m":255.009125}},{"type":"Feature","geometry":{"type":"LineString","coordinates":[[-70.76104496763396,7.087725009362424],[-70.76078393007766,7.087742416800176],[-70.7605143958472,7.087744962903503],[-70.76007104101697,7.087749150692351]]},"properties":{"tipo":"TPE3/4","estado":"INSTALADO","barrio":"7 DE AGOSTO","polivalvula":"7 DE AGOSTO 2","longitud_m":107.663353}},{"type":"Feature","geometry":{"type":"LineString","coordinates":[[-70.70697646225294,7.056596254341091],[-70.70701963296409,7.056728543459196],[-70.7070705833569,7.056882140219774],[-70.7071276262198,7.057037819693112],[-70.70713047857569,7.057221805987278],[-70.70710480905963,7.057598268658892],[-70.70709625253228,7.057898306273665],[-70.70708199132179,7.058150225229846],[-70.70707740873239,7.058207152709292]]},"properties":{"tipo":"TPE3/4","estado":"INSTALADO","barrio":"","polivalvula":"","longitud_m":181.115372}},{"type":"Feature","geometry":{"type":"LineString","coordinates":[[-70.70861388086946,7.058271611247246],[-70.70875050369756,7.058008697801331],[-70.70883036390072,7.057731304600126]]},"properties":{"tipo":"TPE3/4","estado":"INSTALADO","barrio":"","polivalvula":"","longitud_m":64.682533}},{"type":"Feature","geometry":{"type":"LineString","coordinates":[[-70.70858029503258,7.058345749241967],[-70.70863334234525,7.058386183316581]]},"properties":{"tipo":"TPE3/4","estado":"INSTALADO","barrio":"","polivalvula":"","longitud_m":7.371985}},{"type":"Feature","geometry":{"type":"LineString","coordinates":[[-70.70609986637469,7.062140957048558],[-70.7060545176999,7.062228862048029],[-70.70600127766212,7.062391144988442],[-70.7059632494142,7.062628908418914],[-70.70592704444802,7.062819660515693]]},"properties":{"tipo":"TPE3/4","estado":"INSTALADO","barrio":"","polivalvula":"","longitud_m":77.923965}},{"type":"Feature","geometry":{"type":"LineString","coordinates":[[-70.70584123385571,7.062839859192306],[-70.70597139279135,7.063091571176918],[-70.70603312865802,7.063179604855617],[-70.70610809321654,7.063286503723522],[-70.70618563989593,7.063397084785841],[-70.70623340255395,7.063564591310407]]},"properties":{"tipo":"TPE1","estado":"INSTALADO","barrio":"","polivalvula":"","longitud_m":91.848808}},{"type":"Feature","geometry":{"type":"LineString","coordinates":[[-70.70707740873239,7.058207152709292],[-70.707132538201,7.058490487582765],[-70.70713253779587,7.058714099680497],[-70.70713253858669,7.058900915697015],[-70.707109721291,7.05925756294551],[-70.70706693866013,7.059540616646901],[-70.70702700875465,7.059789704001641],[-70.70700133941132,7.059942552725593],[-70.70694518404416,7.060097607028139]]},"properties":{"tipo":"TPE3/4","estado":"INSTALADO","barrio":"","polivalvula":"","longitud_m":211.7686}},{"type":"Feature","geometry":{"type":"LineString","coordinates":[[-70.70724088364678,7.058662399511523],[-70.70724092035309,7.058807507788603],[-70.70724947683195,7.058909406825008],[-70.70720669429916,7.05908207050102],[-70.70719243308088,7.059229257971968],[-70.70716961625868,7.059373615695821],[-70.70712968646906,7.059523633776911],[-70.70711257268235,7.059656668933897],[-70.70711542490321,7.059818009172098],[-70.70720781690719,7.059891112236084]]},"properties":{"tipo":"TPE3/4","estado":"INSTALADO","barrio":"","polivalvula":"","longitud_m":142.414368}},{"type":"Feature","geometry":{"type":"LineString","coordinates":[[-70.70574740703606,7.059606047808926],[-70.70543265276858,7.059495328258933],[-70.70524155806952,7.059404750870661],[-70.70505302002812,7.059297650039148],[-70.70495919510265,7.059232088376556],[-70.70463119661451,7.059430226258121],[-70.70440587617496,7.059614210964808],[-70.7045655972375,7.059741585004003],[-70.70490500377109,7.059928399930553],[-70.70508754165164,7.060047282466428],[-70.7055621646249,7.060289566224323]]},"properties":{"tipo":"TPE3/4","estado":"INSTALADO","barrio":"","polivalvula":"","longitud_m":319.704712}},{"type":"Feature","geometry":{"type":"LineString","coordinates":[[-70.72462515973871,7.062106305884552],[-70.7231837596267,7.063376802228615],[-70.7230567727241,7.063309131020492]]},"properties":{"tipo":"TPE2","estado":"INSTALADO","barrio":"","polivalvula":"","longitud_m":231.948456}},{"type":"Feature","geometry":{"type":"LineString","coordinates":[[-70.7441695711914,7.078424354913389],[-70.74416518767747,7.078560364040812]]},"properties":{"tipo":"TPE3/4","estado":"INSTALADO","barrio":"EL CHIRCAL","polivalvula":"","longitud_m":15.049451}},{"type":"Feature","geometry":{"type":"LineString","coordinates":[[-70.76190445954686,7.08661651084049],[-70.7620251180542,7.086607023396133]]},"properties":{"tipo":"TPE3/4","estado":"INSTALADO","barrio":"7 DE AGOSTO","polivalvula":"SIETE DE AGOSTO","longitud_m":13.371147}},{"type":"Feature","geometry":{"type":"LineString","coordinates":[[-70.76227423181737,7.086761790127115],[-70.76227431273885,7.086669342039651]]},"properties":{"tipo":"TPE3/4","estado":"INSTALADO","barrio":"7 DE AGOSTO","polivalvula":"SIETE DE AGOSTO","longitud_m":10.2241}},{"type":"Feature","geometry":{"type":"LineString","coordinates":[[-70.7603811134181,7.086850214569936],[-70.76040394508482,7.087420164001372]]},"properties":{"tipo":"TPE3/4","estado":"INSTALADO","barrio":"7 DE AGOSTO","polivalvula":"7 DE AGOSTO 2","longitud_m":63.082787}},{"type":"Feature","geometry":{"type":"LineString","coordinates":[[-70.76060680450306,7.086334464312777],[-70.7605109009506,7.086417703611863]]},"properties":{"tipo":"TPE3/4","estado":"INSTALADO","barrio":"7 DE AGOSTO","polivalvula":"SIETE DE AGOSTO","longitud_m":14.035676}},{"type":"Feature","geometry":{"type":"LineString","coordinates":[[-70.76013389791424,7.08633629557835],[-70.76003581346295,7.086319385748752],[-70.7600122206679,7.086305474524224]]},"properties":{"tipo":"TPE3/4","estado":"INSTALADO","barrio":"7 DE AGOSTO","polivalvula":"SIETE DE AGOSTO","longitud_m":14.022846}},{"type":"Feature","geometry":{"type":"LineString","coordinates":[[-70.74492693931496,7.078391600742606],[-70.7449290417856,7.078463935964883]]},"properties":{"tipo":"TPE3/4","estado":"INSTALADO","barrio":"EL CHIRCAL","polivalvula":"","longitud_m":8.003139}},{"type":"Feature","geometry":{"type":"LineString","coordinates":[[-70.7481259472023,7.078453690480083],[-70.74810598214859,7.078402742711613],[-70.74813498192181,7.077698755242399],[-70.74815296179612,7.077252027784203]]},"properties":{"tipo":"TPE3","estado":"INSTALADO","barrio":"MERIDIANO 70","polivalvula":"","longitud_m":133.417572}},{"type":"Feature","geometry":{"type":"LineString","coordinates":[[-70.74856517875612,7.078569737275408],[-70.74836410173566,7.079282058434192],[-70.74822862490032,7.079826441360922],[-70.74897359318844,7.079826510372802],[-70.74927536621549,7.078787680267491]]},"properties":{"tipo":"TPE3/4","estado":"INSTALADO","barrio":"MERIDIANO 70","polivalvula":"","longitud_m":345.817078}},{"type":"Feature","geometry":{"type":"LineString","coordinates":[[-70.7481259472023,7.078453690480083],[-70.74810598214859,7.078402742711613]]},"properties":{"tipo":"TPE3/4","estado":"INSTALADO","barrio":"MERIDIANO 70","polivalvula":"","longitud_m":6.050813}},{"type":"Feature","geometry":{"type":"LineString","coordinates":[[-70.75648919099534,7.090134744153212],[-70.75641023595175,7.089634137523035],[-70.75639426341924,7.089568473077762]]},"properties":{"tipo":"TPE2","estado":"INSTALADO","barrio":"SAN LUIS","polivalvula":"","longitud_m":63.519798}},{"type":"Feature","geometry":{"type":"LineString","coordinates":[[-70.74810598214859,7.078402742711613],[-70.74801392182982,7.078447177683597],[-70.74782977652148,7.078550329659722],[-70.74760056944407,7.078647667152174],[-70.74740519779579,7.077980917294503],[-70.74703403372467,7.078069676787796],[-70.7462088099405,7.078082790842675]]},"properties":{"tipo":"TPE2","estado":"INSTALADO","barrio":"EL CHIRCAL","polivalvula":"","longitud_m":272.312866}},{"type":"Feature","geometry":{"type":"LineString","coordinates":[[-70.74621452649346,7.078164563240064],[-70.7462088099405,7.078082790842675]]},"properties":{"tipo":"TPE2","estado":"INSTALADO","barrio":"EL CHIRCAL","polivalvula":"","longitud_m":9.065478}},{"type":"Feature","geometry":{"type":"LineString","coordinates":[[-70.75015700899294,7.079004455975463],[-70.74938089615601,7.078804662636157],[-70.74927536621549,7.078787680267491]]},"properties":{"tipo":"TPE3","estado":"INSTALADO","barrio":"MERIDIANO 70","polivalvula":"","longitud_m":99.714752}},{"type":"Feature","geometry":{"type":"LineString","coordinates":[[-70.74527323595416,7.088326745660473],[-70.74515509443984,7.088357283389446]]},"properties":{"tipo":"TPE3/4","estado":"INSTALADO","barrio":"LA UNION","polivalvula":"UNION","longitud_m":13.481688}},{"type":"Feature","geometry":{"type":"LineString","coordinates":[[-70.7469697719035,7.089662671901598],[-70.74706153819892,7.089668333359298]]},"properties":{"tipo":"TPE3/4","estado":"INSTALADO","barrio":"LA UNION","polivalvula":"LA UNION UNO","longitud_m":10.157273}},{"type":"Feature","geometry":{"type":"LineString","coordinates":[[-70.69815282708379,7.080534394239861],[-70.69857284996641,7.080321318605334],[-70.70024088558168,7.079223681336787],[-70.7025139077342,7.07756700555826],[-70.70256876613047,7.077627483603261]]},"properties":{"tipo":"TPE1","estado":"INSTALADO","barrio":"Manhattan","polivalvula":"","longitud_m":622.320557}},{"type":"Feature","geometry":{"type":"LineString","coordinates":[[-70.69685959998982,7.078338066568706],[-70.69738717601136,7.079819871180443],[-70.69767932400885,7.080683745286628]]},"properties":{"tipo":"TPE3/4","estado":"INSTALADO","barrio":"Manhattan","polivalvula":"","longitud_m":290.303314}},{"type":"Feature","geometry":{"type":"LineString","coordinates":[[-70.69685959998982,7.078338066568706],[-70.69595985584323,7.078615805460863]]},"properties":{"tipo":"TPE3/4","estado":"INSTALADO","barrio":"Manhattan","polivalvula":"","longitud_m":104.040466}},{"type":"Feature","geometry":{"type":"LineString","coordinates":[[-70.69571595789184,7.07815339398559],[-70.69666746572013,7.077832634773826]]},"properties":{"tipo":"TPE3/4","estado":"INSTALADO","barrio":"Manhattan","polivalvula":"","longitud_m":110.945915}},{"type":"Feature","geometry":{"type":"LineString","coordinates":[[-70.69570163114994,7.078101705614014],[-70.69571595789184,7.07815339398559]]},"properties":{"tipo":"TPE3/4","estado":"INSTALADO","barrio":"Manhattan","polivalvula":"","longitud_m":5.931486}},{"type":"Feature","geometry":{"type":"LineString","coordinates":[[-70.69570163114993,7.078101705614014],[-70.69604787761689,7.077984062246577]]},"properties":{"tipo":"TPE3/4","estado":"INSTALADO","barrio":"Manhattan","polivalvula":"","longitud_m":111.346764}},{"type":"Feature","geometry":{"type":"LineString","coordinates":[[-70.6957001135149,7.078101391425341],[-70.69563186535161,7.077897437557174]]},"properties":{"tipo":"TPE3/4","estado":"INSTALADO","barrio":"Manhattan","polivalvula":"","longitud_m":28.836716}},{"type":"Feature","geometry":{"type":"LineString","coordinates":[[-70.6963648199578,7.077628217214438],[-70.69563393935275,7.077897856584231]]},"properties":{"tipo":"TPE3/4","estado":"INSTALADO","barrio":"Manhattan","polivalvula":"","longitud_m":113.859283}},{"type":"Feature","geometry":{"type":"LineString","coordinates":[[-70.74385790142995,7.088375730469664],[-70.74358394702696,7.088274191892634],[-70.74313259779673,7.088078715862594],[-70.74277778968782,7.087979087132731],[-70.7425880169183,7.087952540992706]]},"properties":{"tipo":"TPE3/4","estado":"INSTALADO","barrio":"JERUSALEN","polivalvula":"","longitud_m":148.516479}},{"type":"Feature","geometry":{"type":"LineString","coordinates":[[-70.74515509443984,7.088357283389446],[-70.74496526109186,7.088375625270816]]},"properties":{"tipo":"TPE3/4","estado":"INSTALADO","barrio":"LA UNION","polivalvula":"UNION","longitud_m":21.069931}},{"type":"Feature","geometry":{"type":"LineString","coordinates":[[-70.75265052094369,7.085265684317849],[-70.7526515872052,7.085157114807707]]},"properties":{"tipo":"TPE3/4","estado":"INSTALADO","barrio":"LAS AMERICAS","polivalvula":"","longitud_m":10.618098}},{"type":"Feature","geometry":{"type":"LineString","coordinates":[[-70.75192051727879,7.085857227945126],[-70.75203769777701,7.085850666703688]]},"properties":{"tipo":"TPE3/4","estado":"INSTALADO","barrio":"LAS AMERICAS","polivalvula":"","longitud_m":10.618098}},{"type":"Feature","geometry":{"type":"LineString","coordinates":[[-70.74862864912852,7.085641591046848],[-70.74866066861038,7.085729615685595]]},"properties":{"tipo":"TPE3/4","estado":"INSTALADO","barrio":"LAS AMERICAS","polivalvula":"","longitud_m":10.357687}},{"type":"Feature","geometry":{"type":"LineString","coordinates":[[-70.75009516568733,7.085631996949563],[-70.75018616366593,7.085617136013393]]},"properties":{"tipo":"TPE3/4","estado":"INSTALADO","barrio":"LAS AMERICAS","polivalvula":"","longitud_m":12.072135}},{"type":"Feature","geometry":{"type":"LineString","coordinates":[[-70.74957143616408,7.088618272187069],[-70.74960280945601,7.08946454803286],[-70.74972022296296,7.089457472180085],[-70.74971546984958,7.089561251204224],[-70.74972376620315,7.089953793800395]]},"properties":{"tipo":"TPE2","estado":"INSTALADO","barrio":"","polivalvula":"","longitud_m":0.0}},{"type":"Feature","geometry":{"type":"LineString","coordinates":[[-70.74954576661779,7.088023897041307],[-70.74954576673944,7.08850505789511],[-70.74957143616408,7.088618272187069]]},"properties":{"tipo":"TPE2","estado":"INSTALADO","barrio":"","polivalvula":"","longitud_m":0.0}},{"type":"Feature","geometry":{"type":"LineString","coordinates":[[-70.74933755936458,7.086373794115184],[-70.74934415141117,7.086421570349859],[-70.74943168019725,7.087064403670041],[-70.74946590616217,7.087163466686482],[-70.74956287915919,7.087845584007984]]},"properties":{"tipo":"TPE2","estado":"INSTALADO","barrio":"LA UNION","polivalvula":"","longitud_m":0.0}},{"type":"Feature","geometry":{"type":"LineString","coordinates":[[-70.74865742879543,7.085729923540558],[-70.74861311149714,7.08573413025857],[-70.74867585862057,7.08633699966957]]},"properties":{"tipo":"TPE2","estado":"INSTALADO","barrio":"LAS AMERICAS","polivalvula":"","longitud_m":0.0}},{"type":"Feature","geometry":{"type":"LineString","coordinates":[[-70.74847841782866,7.084893080824639],[-70.74858955964514,7.085646423561799],[-70.74862864912852,7.085641591046848],[-70.74865742879543,7.085729923540558]]},"properties":{"tipo":"TPE2","estado":"INSTALADO","barrio":"LAS AMERICAS","polivalvula":"","longitud_m":0.0}},{"type":"Feature","geometry":{"type":"LineString","coordinates":[[-70.74933755936458,7.086373794115184],[-70.74869011924693,7.086433231979643],[-70.74867585862057,7.08633699966957]]},"properties":{"tipo":"TPE2","estado":"INSTALADO","barrio":"LA UNION","polivalvula":"","longitud_m":0.0}},{"type":"Feature","geometry":{"type":"LineString","coordinates":[[-70.74245578111895,7.086426286166915],[-70.74274670052603,7.086332317996918],[-70.74274613082622,7.086302693655259],[-70.74265676256576,7.086115888759722],[-70.74250274627725,7.085783792120124],[-70.74237535016674,7.085485658898524],[-70.74236203982201,7.085268663636559],[-70.74237534986678,7.08509129313378]]},"properties":{"tipo":"TPE3/4","estado":"INSTALADO","barrio":"","polivalvula":"","longitud_m":179.993774}},{"type":"Feature","geometry":{"type":"LineString","coordinates":[[-70.74264031521011,7.086843859562929],[-70.74271028804615,7.086951036067993],[-70.74275440179612,7.087074817957959],[-70.7429384607775,7.087053684199546],[-70.7429932221085,7.087065760533624],[-70.74313316853305,7.08702953161525],[-70.74311339306632,7.086911788439486],[-70.74304218395037,7.086771590933595],[-70.74288360486364,7.086544029369217],[-70.74276267282482,7.086397982827695],[-70.74274670052603,7.086332317996918]]},"properties":{"tipo":"TPE3/4","estado":"INSTALADO","barrio":"","polivalvula":"","longitud_m":161.005951}},{"type":"Feature","geometry":{"type":"LineString","coordinates":[[-70.74269507679948,7.087713348060943],[-70.74283958647788,7.087735990617959],[-70.74292629141632,7.087732971466212],[-70.74301603916243,7.087740519349667],[-70.74318792998926,7.08772844332426],[-70.74325333896368,7.087717876673394],[-70.74324725451096,7.087612209209623],[-70.74322139520788,7.087450690366],[-70.74319249283462,7.087363137835049],[-70.7431681547429,7.087242375819589],[-70.74313773122087,7.087106518057174],[-70.74313468940142,7.087028022668087]]},"properties":{"tipo":"TPE3/4","estado":"INSTALADO","barrio":"","polivalvula":"","longitud_m":139.749725}},{"type":"Feature","geometry":{"type":"LineString","coordinates":[[-70.74280248226086,7.087730176919102],[-70.74280612127536,7.08778882428676]]},"properties":{"tipo":"TPE3/4","estado":"INSTALADO","barrio":"","polivalvula":"","longitud_m":6.498439}},{"type":"Feature","geometry":{"type":"LineString","coordinates":[[-70.7425880169183,7.087952540992706],[-70.74258859606344,7.08785373409619],[-70.74260380782522,7.087784295831636],[-70.74280612127536,7.08778882428676],[-70.74291412234031,7.087806938440112],[-70.74301603924052,7.087806938549018],[-70.74313773124464,7.087808448434552],[-70.74324116991606,7.087814486136103],[-70.74330049466687,7.087838638814416]]},"properties":{"tipo":"TPE3/4","estado":"INSTALADO","barrio":"","polivalvula":"","longitud_m":96.472618}},{"type":"Feature","geometry":{"type":"LineString","coordinates":[[-70.74370233322412,7.087752811812451],[-70.74369223287775,7.087662863978112]]},"properties":{"tipo":"TPE3/4","estado":"INSTALADO","barrio":"","polivalvula":"","longitud_m":10.009993}},{"type":"Feature","geometry":{"type":"LineString","coordinates":[[-70.74269702261594,7.08748678002045],[-70.74269507679948,7.087713348060943]]},"properties":{"tipo":"TPE3/4","estado":"INSTALADO","barrio":"","polivalvula":"","longitud_m":25.057774}},{"type":"Feature","geometry":{"type":"LineString","coordinates":[[-70.74313773122087,7.087106518057174],[-70.74276476477864,7.087139224600697],[-70.74273282065246,7.087153942129606],[-70.74273282055094,7.087373578950237],[-70.74269702261594,7.08748678002045]]},"properties":{"tipo":"TPE3/4","estado":"INSTALADO","barrio":"","polivalvula":"","longitud_m":82.66819}},{"type":"Feature","geometry":{"type":"LineString","coordinates":[[-70.74312116740933,7.086356935304739],[-70.74309033385954,7.086293976964403]]},"properties":{"tipo":"TPE3/4","estado":"INSTALADO","barrio":"","polivalvula":"","longitud_m":7.75135}},{"type":"Feature","geometry":{"type":"LineString","coordinates":[[-70.74312648799595,7.085690015444115],[-70.74304468605072,7.085701514301231]]},"properties":{"tipo":"TPE3/4","estado":"INSTALADO","barrio":"","polivalvula":"","longitud_m":9.126254}},{"type":"Feature","geometry":{"type":"LineString","coordinates":[[-70.74238902048882,7.083510777278779],[-70.74238924959904,7.083761356572251],[-70.74238405596073,7.084033112317354],[-70.74237729174605,7.084320050526488],[-70.74237452866913,7.084487467790858],[-70.74237512402891,7.084925226427284],[-70.74237534986678,7.08509129313378]]},"properties":{"tipo":"TPE3/4","estado":"INSTALADO","barrio":"","polivalvula":"","longitud_m":174.810913}},{"type":"Feature","geometry":{"type":"LineString","coordinates":[[-70.74864399046614,7.089478743970138],[-70.74864202736674,7.089577983970856]]},"properties":{"tipo":"TPE3/4","estado":"INSTALADO","barrio":"LA UNION","polivalvula":"LA UNION UNO","longitud_m":10.977391}},{"type":"Feature","geometry":{"type":"LineString","coordinates":[[-70.74974788092793,7.089953909369363],[-70.74960771926081,7.08995208705169]]},"properties":{"tipo":"TPE3/4","estado":"INSTALADO","barrio":"SANTAFESITO","polivalvula":"SANTAFESITO","longitud_m":15.485773}},{"type":"Feature","geometry":{"type":"LineString","coordinates":[[-70.74972022296296,7.089457472180085],[-70.74971546984958,7.089561251204224]]},"properties":{"tipo":"TPE3/4","estado":"INSTALADO","barrio":"SANTAFESITO","polivalvula":"JORGE UNION 1","longitud_m":11.489238}},{"type":"Feature","geometry":{"type":"LineString","coordinates":[[-70.74957143616408,7.088618272187069],[-70.74954291453747,7.088505057690965]]},"properties":{"tipo":"TPE3/4","estado":"INSTALADO","barrio":"LA UNION","polivalvula":"","longitud_m":12.911126}},{"type":"Feature","geometry":{"type":"LineString","coordinates":[[-70.75087475219114,7.084583241229064],[-70.75096507115002,7.085359341658044],[-70.75100547616447,7.085460763497771],[-70.75105776604872,7.086000892625378],[-70.75024490176972,7.086102314136634],[-70.75014804712346,7.0860917009752],[-70.75015280002965,7.086235577885399],[-70.74945073954937,7.086305224946526],[-70.74946232526464,7.086394195396087],[-70.74934415141117,7.086421570349859]]},"properties":{"tipo":"TPE2","estado":"INSTALADO","barrio":"LAS AMERICAS","polivalvula":"miguel","longitud_m":0.0}},{"type":"Feature","geometry":{"type":"LineString","coordinates":[[-70.7519352045602,7.086130676174498],[-70.75206529065281,7.086106586676645]]},"properties":{"tipo":"TPE3/4","estado":"INSTALADO","barrio":"LA UNION","polivalvula":"miguel","longitud_m":11.376362}},{"type":"Feature","geometry":{"type":"LineString","coordinates":[[-70.75112103486529,7.086989994857976],[-70.75122549381443,7.086988101513189]]},"properties":{"tipo":"TPE3/4","estado":"INSTALADO","barrio":"LA UNION","polivalvula":"miguel","longitud_m":11.54215}},{"type":"Feature","geometry":{"type":"LineString","coordinates":[[-70.75990454637603,7.09466351513379],[-70.75973646427694,7.09501964551769],[-70.75981822581996,7.095061157114285],[-70.7598448462285,7.09500077722195],[-70.7598676631606,7.094957378640977],[-70.75987526932664,7.094900772602068],[-70.75988172918706,7.094857863767887]]},"properties":{"tipo":"TPE3/4","estado":"INSTALADO","barrio":"","polivalvula":"","longitud_m":0.0}},{"type":"Feature","geometry":{"type":"LineString","coordinates":[[-70.75934096471023,7.09398563545516],[-70.7591888499656,7.093938463091915],[-70.75914131392494,7.094166776133091],[-70.75912039865082,7.094276215495706],[-70.75908617231428,7.094404523075156],[-70.75905816056134,7.094546591674408]]},"properties":{"tipo":"TPE3/4","estado":"INSTALADO","barrio":"","polivalvula":"","longitud_m":0.0}},{"type":"Feature","geometry":{"type":"LineString","coordinates":[[-70.76078035382781,7.094542265458735],[-70.76052651128315,7.094975303744784],[-70.76037534771768,7.095238523113975],[-70.76015002702027,7.095688543745372],[-70.76008727923384,7.095750810472903],[-70.76002738419022,7.09574231961227],[-70.75983058534958,7.095623445900278],[-70.75958815207645,7.095493251712864],[-70.75941987473661,7.095399851079376],[-70.75929152785135,7.095329094036746]]},"properties":{"tipo":"TPE3/4","estado":"INSTALADO","barrio":"","polivalvula":"","longitud_m":0.0}},{"type":"Feature","geometry":{"type":"LineString","coordinates":[[-70.76009634615903,7.094254125296872],[-70.75955413495714,7.094054185486318],[-70.75948568387741,7.094261365348532],[-70.75945259895425,7.094257969056576],[-70.75951336888491,7.094042524819081],[-70.75934096471023,7.09398563545516]]},"properties":{"tipo":"TPE3/4","estado":"INSTALADO","barrio":"","polivalvula":"","longitud_m":0.0}},{"type":"Feature","geometry":{"type":"LineString","coordinates":[[-70.75924729976245,7.093877558898518],[-70.75922925063378,7.093950991585177]]},"properties":{"tipo":"TPE3/4","estado":"INSTALADO","barrio":"LIBERTADORES","polivalvula":"","longitud_m":9.439095}},{"type":"Feature","geometry":{"type":"LineString","coordinates":[[-70.76050026220028,7.093558765884524],[-70.7604258964006,7.093653247442285]]},"properties":{"tipo":"TPE3/4","estado":"INSTALADO","barrio":"","polivalvula":"","longitud_m":0.0}},{"type":"Feature","geometry":{"type":"LineString","coordinates":[[-70.76054019252365,7.093594616424682],[-70.76050026220028,7.093558765884524]]},"properties":{"tipo":"TPE3/4","estado":"INSTALADO","barrio":"","polivalvula":"","longitud_m":0.0}},{"type":"Feature","geometry":{"type":"LineString","coordinates":[[-70.7612494285842,7.093521028203246],[-70.76121520256537,7.093579521335653],[-70.76099463598621,7.093794626390598],[-70.7606371660811,7.093500272340425],[-70.76054019252365,7.093594616424682],[-70.76046890854495,7.093686940821152]]},"properties":{"tipo":"TPE3/4","estado":"INSTALADO","barrio":"","polivalvula":"","longitud_m":0.0}},{"type":"Feature","geometry":{"type":"LineString","coordinates":[[-70.75929330476923,7.093479581962764],[-70.7592900134244,7.093552230861862]]},"properties":{"tipo":"TPE3/4","estado":"INSTALADO","barrio":"LIBERTADORES","polivalvula":"","longitud_m":9.439095}},{"type":"Feature","geometry":{"type":"LineString","coordinates":[[-70.75755065708472,7.095153651497554],[-70.75776551953498,7.095274412120372],[-70.75831693674817,7.095687638081682],[-70.75872764726697,7.095968781865313],[-70.75945209497813,7.096434839371613],[-70.75949963061035,7.096463143191359],[-70.75960421005759,7.096317853743083],[-70.75974681789579,7.096363138722968],[-70.75979245177894,7.096298984991113],[-70.75997118694298,7.09595557430223],[-70.75995977820244,7.095883872914746],[-70.75952625074564,7.095642352740422],[-70.7591611745096,7.095442343805275],[-70.75875426730028,7.095189502306463],[-70.75815341257582,7.094910244246575],[-70.75786439367124,7.094789484307451],[-70.75772240092289,7.09474320456034]]},"properties":{"tipo":"TPE3/4","estado":"INSTALADO","barrio":"","polivalvula":"","longitud_m":0.0}},{"type":"Feature","geometry":{"type":"LineString","coordinates":[[-70.76194963322024,7.094198890925323],[-70.76182699021089,7.094663063618055],[-70.76166727006007,7.094640421011833],[-70.76156900948493,7.094600367865191]]},"properties":{"tipo":"TPE3/4","estado":"INSTALADO","barrio":"","polivalvula":"","longitud_m":0.0}},{"type":"Feature","geometry":{"type":"LineString","coordinates":[[-70.76095533487918,7.094348249270603],[-70.76090126120278,7.094308023559244]]},"properties":{"tipo":"TPE3/4","estado":"INSTALADO","barrio":"","polivalvula":"","longitud_m":0.0}},{"type":"Feature","geometry":{"type":"LineString","coordinates":[[-70.75299477217067,7.088635656970746],[-70.75298801157636,7.088516423097068]]},"properties":{"tipo":"TPE3/4","estado":"INSTALADO","barrio":"LA UNION","polivalvula":"JORGE UNION 3","longitud_m":13.207561}},{"type":"Feature","geometry":{"type":"LineString","coordinates":[[-70.75130306702962,7.087895459874765],[-70.75118551016416,7.087903593075715]]},"properties":{"tipo":"TPE3/4","estado":"INSTALADO","barrio":"LA UNION","polivalvula":"JORGE UNION 2","longitud_m":12.523172}},{"type":"Feature","geometry":{"type":"LineString","coordinates":[[-70.72281812218748,7.066922401426686],[-70.7228267189666,7.067005688891762]]},"properties":{"tipo":"TPE3/4","estado":"INSTALADO","barrio":"","polivalvula":"","longitud_m":0.0}},{"type":"Feature","geometry":{"type":"LineString","coordinates":[[-70.72250049275301,7.065458154913672],[-70.72217844756369,7.06626462679926],[-70.7219607931105,7.066924596617053]]},"properties":{"tipo":"TPE3/4","estado":"INSTALADO","barrio":"BELLO HORIZONTE POL 1","polivalvula":"","longitud_m":172.872665}},{"type":"Feature","geometry":{"type":"LineString","coordinates":[[-70.72206901929725,7.065440102680161],[-70.72244794571094,7.065589745115917]]},"properties":{"tipo":"TPE3/4","estado":"INSTALADO","barrio":"BELLO HORIZONTE POL 1","polivalvula":"","longitud_m":45.016876}},{"type":"Feature","geometry":{"type":"LineString","coordinates":[[-70.74999423737454,7.087001806265972],[-70.74954659346258,7.087041328665181]]},"properties":{"tipo":"TPE3/4","estado":"INSTALADO","barrio":"","polivalvula":"","longitud_m":0.0}},{"type":"Feature","geometry":{"type":"LineString","coordinates":[[-70.75035482814407,7.087756899483209],[-70.75047782786376,7.087748644634426]]},"properties":{"tipo":"TPE3/4","estado":"INSTALADO","barrio":"LA UNION","polivalvula":"miguel","longitud_m":13.619179}},{"type":"Feature","geometry":{"type":"LineString","coordinates":[[-70.75120773053213,7.089433075234788],[-70.75120525657674,7.089547724575961]]},"properties":{"tipo":"TPE3/4","estado":"INSTALADO","barrio":"","polivalvula":"","longitud_m":0.0}},{"type":"Feature","geometry":{"type":"LineString","coordinates":[[-70.75138326865344,7.088498358465697],[-70.7513696063322,7.088576352053313]]},"properties":{"tipo":"TPE3/4","estado":"INSTALADO","barrio":"LA UNION","polivalvula":"JORGE UNION 3","longitud_m":0.0}},{"type":"Feature","geometry":{"type":"LineString","coordinates":[[-70.75130293908339,7.087883039461512],[-70.75118537953524,7.087897563665736]]},"properties":{"tipo":"TPE3/4","estado":"INSTALADO","barrio":"LA UNION","polivalvula":"JORGE UNION 3","longitud_m":0.0}},{"type":"Feature","geometry":{"type":"LineString","coordinates":[[-70.74956287915919,7.087845584007984],[-70.74954576661779,7.088023897041307]]},"properties":{"tipo":"TPE2","estado":"INSTALADO","barrio":"LA UNION","polivalvula":"","longitud_m":0.0}},{"type":"Feature","geometry":{"type":"LineString","coordinates":[[-70.75602507801008,7.078444964255207],[-70.75602464487737,7.078515592277898]]},"properties":{"tipo":"TPE3/4","estado":"INSTALADO","barrio":"CRISTO REY MIGUEL","polivalvula":"","longitud_m":0.0}},{"type":"Feature","geometry":{"type":"LineString","coordinates":[[-70.75575670263639,7.077397125367042],[-70.75586633806124,7.077401295528974]]},"properties":{"tipo":"TPE3/4","estado":"INSTALADO","barrio":"CRISTO REY MIGUEL","polivalvula":"","longitud_m":0.0}},{"type":"Feature","geometry":{"type":"LineString","coordinates":[[-70.75599543872681,7.078520434198186],[-70.75602208411519,7.078514311010532],[-70.75627824465055,7.078520629471102],[-70.75653030514768,7.07852899216129],[-70.75676598242185,7.078520965842396]]},"properties":{"tipo":"TPE3/4","estado":"INSTALADO","barrio":"CRISTO REY MIGUEL","polivalvula":"","longitud_m":0.0}},{"type":"Feature","geometry":{"type":"LineString","coordinates":[[-70.75679064774985,7.078414528549323],[-70.75676803456768,7.078516872860842]]},"properties":{"tipo":"TPE3/4","estado":"INSTALADO","barrio":"CRISTO REY MIGUEL","polivalvula":"","longitud_m":0.0}},{"type":"Feature","geometry":{"type":"LineString","coordinates":[[-70.75595454023296,7.078393479685332],[-70.75597912779381,7.078399638264525],[-70.75597499939758,7.078442626564926],[-70.75602623092854,7.078444709151821],[-70.75627009127,7.078457160712465],[-70.75634796818672,7.078453120060328],[-70.75663898407998,7.078434895996491]]},"properties":{"tipo":"TPE3/4","estado":"INSTALADO","barrio":"CRISTO REY MIGUEL","polivalvula":"","longitud_m":0.0}},{"type":"Feature","geometry":{"type":"LineString","coordinates":[[-70.75686986573373,7.078694281541552],[-70.7567586876935,7.078697787531159]]},"properties":{"tipo":"TPE3/4","estado":"INSTALADO","barrio":"CRISTO REY MIGUEL","polivalvula":"","longitud_m":0.0}},{"type":"Feature","geometry":{"type":"LineString","coordinates":[[-70.75588582388654,7.077561246320275],[-70.75590004577472,7.077739362353602],[-70.75594688948735,7.078159070258623],[-70.75595492448002,7.078393479950808]]},"properties":{"tipo":"TPE3/4","estado":"INSTALADO","barrio":"CRISTO REY MIGUEL","polivalvula":"","longitud_m":0.0}},{"type":"Feature","geometry":{"type":"LineString","coordinates":[[-70.75595417068253,7.078393304170756],[-70.75585400258696,7.078393234957442]]},"properties":{"tipo":"TPE3/4","estado":"INSTALADO","barrio":"CRISTO REY MIGUEL","polivalvula":"","longitud_m":0.0}},{"type":"Feature","geometry":{"type":"LineString","coordinates":[[-70.75586517588167,7.077401990249151],[-70.75576500800074,7.077401921026318]]},"properties":{"tipo":"TPE3/4","estado":"INSTALADO","barrio":"CRISTO REY MIGUEL","polivalvula":"","longitud_m":0.0}},{"type":"Feature","geometry":{"type":"LineString","coordinates":[[-70.7231837596267,7.063376802228615],[-70.72311543869982,7.063441640425711]]},"properties":{"tipo":"TPE3/4","estado":"INSTALADO","barrio":"Bello Horizonte","polivalvula":"","longitud_m":10.41127}},{"type":"Feature","geometry":{"type":"LineString","coordinates":[[-70.72249161827344,7.065165534455023],[-70.72228399821732,7.065116243727384],[-70.7222538133254,7.065285455265059]]},"properties":{"tipo":"TPE3/4","estado":"INSTALADO","barrio":"","polivalvula":"","longitud_m":0.0}},{"type":"Feature","geometry":{"type":"LineString","coordinates":[[-70.72236053903944,7.065069899012243],[-70.7224181180359,7.064807902287214],[-70.72247287300473,7.064666005331847]]},"properties":{"tipo":"TPE3/4","estado":"INSTALADO","barrio":"","polivalvula":"","longitud_m":0.0}},{"type":"Feature","geometry":{"type":"LineString","coordinates":[[-70.7231104357786,7.063446363740213],[-70.72288345720091,7.063702772638413]]},"properties":{"tipo":"TPE3/4","estado":"INSTALADO","barrio":"","polivalvula":"","longitud_m":0.0}},{"type":"Feature","geometry":{"type":"LineString","coordinates":[[-70.7223550681184,7.065078083613255],[-70.72311996835168,7.065280655194234],[-70.7235324889917,7.065362856227721],[-70.72357916294676,7.065068095977789],[-70.72242359311782,7.064794258509629]]},"properties":{"tipo":"TPE3/4","estado":"INSTALADO","barrio":"","polivalvula":"","longitud_m":0.0}},{"type":"Feature","geometry":{"type":"LineString","coordinates":[[-70.72256318365258,7.064477732411692],[-70.72360676861338,7.064696892733962],[-70.72355461344434,7.065013485550618],[-70.72245094977983,7.0647506059104]]},"properties":{"tipo":"TPE3/4","estado":"INSTALADO","barrio":"","polivalvula":"","longitud_m":0.0}},{"type":"Feature","geometry":{"type":"LineString","coordinates":[[-70.72269186339496,7.064136631651746],[-70.72363433893852,7.064372092479379],[-70.72356855122919,7.064650460703541],[-70.72259603616943,7.064393140143221]]},"properties":{"tipo":"TPE3/4","estado":"INSTALADO","barrio":"","polivalvula":"","longitud_m":0.0}},{"type":"Feature","geometry":{"type":"LineString","coordinates":[[-70.72363361247673,7.065327448319749],[-70.72354071507337,7.065324648218014]]},"properties":{"tipo":"TPE3/4","estado":"INSTALADO","barrio":"","polivalvula":"","longitud_m":0.0}},{"type":"Feature","geometry":{"type":"LineString","coordinates":[[-70.72363630745107,7.065376582978427],[-70.72394233552741,7.065368626363355],[-70.72394847003613,7.064486973518693],[-70.72370258498766,7.064454031954406],[-70.72363630952681,7.065373853390381]]},"properties":{"tipo":"TPE3/4","estado":"INSTALADO","barrio":"","polivalvula":"","longitud_m":0.0}},{"type":"Feature","geometry":{"type":"LineString","coordinates":[[-70.72372323430297,7.065445798546385],[-70.72372339283937,7.065374540264616]]},"properties":{"tipo":"TPE3/4","estado":"INSTALADO","barrio":"","polivalvula":"","longitud_m":0.0}},{"type":"Feature","geometry":{"type":"LineString","coordinates":[[-70.72387356032827,7.065982731881999],[-70.72398012579797,7.065977353519016],[-70.72393408666325,7.065436859851182],[-70.72368816791028,7.065447591664766],[-70.72371505961296,7.0660153667093]]},"properties":{"tipo":"TPE3/4","estado":"INSTALADO","barrio":"","polivalvula":"","longitud_m":0.0}},{"type":"Feature","geometry":{"type":"LineString","coordinates":[[-70.72404314983058,7.066039954399919],[-70.7240455014293,7.065941690954392],[-70.72401628468273,7.065436694708886],[-70.72427677728389,7.065424154035884],[-70.72429998928743,7.06604105890991],[-70.72404314775703,7.066042683988014]]},"properties":{"tipo":"TPE3/4","estado":"INSTALADO","barrio":"BELLO HORIZONTE","polivalvula":"","longitud_m":0.0}},{"type":"Feature","geometry":{"type":"LineString","coordinates":[[-70.72404413594978,7.065940780055963],[-70.72397673715916,7.065942093749782]]},"properties":{"tipo":"TPE3/4","estado":"INSTALADO","barrio":"BELLO HORIZONTE","polivalvula":"","longitud_m":0.0}},{"type":"Feature","geometry":{"type":"LineString","coordinates":[[-70.72437083338737,7.066000396193814],[-70.72430001933209,7.066001479881342]]},"properties":{"tipo":"TPE3/4","estado":"INSTALADO","barrio":"BELLO HORIZONTE","polivalvula":"","longitud_m":0.0}},{"type":"Feature","geometry":{"type":"LineString","coordinates":[[-70.72599768281378,7.064839047565026],[-70.72478744412267,7.064592925531222],[-70.72437033409233,7.064558035044761],[-70.72433563753695,7.064672651545354],[-70.7243282007832,7.064870996112315],[-70.72433722846907,7.064976547091923],[-70.7243513175701,7.065613462059667],[-70.72436030245396,7.06577542452645],[-70.72437284897991,7.066044753554158]]},"properties":{"tipo":"TPE3/4","estado":"INSTALADO","barrio":"BELLO HORIZONTE","polivalvula":"","longitud_m":0.0}},{"type":"Feature","geometry":{"type":"LineString","coordinates":[[-70.72601776752953,7.064776054660132],[-70.72599722690909,7.064839729618962]]},"properties":{"tipo":"TPE3/4","estado":"INSTALADO","barrio":"BELLO HORIZONTE","polivalvula":"","longitud_m":0.0}},{"type":"Feature","geometry":{"type":"LineString","coordinates":[[-70.72602004310106,7.064777876102292],[-70.72554925670643,7.064663788078841],[-70.72557860526429,7.064394490654105],[-70.72581446297073,7.064439251896983],[-70.72583359273995,7.064434717006258],[-70.72607854247325,7.064500411834102],[-70.72601913163548,7.06477878527873]]},"properties":{"tipo":"TPE3/4","estado":"INSTALADO","barrio":"BELLO HORIZONTE","polivalvula":"","longitud_m":0.0}},{"type":"Feature","geometry":{"type":"LineString","coordinates":[[-70.72557596802997,7.064419282442408],[-70.72553225483246,7.06441379027067]]},"properties":{"tipo":"TPE3/4","estado":"INSTALADO","barrio":"BELLO HORIZONTE","polivalvula":"","longitud_m":0.0}},{"type":"Feature","geometry":{"type":"LineString","coordinates":[[-70.72553318143663,7.064392864111182],[-70.72540660331688,7.064366382518677],[-70.72529275819447,7.064363566958131],[-70.72513976342084,7.064342524522124],[-70.72492578035427,7.064276852624629],[-70.72489195130548,7.064448791223696],[-70.72488367502697,7.06455341925235],[-70.72515960213619,7.064604580168292],[-70.72543188964323,7.06465118885884],[-70.72548562417312,7.064653049152416],[-70.7255148750491,7.064512952265995],[-70.72553157174924,7.064413789755102],[-70.72553272621988,7.064392636301736]]},"properties":{"tipo":"TPE3/4","estado":"INSTALADO","barrio":"BELLO HORIZONTE","polivalvula":"","longitud_m":0.0}},{"type":"Feature","geometry":{"type":"LineString","coordinates":[[-70.72486097721652,7.064258530536293],[-70.72472522066785,7.06421272144187],[-70.72467418863732,7.064250290519927],[-70.72448962746212,7.064219822068799],[-70.72434878453396,7.064188173503632],[-70.72423466051431,7.064152905684455],[-70.72412903525539,7.064120070580241],[-70.72402461701056,7.064096941576164],[-70.72380366175797,7.064017919230191]]},"properties":{"tipo":"TPE3/4","estado":"INSTALADO","barrio":"BELLO HORIZONTE","polivalvula":"","longitud_m":0.0}},{"type":"Feature","geometry":{"type":"LineString","coordinates":[[-70.72479867691204,7.064543043186869],[-70.72470768116696,7.06452236500064],[-70.7246287544547,7.064512600073451],[-70.72451340031934,7.06449795495598],[-70.72434217964062,7.064490546411076],[-70.72423533440211,7.064464989309797],[-70.7240896449966,7.064418779179806],[-70.72377639748136,7.064339686861084],[-70.72365012516735,7.064310475439536]]},"properties":{"tipo":"TPE3/4","estado":"INSTALADO","barrio":"BELLO HORIZONTE","polivalvula":"","longitud_m":0.0}},{"type":"Feature","geometry":{"type":"LineString","coordinates":[[-70.72480117055889,7.064545030660129],[-70.72486696441554,7.064257563594993]]},"properties":{"tipo":"TPE3/4","estado":"INSTALADO","barrio":"BELLO HORIZONTE","polivalvula":"","longitud_m":0.0}},{"type":"Feature","geometry":{"type":"LineString","coordinates":[[-70.72426957354486,7.065352965994233],[-70.72401454888514,7.065361264782091],[-70.72400418259754,7.064620021653873],[-70.72402736067953,7.064481740005297],[-70.72414756858595,7.064501241524225],[-70.72428718893407,7.064543807587326],[-70.72426863543623,7.064989019972194],[-70.72427321666218,7.065352968754143]]},"properties":{"tipo":"TPE3/4","estado":"INSTALADO","barrio":"","polivalvula":"","longitud_m":0.0}},{"type":"Feature","geometry":{"type":"LineString","coordinates":[[-70.75220392470334,7.080636325459889],[-70.75220536985698,7.080708988160964]]},"properties":{"tipo":"TPE3/4","estado":"INSTALADO","barrio":"MERIDIANO 70","polivalvula":"","longitud_m":0.0}},{"type":"Feature","geometry":{"type":"LineString","coordinates":[[-70.75192043373616,7.078703469507696],[-70.75190694563578,7.078842102863566],[-70.75191754342893,7.078993165369425],[-70.75189731127836,7.079149008282503]]},"properties":{"tipo":"TPE3/4","estado":"INSTALADO","barrio":"MERIDIANO 70","polivalvula":"","longitud_m":0.0}},{"type":"Feature","geometry":{"type":"LineString","coordinates":[[-70.75198703123178,7.079883584617514],[-70.75198426135404,7.079770526983929]]},"properties":{"tipo":"TPE3/4","estado":"INSTALADO","barrio":"MERIDIANO 70","polivalvula":"","longitud_m":0.0}},{"type":"Feature","geometry":{"type":"LineString","coordinates":[[-70.75158708496939,7.080090996303487],[-70.75157166999752,7.079897866208794]]},"properties":{"tipo":"TPE3/4","estado":"INSTALADO","barrio":"MERIDIANO 70","polivalvula":"","longitud_m":0.0}},{"type":"Feature","geometry":{"type":"LineString","coordinates":[[-70.74987407983163,7.080796739931836],[-70.75009159242497,7.080804075241254]]},"properties":{"tipo":"TPE3/4","estado":"INSTALADO","barrio":"MERIDIANO 70","polivalvula":"","longitud_m":24.044024}},{"type":"Feature","geometry":{"type":"LineString","coordinates":[[-70.75009259309532,7.080803742111468],[-70.75009354856877,7.080693752482056]]},"properties":{"tipo":"TPE3/4","estado":"INSTALADO","barrio":"MERIDIANO 70","polivalvula":"","longitud_m":24.044024}},{"type":"Feature","geometry":{"type":"LineString","coordinates":[[-70.751113123685,7.080274611684525],[-70.751113123685,7.080342476614885]]},"properties":{"tipo":"TPE3/4","estado":"INSTALADO","barrio":"MERIDIANO 70","polivalvula":"","longitud_m":13.776629}},{"type":"Feature","geometry":{"type":"LineString","coordinates":[[-70.7502405679651,7.07904737194368],[-70.75015493667716,7.079041473313363]]},"properties":{"tipo":"TPE3/4","estado":"INSTALADO","barrio":"MERIDIANO 70","polivalvula":"","longitud_m":10.102681}},{"type":"Feature","geometry":{"type":"LineString","coordinates":[[-70.7556246942581,7.084147622807583],[-70.75559734798908,7.083384357566496],[-70.75494099535207,7.0833965603201],[-70.75498481427572,7.084157305478779],[-70.75563863384079,7.084145100958408]]},"properties":{"tipo":"TPE3/4","estado":"PROYECTADO","barrio":"CRISTO REY","polivalvula":"","longitud_m":0.0}},{"type":"Feature","geometry":{"type":"LineString","coordinates":[[-70.75644180516058,7.084105059021627],[-70.75635508137388,7.083350706171799],[-70.75567591442004,7.08337302020005],[-70.75572099636037,7.084141360708275],[-70.75644959000594,7.08410515755501]]},"properties":{"tipo":"TPE3/4","estado":"PROYECTADO","barrio":"CRISTO REY","polivalvula":"","longitud_m":0.0}},{"type":"Feature","geometry":{"type":"LineString","coordinates":[[-70.75718424316615,7.083321137309065],[-70.75641606780421,7.083338407228928],[-70.75650069315928,7.084070226527627],[-70.75724116748124,7.084031182392248]]},"properties":{"tipo":"TPE3/4","estado":"PROYECTADO","barrio":"CRISTO REY","polivalvula":"","longitud_m":0.0}},{"type":"Feature","geometry":{"type":"LineString","coordinates":[[-70.75718226472931,7.083319158214247],[-70.75723918631166,7.084033158760173]]},"properties":{"tipo":"TPE3/4","estado":"PROYECTADO","barrio":"CRISTO REY","polivalvula":"","longitud_m":0.0}},{"type":"Feature","geometry":{"type":"LineString","coordinates":[[-70.75729560396401,7.084027880071615],[-70.75799296872009,7.083988505826599],[-70.75795036051444,7.083302440736621],[-70.75725978994487,7.083324749249417],[-70.75729478681744,7.084022200854301]]},"properties":{"tipo":"TPE3/4","estado":"PROYECTADO","barrio":"CRISTO REY","polivalvula":"","longitud_m":0.0}},{"type":"Feature","geometry":{"type":"LineString","coordinates":[[-70.75386328062153,7.083419301996382],[-70.75488228362642,7.083402285785749],[-70.75490487160842,7.084174595220458],[-70.7539112484047,7.08419916616094]]},"properties":{"tipo":"TPE3/4","estado":"PROYECTADO","barrio":"CRISTO REY","polivalvula":"","longitud_m":0.0}},{"type":"Feature","geometry":{"type":"LineString","coordinates":[[-70.7565148523731,7.084896527475356],[-70.75644647867495,7.084147658405258],[-70.75575259021844,7.084220914048913],[-70.75579702424466,7.084926317971811],[-70.75651037646709,7.084876806061826]]},"properties":{"tipo":"TPE3/4","estado":"PROYECTADO","barrio":"CRISTO REY","polivalvula":"","longitud_m":0.0}},{"type":"Feature","geometry":{"type":"LineString","coordinates":[[-70.75571763423255,7.084956603198782],[-70.75567385234908,7.084227413806241],[-70.75498163358827,7.084258066892547],[-70.75503032269665,7.085005283860126],[-70.75573240470774,7.084945143501507]]},"properties":{"tipo":"TPE3/4","estado":"PROYECTADO","barrio":"CRISTO REY","polivalvula":"","longitud_m":0.0}},{"type":"Feature","geometry":{"type":"LineString","coordinates":[[-70.75493517391327,7.085023242022096],[-70.75489142515512,7.084248172964838],[-70.75392854914828,7.084295022238051],[-70.75395753605721,7.085066803922937],[-70.7549450247071,7.085010140378454]]},"properties":{"tipo":"TPE3/4","estado":"PROYECTADO","barrio":"CRISTO REY","polivalvula":"","longitud_m":0.0}},{"type":"Feature","geometry":{"type":"LineString","coordinates":[[-70.75577884761839,7.08570122806718],[-70.75574815675888,7.08501504281465],[-70.75504332100041,7.085054558473581],[-70.75510692193555,7.085734668820479],[-70.75579173574515,7.085695139258968]]},"properties":{"tipo":"TPE3/4","estado":"PROYECTADO","barrio":"CRISTO REY","polivalvula":"","longitud_m":0.0}},{"type":"Feature","geometry":{"type":"LineString","coordinates":[[-70.75503143117662,7.085770491963862],[-70.75495645997115,7.08507732925486],[-70.75398864769018,7.085143837863854],[-70.75403739348268,7.085807488349252],[-70.7550412842622,7.085754113201603]]},"properties":{"tipo":"TPE3/4","estado":"PROYECTADO","barrio":"CRISTO REY","polivalvula":"","longitud_m":0.0}},{"type":"Feature","geometry":{"type":"LineString","coordinates":[[-70.75656282529125,7.085639352539906],[-70.75651931787696,7.084961970542582],[-70.75582728913766,7.08501269732878],[-70.75587808472234,7.08568095760866],[-70.75657780328466,7.085630236099936]]},"properties":{"tipo":"TPE3/4","estado":"PROYECTADO","barrio":"CRISTO REY","polivalvula":"","longitud_m":0.0}},{"type":"Feature","geometry":{"type":"LineString","coordinates":[[-70.75344711782785,7.082721221866441],[-70.75255006055677,7.082768600720575]]},"properties":{"tipo":"TPE3/4","estado":"INSTALADO","barrio":"CRISTO REY","polivalvula":"","longitud_m":0.0}},{"type":"Feature","geometry":{"type":"LineString","coordinates":[[-70.75248963159363,7.082368199553665],[-70.75253804214123,7.082775312978117]]},"properties":{"tipo":"TPE3/4","estado":"","barrio":"CRISTO REY","polivalvula":"","longitud_m":0.0}},{"type":"Feature","geometry":{"type":"LineString","coordinates":[[-70.75286056599178,7.083354154486994],[-70.75260681997187,7.083377019546717],[-70.7525277097802,7.082890516966501],[-70.75279682592407,7.082877903663962]]},"properties":{"tipo":"TPE3/4","estado":"","barrio":"CRISTO REY","polivalvula":"","longitud_m":0.0}},{"type":"Feature","geometry":{"type":"LineString","coordinates":[[-70.75368321061048,7.08343409568427],[-70.75262211510467,7.083494801684743]]},"properties":{"tipo":"TPE3/4","estado":"PROYECTADO","barrio":"CRISTO REY","polivalvula":"","longitud_m":0.0}},{"type":"Feature","geometry":{"type":"LineString","coordinates":[[-70.75363140353555,7.084220056118521],[-70.75270869924823,7.084288539338594],[-70.75261698745464,7.083497358351964]]},"properties":{"tipo":"TPE3/4","estado":"","barrio":"CRISTO REY","polivalvula":"","longitud_m":0.0}},{"type":"Feature","geometry":{"type":"LineString","coordinates":[[-70.7537333081675,7.085098292530884],[-70.75279522987931,7.085159084391078],[-70.75271885064029,7.084431920368017],[-70.75360824421887,7.084353172945302]]},"properties":{"tipo":"TPE3/4","estado":"","barrio":"CRISTO REY","polivalvula":"","longitud_m":0.0}},{"type":"Feature","geometry":{"type":"LineString","coordinates":[[-70.75961879721248,7.082347722417805],[-70.75961038204592,7.082347877475867],[-70.759670971148,7.083211417138885],[-70.75889592127129,7.083202924545081]]},"properties":{"tipo":"TPE3/4","estado":"PROYECTADO","barrio":"CRISTO REY","polivalvula":"","longitud_m":0.0}},{"type":"Feature","geometry":{"type":"LineString","coordinates":[[-70.75875453834767,7.081693561872161],[-70.75954023275527,7.08163598677353],[-70.75960215614234,7.082255752167786]]},"properties":{"tipo":"TPE3/4","estado":"PROYECTADO","barrio":"CRISTO REY","polivalvula":"","longitud_m":0.0}},{"type":"Feature","geometry":{"type":"LineString","coordinates":[[-70.75791317259063,7.08320668293794],[-70.75801615199155,7.083204812733084]]},"properties":{"tipo":"TPE3/4","estado":"PROYECTADO","barrio":"","polivalvula":"","longitud_m":0.0}},{"type":"Feature","geometry":{"type":"LineString","coordinates":[[-70.75717482191203,7.083231407394354],[-70.75724671225774,7.083231456899838]]},"properties":{"tipo":"TPE3/4","estado":"PROYECTADO","barrio":"","polivalvula":"","longitud_m":0.0}},{"type":"Feature","geometry":{"type":"LineString","coordinates":[[-70.75581613421865,7.078523247388287],[-70.75532340485401,7.078442275255092],[-70.75532345784062,7.07836588773365],[-70.75586295496264,7.07839172339058]]},"properties":{"tipo":"TPE3/4","estado":"","barrio":"CRISTO REY MIGUEL","polivalvula":"","longitud_m":0.0}},{"type":"Feature","geometry":{"type":"LineString","coordinates":[[-70.75538216957231,7.079465060439662],[-70.75531915670575,7.078442272314403]]},"properties":{"tipo":"TPE3/4","estado":"","barrio":"CRISTO REY MIGUEL","polivalvula":"","longitud_m":0.0}},{"type":"Feature","geometry":{"type":"LineString","coordinates":[[-70.75571776815022,7.079473780124961],[-70.75537365559488,7.079490517064576]]},"properties":{"tipo":"TPE3/4","estado":"","barrio":"CRISTO REY MIGUEL","polivalvula":"","longitud_m":0.0}},{"type":"Feature","geometry":{"type":"LineString","coordinates":[[-70.75540333088763,7.079579656419544],[-70.75539064822635,7.079490528826851]]},"properties":{"tipo":"TPE3/4","estado":"","barrio":"CRISTO REY MIGUEL","polivalvula":"","longitud_m":0.0}},{"type":"Feature","geometry":{"type":"LineString","coordinates":[[-70.7560021303083,7.079855914462369],[-70.75597684701899,7.079558834265369],[-70.75539907978543,7.079583897230121]]},"properties":{"tipo":"TPE3/4","estado":"","barrio":"CRISTO REY MIGUEL","polivalvula":"","longitud_m":0.0}},{"type":"Feature","geometry":{"type":"LineString","coordinates":[[-70.75607819183534,7.08044160495136],[-70.75543668333727,7.080492086394135],[-70.75540757021605,7.07959239061297]]},"properties":{"tipo":"TPE3/4","estado":"PROYECTADO","barrio":"CRISTO REY MIGUEL","polivalvula":"","longitud_m":0.0}},{"type":"Feature","geometry":{"type":"LineString","coordinates":[[-70.7568675519074,7.080368817506186],[-70.7561905208856,7.080430818525747],[-70.75617178042017,7.080009825262306]]},"properties":{"tipo":"TPE3/4","estado":"PROYECTADO","barrio":"CRISTO REY MIGUEL","polivalvula":"","longitud_m":0.0}},{"type":"Feature","geometry":{"type":"LineString","coordinates":[[-70.7569145961047,7.080451261879451],[-70.756987668237,7.081056340135925],[-70.7562159886056,7.081107703583281],[-70.75618980327488,7.080496328888148],[-70.7569044595827,7.080451254895309]]},"properties":{"tipo":"TPE3/4","estado":"PROYECTADO","barrio":"CRISTO REY MIGUEL","polivalvula":"","longitud_m":0.0}},{"type":"Feature","geometry":{"type":"LineString","coordinates":[[-70.75546172245902,7.080600566232959],[-70.7561032140778,7.080543655551502],[-70.75615230775938,7.081123165024471],[-70.75548903899619,7.081178082932661],[-70.75546170599853,7.080624299007831]]},"properties":{"tipo":"TPE3/4","estado":"PROYECTADO","barrio":"CRISTO REY MIGUEL","polivalvula":"","longitud_m":0.0}},{"type":"Feature","geometry":{"type":"LineString","coordinates":[[-70.75615622080264,7.081190410624517],[-70.75623301118199,7.08179960519319],[-70.75553016200956,7.081830762995017],[-70.75549096666386,7.081253238088301]]},"properties":{"tipo":"TPE3/4","estado":"PROYECTADO","barrio":"CRISTO REY MIGUEL","polivalvula":"","longitud_m":0.0}},{"type":"Feature","geometry":{"type":"LineString","coordinates":[[-70.75549294096965,7.081261150383335],[-70.75615621669604,7.081196343818491]]},"properties":{"tipo":"TPE3/4","estado":"PROYECTADO","barrio":"CRISTO REY MIGUEL","polivalvula":"","longitud_m":0.0}},{"type":"Feature","geometry":{"type":"LineString","coordinates":[[-70.7570289461735,7.081717089417049],[-70.75696996332529,7.081121751327621],[-70.75623543029212,7.081164754807811],[-70.7562963742032,7.081785804821037]]},"properties":{"tipo":"TPE3/4","estado":"PROYECTADO","barrio":"CRISTO REY MIGUEL","polivalvula":"","longitud_m":0.0}},{"type":"Feature","geometry":{"type":"LineString","coordinates":[[-70.75629241871833,7.081779868893204],[-70.75704082221236,7.08172105306274]]},"properties":{"tipo":"TPE3/4","estado":"PROYECTADO","barrio":"CRISTO REY MIGUEL","polivalvula":"","longitud_m":0.0}},{"type":"Feature","geometry":{"type":"LineString","coordinates":[[-70.75703880965243,7.08176851725378],[-70.75711550434148,7.082518130647898],[-70.75635719372846,7.082586828361236],[-70.7562923708242,7.081849089488684]]},"properties":{"tipo":"TPE3/4","estado":"PROYECTADO","barrio":"CRISTO REY MIGUEL","polivalvula":"","longitud_m":0.0}},{"type":"Feature","geometry":{"type":"LineString","coordinates":[[-70.75704673156316,7.081764567245978],[-70.756286427333,7.081855018581578]]},"properties":{"tipo":"TPE3/4","estado":"PROYECTADO","barrio":"CRISTO REY MIGUEL","polivalvula":"","longitud_m":0.0}},{"type":"Feature","geometry":{"type":"LineString","coordinates":[[-70.75629597897644,7.082589008749179],[-70.75622901600627,7.081851023472161],[-70.75556971402327,7.081894077794761],[-70.75560682134149,7.082627842073008],[-70.75628987647555,7.082592715077173]]},"properties":{"tipo":"TPE3/4","estado":"PROYECTADO","barrio":"CRISTO REY MIGUEL","polivalvula":"","longitud_m":0.0}},{"type":"Feature","geometry":{"type":"LineString","coordinates":[[-70.7554164149472,7.081185627153112],[-70.75538388480742,7.080589437052246],[-70.75480101185109,7.080621942625926],[-70.75483104141453,7.081168766808021],[-70.75540501309983,7.081183087762493]]},"properties":{"tipo":"TPE3/4","estado":"PROYECTADO","barrio":"CRISTO REY MIGUEL","polivalvula":"","longitud_m":0.0}},{"type":"Feature","geometry":{"type":"LineString","coordinates":[[-70.75487407507377,7.08123588132212],[-70.75489265185537,7.081853579462858],[-70.75545904656363,7.081832454174542],[-70.75542017136624,7.08125018293033],[-70.75485633525423,7.081237134768463]]},"properties":{"tipo":"TPE3/4","estado":"PROYECTADO","barrio":"CRISTO REY MIGUEL","polivalvula":"","longitud_m":0.0}},{"type":"Feature","geometry":{"type":"LineString","coordinates":[[-70.75492377708949,7.082647225322674],[-70.75553704824992,7.082634992728332],[-70.75547166457065,7.081908407821311],[-70.7549014817561,7.081910544266992]]},"properties":{"tipo":"TPE3/4","estado":"PROYECTADO","barrio":"CRISTO REY MIGUEL","polivalvula":"","longitud_m":0.0}},{"type":"Feature","geometry":{"type":"LineString","coordinates":[[-70.75490274970466,7.0819092793978],[-70.75492504328086,7.082648491949187]]},"properties":{"tipo":"TPE3/4","estado":"PROYECTADO","barrio":"CRISTO REY MIGUEL","polivalvula":"","longitud_m":0.0}},{"type":"Feature","geometry":{"type":"LineString","coordinates":[[-70.75555347364474,7.08270208876768],[-70.75492119896622,7.08271051095595],[-70.7549321715842,7.083330735284386],[-70.75561893212206,7.083321085080973]]},"properties":{"tipo":"TPE3/4","estado":"PROYECTADO","barrio":"CRISTO REY MIGUEL","polivalvula":"","longitud_m":0.0}},{"type":"Feature","geometry":{"type":"LineString","coordinates":[[-70.75555220745142,7.082700822142797],[-70.75561639709841,7.083322349075065]]},"properties":{"tipo":"TPE3/4","estado":"PROYECTADO","barrio":"CRISTO REY MIGUEL","polivalvula":"","longitud_m":0.0}},{"type":"Feature","geometry":{"type":"LineString","coordinates":[[-70.75630235042857,7.082648179301103],[-70.75564344447868,7.082689493546053],[-70.75567849069309,7.083312266055658],[-70.7563475130922,7.083301336752133]]},"properties":{"tipo":"TPE3/4","estado":"PROYECTADO","barrio":"CRISTO REY MIGUEL","polivalvula":"","longitud_m":0.0}},{"type":"Feature","geometry":{"type":"LineString","coordinates":[[-70.75630108598499,7.082644381182196],[-70.7563500454865,7.083303869997839]]},"properties":{"tipo":"TPE3/4","estado":"PROYECTADO","barrio":"CRISTO REY MIGUEL","polivalvula":"","longitud_m":0.0}},{"type":"Feature","geometry":{"type":"LineString","coordinates":[[-70.75717882552505,7.083282786076742],[-70.75710825140858,7.082585447661027],[-70.75636190715225,7.082641891679536],[-70.75641087024295,7.08329631750086],[-70.75717365692586,7.083284185979222]]},"properties":{"tipo":"TPE3/4","estado":"PROYECTADO","barrio":"CRISTO REY MIGUEL","polivalvula":"","longitud_m":0.0}},{"type":"Feature","geometry":{"type":"LineString","coordinates":[[-70.7579148677411,7.083230921420171],[-70.75788367564695,7.082504814973297],[-70.7571808131202,7.082553774807838],[-70.75724962575006,7.083249983970011],[-70.75792277188509,7.083230669648748]]},"properties":{"tipo":"TPE3/4","estado":"PROYECTADO","barrio":"CRISTO REY MIGUEL","polivalvula":"","longitud_m":0.0}},{"type":"Feature","geometry":{"type":"LineString","coordinates":[[-70.75717267205748,7.08250013311869],[-70.75787509198683,7.082433697198623],[-70.75780494826827,7.08171213842408],[-70.75711869355587,7.081759190967662],[-70.75717296320454,7.082502340977507]]},"properties":{"tipo":"TPE3/4","estado":"PROYECTADO","barrio":"CRISTO REY MIGUEL","polivalvula":"","longitud_m":0.0}},{"type":"Feature","geometry":{"type":"LineString","coordinates":[[-70.75779948055145,7.081658665853187],[-70.75775350736401,7.081046757976027],[-70.75706436538525,7.081101009203845],[-70.75711008246103,7.081703019546545],[-70.75780787122258,7.081654534797289]]},"properties":{"tipo":"TPE3/4","estado":"PROYECTADO","barrio":"CRISTO REY MIGUEL","polivalvula":"","longitud_m":0.0}},{"type":"Feature","geometry":{"type":"LineString","coordinates":[[-70.75773383357715,7.080971073487635],[-70.75770640734997,7.080358338238063],[-70.75698122244745,7.080416885038415],[-70.75704278351672,7.081039068283879],[-70.7577377028764,7.080968979504521]]},"properties":{"tipo":"TPE3/4","estado":"PROYECTADO","barrio":"CRISTO REY MIGUEL","polivalvula":"","longitud_m":0.0}},{"type":"Feature","geometry":{"type":"LineString","coordinates":[[-70.75388370466705,7.083327876823463],[-70.75487080366054,7.08332562613077],[-70.75484446851945,7.08271369242771],[-70.75386498943973,7.082763898518273]]},"properties":{"tipo":"TPE3/4","estado":"PROYECTADO","barrio":"CRISTO REY MIGUEL","polivalvula":"","longitud_m":0.0}},{"type":"Feature","geometry":{"type":"LineString","coordinates":[[-70.75387188818752,7.082682807254159],[-70.75484777618144,7.082648365852758],[-70.7548161551443,7.08192190168023],[-70.7537974308105,7.081936892184996]]},"properties":{"tipo":"TPE3/4","estado":"PROYECTADO","barrio":"CRISTO REY MIGUEL","polivalvula":"","longitud_m":0.0}},{"type":"Feature","geometry":{"type":"LineString","coordinates":[[-70.75376150369858,7.081848536548093],[-70.7548186191443,7.081856611749846],[-70.7547760158739,7.081227375220816],[-70.75373564773625,7.081291670436604]]},"properties":{"tipo":"TPE3/4","estado":"PROYECTADO","barrio":"CRISTO REY MIGUEL","polivalvula":"","longitud_m":0.0}},{"type":"Feature","geometry":{"type":"LineString","coordinates":[[-70.75474571003458,7.081166427358549],[-70.75472169923167,7.080648139398125],[-70.75371947235065,7.080683491359387],[-70.75373715991321,7.081193095737968],[-70.75475250547304,7.081164307128598]]},"properties":{"tipo":"TPE3/4","estado":"PROYECTADO","barrio":"CRISTO REY MIGUEL","polivalvula":"","longitud_m":0.0}},{"type":"Feature","geometry":{"type":"LineString","coordinates":[[-70.75469498256795,7.08059036162731],[-70.75468752878092,7.080252403477045],[-70.75377276395176,7.07997270073524],[-70.7537620821243,7.080589713464049],[-70.75471806658702,7.080564775143674]]},"properties":{"tipo":"TPE3/4","estado":"","barrio":"CRISTO REY MIGUEL","polivalvula":"","longitud_m":0.0}},{"type":"Feature","geometry":{"type":"LineString","coordinates":[[-70.75487260628107,7.079463974856557],[-70.75509552589082,7.079540936852475],[-70.7547952333425,7.080162869439982],[-70.75479496644179,7.080546906735961],[-70.75536395805865,7.080511457518747]]},"properties":{"tipo":"TPE3/4","estado":"","barrio":"CRISTO REY MIGUEL","polivalvula":"","longitud_m":0.0}},{"type":"Feature","geometry":{"type":"LineString","coordinates":[[-70.75452104994072,7.080093552460995],[-70.75373695818745,7.079865145337913]]},"properties":{"tipo":"TPE3/4","estado":"","barrio":"CRISTO REY MIGUEL","polivalvula":"","longitud_m":0.0}},{"type":"Feature","geometry":{"type":"LineString","coordinates":[[-70.754526175762,7.080093556018832],[-70.75470297566277,7.080152564448428],[-70.75495195148861,7.079615084609182],[-70.7548546250181,7.079522848139577],[-70.75487260450238,7.079466535105316]]},"properties":{"tipo":"TPE3/4","estado":"","barrio":"CRISTO REY MIGUEL","polivalvula":"","longitud_m":0.0}},{"type":"Feature","geometry":{"type":"LineString","coordinates":[[-70.75763532016656,7.07961181630721],[-70.75768866692788,7.080300560391221],[-70.75698382004332,7.080366641913602]]},"properties":{"tipo":"TPE3/4","estado":"PROYECTADO","barrio":"CRISTO REY MIGUEL","polivalvula":"","longitud_m":0.0}},{"type":"Feature","geometry":{"type":"LineString","coordinates":[[-70.75724323750809,7.079550100623606],[-70.75690750005751,7.079544748945468],[-70.75698894410162,7.080369205693635]]},"properties":{"tipo":"TPE3/4","estado":"PROYECTADO","barrio":"CRISTO REY MIGUEL","polivalvula":"","longitud_m":0.0}},{"type":"Feature","geometry":{"type":"LineString","coordinates":[[-70.75774030951723,7.079742461245806],[-70.75778862404474,7.080295508581708],[-70.75839863948413,7.080234481307235],[-70.75832221669366,7.079558522683736]]},"properties":{"tipo":"TPE3/4","estado":"PROYECTADO","barrio":"CRISTO REY MIGUEL","polivalvula":"","longitud_m":0.0}},{"type":"Feature","geometry":{"type":"LineString","coordinates":[[-70.75842169119825,7.080329829875474],[-70.75778345238534,7.080362071544003],[-70.757847112764,7.080961213919313],[-70.75858017015376,7.080869547955805],[-70.75841395362133,7.080326660836797]]},"properties":{"tipo":"TPE3/4","estado":"PROYECTADO","barrio":"CRISTO REY MIGUEL","polivalvula":"","longitud_m":0.0}},{"type":"Feature","geometry":{"type":"LineString","coordinates":[[-70.75862142848669,7.080969586029592],[-70.75783713640377,7.081026653469678],[-70.75787275306953,7.08164305825192],[-70.75865847300184,7.0816075938927],[-70.75860846064582,7.080959496154256]]},"properties":{"tipo":"TPE3/4","estado":"PROYECTADO","barrio":"CRISTO REY MIGUEL","polivalvula":"","longitud_m":0.0}},{"type":"Feature","geometry":{"type":"LineString","coordinates":[[-70.75789433507495,7.081704999138019],[-70.75796160258197,7.082416474943581],[-70.75872572090924,7.082349312588701],[-70.7586541055434,7.081669516962632],[-70.75788135533303,7.081712190925094]]},"properties":{"tipo":"TPE3/4","estado":"PROYECTADO","barrio":"CRISTO REY MIGUEL","polivalvula":"","longitud_m":0.0}},{"type":"Feature","geometry":{"type":"LineString","coordinates":[[-70.75874175689746,7.083236080127317],[-70.75869431394968,7.08242381835986],[-70.75798695110619,7.082504340948295],[-70.75801573580527,7.083228931580535],[-70.75876133788262,7.083229443132518]]},"properties":{"tipo":"TPE3/4","estado":"PROYECTADO","barrio":"CRISTO REY MIGUEL","polivalvula":"","longitud_m":0.0}},{"type":"Feature","geometry":{"type":"LineString","coordinates":[[-70.75525952282985,7.077462061458185],[-70.75532293747487,7.077950376049092],[-70.75532568726229,7.078362830208983]]},"properties":{"tipo":"TPE3/4","estado":"","barrio":"CRISTO REY MIGUEL","polivalvula":"","longitud_m":0.0}},{"type":"Feature","geometry":{"type":"LineString","coordinates":[[-70.7552625608052,7.077459030824008],[-70.75520185389536,7.077443825108869],[-70.75522548647174,7.078387022735035],[-70.7552525084702,7.078820722850557],[-70.75536669592212,7.080516101882438]]},"properties":{"tipo":"TPE3/4","estado":"","barrio":"CRISTO REY MIGUEL","polivalvula":"","longitud_m":0.0}},{"type":"Feature","geometry":{"type":"LineString","coordinates":[[-70.75787192910636,7.081025024618126],[-70.7578661456182,7.080959028275822]]},"properties":{"tipo":"TPE3/4","estado":"PROYECTADO","barrio":"CRISTO REY MIGUEL","polivalvula":"","longitud_m":0.0}},{"type":"Feature","geometry":{"type":"LineString","coordinates":[[-70.75792586207034,7.081708276774419],[-70.75792202021,7.08164422271977]]},"properties":{"tipo":"TPE3/4","estado":"PROYECTADO","barrio":"CRISTO REY MIGUEL","polivalvula":"","longitud_m":0.0}},{"type":"Feature","geometry":{"type":"LineString","coordinates":[[-70.75800692070676,7.082502181803455],[-70.75799921024243,7.082412892718549]]},"properties":{"tipo":"TPE3/4","estado":"PROYECTADO","barrio":"CRISTO REY MIGUEL","polivalvula":"","longitud_m":0.0}},{"type":"Feature","geometry":{"type":"LineString","coordinates":[[-70.75638253096702,7.082586465136709],[-70.75639026528928,7.082640817121445]]},"properties":{"tipo":"TPE3/4","estado":"PROYECTADO","barrio":"CRISTO REY MIGUEL","polivalvula":"","longitud_m":0.0}},{"type":"Feature","geometry":{"type":"LineString","coordinates":[[-70.75632091293134,7.081780927661796],[-70.75632669351833,7.081850805913071]]},"properties":{"tipo":"TPE3/4","estado":"PROYECTADO","barrio":"CRISTO REY MIGUEL","polivalvula":"","longitud_m":0.0}},{"type":"Feature","geometry":{"type":"LineString","coordinates":[[-70.75626309101591,7.081105436547435],[-70.75626499370098,7.08116366641284]]},"properties":{"tipo":"TPE3/4","estado":"PROYECTADO","barrio":"CRISTO REY MIGUEL","polivalvula":"","longitud_m":0.0}},{"type":"Feature","geometry":{"type":"LineString","coordinates":[[-70.75698824613279,7.080488713973105],[-70.75692218512597,7.080488668462818]]},"properties":{"tipo":"TPE3/4","estado":"PROYECTADO","barrio":"CRISTO REY MIGUEL","polivalvula":"","longitud_m":0.0}},{"type":"Feature","geometry":{"type":"LineString","coordinates":[[-70.75778638531759,7.080396461309935],[-70.75771048594163,7.080399441889506]]},"properties":{"tipo":"TPE3/4","estado":"PROYECTADO","barrio":"CRISTO REY MIGUEL","polivalvula":"","longitud_m":0.0}},{"type":"Feature","geometry":{"type":"LineString","coordinates":[[-70.75711099006837,7.082464323564127],[-70.75717474825544,7.082458301999938]]},"properties":{"tipo":"TPE3/4","estado":"PROYECTADO","barrio":"CRISTO REY MIGUEL","polivalvula":"","longitud_m":0.0}},{"type":"Feature","geometry":{"type":"LineString","coordinates":[[-70.75784660831603,7.081115261491184],[-70.75776159695654,7.081124301288287]]},"properties":{"tipo":"TPE3/4","estado":"PROYECTADO","barrio":"CRISTO REY MIGUEL","polivalvula":"","longitud_m":0.0}},{"type":"Feature","geometry":{"type":"LineString","coordinates":[[-70.75626388451042,7.08259111428423],[-70.75626384463331,7.082648736257296]]},"properties":{"tipo":"TPE3/4","estado":"PROYECTADO","barrio":"CRISTO REY MIGUEL","polivalvula":"","longitud_m":0.0}},{"type":"Feature","geometry":{"type":"LineString","coordinates":[[-70.75617930301752,7.081803272126293],[-70.75618145259328,7.081855679305552]]},"properties":{"tipo":"TPE3/4","estado":"PROYECTADO","barrio":"CRISTO REY MIGUEL","polivalvula":"","longitud_m":0.0}},{"type":"Feature","geometry":{"type":"LineString","coordinates":[[-70.75610285468564,7.081129792489086],[-70.75610963585362,7.081201445585564]]},"properties":{"tipo":"TPE3/4","estado":"PROYECTADO","barrio":"CRISTO REY MIGUEL","polivalvula":"","longitud_m":0.0}},{"type":"Feature","geometry":{"type":"LineString","coordinates":[[-70.75474538683466,7.08105865700298],[-70.75482460101219,7.081058711948461]]},"properties":{"tipo":"TPE3/4","estado":"","barrio":"CRISTO REY MIGUEL","polivalvula":"","longitud_m":0.0}},{"type":"Feature","geometry":{"type":"LineString","coordinates":[[-70.7546771849312,7.081235824913163],[-70.75466055459297,7.081169176094762]]},"properties":{"tipo":"TPE3/4","estado":"PROYECTADO","barrio":"CRISTO REY MIGUEL","polivalvula":"","longitud_m":0.0}},{"type":"Feature","geometry":{"type":"LineString","coordinates":[[-70.75396237884917,7.081934088324683],[-70.7539624252909,7.081867451084799]]},"properties":{"tipo":"TPE3/4","estado":"PROYECTADO","barrio":"CRISTO REY MIGUEL","polivalvula":"","longitud_m":0.0}},{"type":"Feature","geometry":{"type":"LineString","coordinates":[[-70.75473868870851,7.082722711826794],[-70.75474707630302,7.082651915542148]]},"properties":{"tipo":"TPE3/4","estado":"PROYECTADO","barrio":"CRISTO REY MIGUEL","polivalvula":"","longitud_m":0.0}},{"type":"Feature","geometry":{"type":"LineString","coordinates":[[-70.75492231075036,7.082743914058409],[-70.75484536923479,7.082743161950757]]},"properties":{"tipo":"TPE3/4","estado":"PROYECTADO","barrio":"CRISTO REY MIGUEL","polivalvula":"","longitud_m":0.0}},{"type":"Feature","geometry":{"type":"LineString","coordinates":[[-70.75564626457962,7.08274511429836],[-70.75555673109321,7.082746449822813]]},"properties":{"tipo":"TPE3/4","estado":"PROYECTADO","barrio":"CRISTO REY MIGUEL","polivalvula":"","longitud_m":0.0}},{"type":"Feature","geometry":{"type":"LineString","coordinates":[[-70.7554397012213,7.08048376279031],[-70.75536780862075,7.080487594926103]]},"properties":{"tipo":"TPE3/4","estado":"","barrio":"CRISTO REY MIGUEL","polivalvula":"","longitud_m":0.0}},{"type":"Feature","geometry":{"type":"LineString","coordinates":[[-70.75479458917856,7.080549308167171],[-70.75471491928727,7.080560898613213]]},"properties":{"tipo":"TPE3/4","estado":"","barrio":"CRISTO REY MIGUEL","polivalvula":"","longitud_m":0.0}},{"type":"Feature","geometry":{"type":"LineString","coordinates":[[-70.75619182720045,7.080425122571394],[-70.75607741564644,7.080438707851004]]},"properties":{"tipo":"TPE3/4","estado":"PROYECTADO","barrio":"CRISTO REY MIGUEL","polivalvula":"","longitud_m":0.0}},{"type":"Feature","geometry":{"type":"LineString","coordinates":[[-70.75698895341485,7.080364804090038],[-70.75686459902899,7.080370929460629]]},"properties":{"tipo":"TPE3/4","estado":"PROYECTADO","barrio":"CRISTO REY MIGUEL","polivalvula":"","longitud_m":0.0}},{"type":"Feature","geometry":{"type":"LineString","coordinates":[[-70.75779277372457,7.080289349407072],[-70.75769367823881,7.080295104164782]]},"properties":{"tipo":"TPE3/4","estado":"PROYECTADO","barrio":"CRISTO REY MIGUEL","polivalvula":"","longitud_m":0.0}},{"type":"Feature","geometry":{"type":"LineString","coordinates":[[-70.75781782538475,7.083235125144054],[-70.75781777943035,7.08330184533173]]},"properties":{"tipo":"TPE3/4","estado":"PROYECTADO","barrio":"CRISTO REY MIGUEL","polivalvula":"","longitud_m":0.0}},{"type":"Feature","geometry":{"type":"LineString","coordinates":[[-70.75560288694089,7.083320304651061],[-70.75560657697585,7.083378691023505]]},"properties":{"tipo":"TPE3/4","estado":"PROYECTADO","barrio":"CRISTO REY MIGUEL","polivalvula":"","longitud_m":0.0}},{"type":"Feature","geometry":{"type":"LineString","coordinates":[[-70.75420102417654,7.070306369389712],[-70.75426612234808,7.070465250147077],[-70.75430071260428,7.070561975701411],[-70.75436286977214,7.07061977721107],[-70.75441628257909,7.07065481934129],[-70.75451876824424,7.070667142177611],[-70.75470184398705,7.070684771596142],[-70.75489893665369,7.070701535521501],[-70.7550058072962,7.070706860269524],[-70.75504874192464,7.070692887948749],[-70.7550697833655,7.07066839894626],[-70.75508558750347,7.070616777372426],[-70.75511020825074,7.070483775059264],[-70.75514096414221,7.070346401351458],[-70.75519246649341,7.070205611492035],[-70.75524187290628,7.070105951159613],[-70.75534121682846,7.0699491970361],[-70.75540630627862,7.069871390703603],[-70.75548932684053,7.069807598790005],[-70.75562700812672,7.069756860498769],[-70.75603128847277,7.069665268290648],[-70.75608905292177,7.069637533096635],[-70.75655343231506,7.069234046791895],[-70.75676101549227,7.069048310578506],[-70.75701568692048,7.068809193102456],[-70.75728533934196,7.068555129973196],[-70.75739717695436,7.068398172678092],[-70.7574927444291,7.068279220954036],[-70.75758993808724,7.068343171990878]]},"properties":{"tipo":"TPE1","estado":"","barrio":"","polivalvula":"","longitud_m":0.0}},{"type":"Feature","geometry":{"type":"LineString","coordinates":[[-70.75914909834658,7.069676894973804],[-70.759083360546,7.069730178150763]]},"properties":{"tipo":"TPE3/4","estado":"","barrio":"","polivalvula":"","longitud_m":0.0}},{"type":"Feature","geometry":{"type":"LineString","coordinates":[[-70.75518103470422,7.07067285155807],[-70.7550732929017,7.070660525229298]]},"properties":{"tipo":"TPE3/4","estado":"","barrio":"","polivalvula":"VILLA DEL MAESTRO CRUZ","longitud_m":0.0}},{"type":"Feature","geometry":{"type":"LineString","coordinates":[[-70.75524419815184,7.07133285062065],[-70.75519501776888,7.07119471057529],[-70.75516158640185,7.071096305171408]]},"properties":{"tipo":"TPE3/4","estado":"","barrio":"","polivalvula":"VILLA DEL MAESTRO CRUZ","longitud_m":0.0}},{"type":"Feature","geometry":{"type":"LineString","coordinates":[[-70.75521769040351,7.070870655684631],[-70.75523088042699,7.070798904369714]]},"properties":{"tipo":"TPE3/4","estado":"","barrio":"","polivalvula":"VILLA DEL MAESTRO CRUZ","longitud_m":0.0}},{"type":"Feature","geometry":{"type":"LineString","coordinates":[[-70.75662240984785,7.070203903020428],[-70.75656632899677,7.070226617710445]]},"properties":{"tipo":"TPE3/4","estado":"","barrio":"","polivalvula":"VILLA DEL MAESTRO CRUZ","longitud_m":0.0}},{"type":"Feature","geometry":{"type":"LineString","coordinates":[[-70.75726134909233,7.069975059181682],[-70.75661925379592,7.070175623291602],[-70.75662334031496,7.070204341224914]]},"properties":{"tipo":"TPE3/4","estado":"","barrio":"","polivalvula":"VILLA DEL MAESTRO CRUZ","longitud_m":0.0}},{"type":"Feature","geometry":{"type":"LineString","coordinates":[[-70.75674639814422,7.070078571685058],[-70.75675890027021,7.07013059567908]]},"properties":{"tipo":"TPE3/4","estado":"","barrio":"","polivalvula":"VILLA DEL MAESTRO CRUZ","longitud_m":0.0}},{"type":"Feature","geometry":{"type":"LineString","coordinates":[[-70.75728910219736,7.069426756170981],[-70.75711797319326,7.06947312969852],[-70.75697559505168,7.069509951231052],[-70.75688063089889,7.069544201839422],[-70.7569753245658,7.069902391027975],[-70.75699033116507,7.069974872844677],[-70.75698072804623,7.070006316132941],[-70.75695333647296,7.070029542864152],[-70.75688625411739,7.070047272738717],[-70.75674940998326,7.070077808021805]]},"properties":{"tipo":"TPE3/4","estado":"","barrio":"","polivalvula":"VILLA DEL MAESTRO CRUZ","longitud_m":0.0}},{"type":"Feature","geometry":{"type":"LineString","coordinates":[[-70.75791088872217,7.070891654270111],[-70.75789725637432,7.070810969100396],[-70.75789183858879,7.070727554791719],[-70.75787275086871,7.070618150756819],[-70.75785496237644,7.070609934232949],[-70.75782484452978,7.070616750503702],[-70.7578030108096,7.070519651063153]]},"properties":{"tipo":"TPE3/4","estado":"","barrio":"","polivalvula":"VILLA DEL MAESTRO CRUZ","longitud_m":0.0}},{"type":"Feature","geometry":{"type":"LineString","coordinates":[[-70.75800808245323,7.070876679675328],[-70.75791088684242,7.070894389042331]]},"properties":{"tipo":"TPE3/4","estado":"","barrio":"","polivalvula":"VILLA DEL MAESTRO CRUZ","longitud_m":0.0}},{"type":"Feature","geometry":{"type":"LineString","coordinates":[[-70.75794945513955,7.070541629710421],[-70.75800808151365,7.070878047061448]]},"properties":{"tipo":"TPE3/4","estado":"","barrio":"","polivalvula":"VILLA DEL MAESTRO CRUZ","longitud_m":0.0}},{"type":"Feature","geometry":{"type":"LineString","coordinates":[[-70.75792488383813,7.070444528396778],[-70.75794672134005,7.07053615828838]]},"properties":{"tipo":"TPE3/4","estado":"","barrio":"","polivalvula":"VILLA DEL MAESTRO CRUZ","longitud_m":0.0}},{"type":"Feature","geometry":{"type":"LineString","coordinates":[[-70.75816454879832,7.070257360721311],[-70.75823984663059,7.070235534130711]]},"properties":{"tipo":"TPE3/4","estado":"","barrio":"","polivalvula":"VILLA DEL MAESTRO CRUZ","longitud_m":0.0}},{"type":"Feature","geometry":{"type":"LineString","coordinates":[[-70.75888456279225,7.070204525531517],[-70.75885723688623,7.07013203533882]]},"properties":{"tipo":"TPE3/4","estado":"","barrio":"","polivalvula":"VILLA DEL MAESTRO CRUZ","longitud_m":0.0}},{"type":"Feature","geometry":{"type":"LineString","coordinates":[[-70.75884936340225,7.069637035884623],[-70.75896146540417,7.069838118410686],[-70.75899150919862,7.069939325581863],[-70.75900927802104,7.069976257174794],[-70.75902977971937,7.07002002756974],[-70.75904617696048,7.070061060384868],[-70.75904342161252,7.070087038853758],[-70.75903245546866,7.07011027693701],[-70.75898862178977,7.070158105518909],[-70.75892426111082,7.070199083127531],[-70.7588886672534,7.070207263111945]]},"properties":{"tipo":"TPE3/4","estado":"","barrio":"","polivalvula":"VILLA DEL MAESTRO CRUZ","longitud_m":0.0}},{"type":"Feature","geometry":{"type":"MultiLineString","coordinates":[[[-70.75412944894816,7.070171167259928],[-70.75417046093388,7.070245034580613],[-70.75420189814095,7.070309323550529]],[[-70.75412877883859,7.070168962086839],[-70.75403632927035,7.070232635008997]]]},"properties":{"tipo":"TPE3/4","estado":"","barrio":"","polivalvula":"FUNDADORES ALTO CRUZ","longitud_m":0.0}},{"type":"Feature","geometry":{"type":"LineString","coordinates":[[-70.7541129028464,7.070344813835987],[-70.75403769709693,7.070234003344825]]},"properties":{"tipo":"TPE3/4","estado":"","barrio":"","polivalvula":"FUNDADORES ALTO CRUZ","longitud_m":0.0}},{"type":"Feature","geometry":{"type":"LineString","coordinates":[[-70.7521081234638,7.069656990319187],[-70.75227514566907,7.069611983177064],[-70.75246818222604,7.069556055030358],[-70.75263656645475,7.069520620408289],[-70.75278988649337,7.069496114316951],[-70.75295003894371,7.069488021567186],[-70.75305815693868,7.069509975033622],[-70.75317720893823,7.069555181650952],[-70.75333456952755,7.069625027841683],[-70.75347413512415,7.06969622899394],[-70.75354938066084,7.069749609373969],[-70.7536519922213,7.069816682624842],[-70.75371902799489,7.069865955114429],[-70.75380109843559,7.069946687923596],[-70.75392556008241,7.070086247768495],[-70.75403632831917,7.070234002394618]]},"properties":{"tipo":"TPE3/4","estado":"","barrio":"","polivalvula":"FUNDADORES ALTO CRUZ","longitud_m":0.0}},{"type":"Feature","geometry":{"type":"LineString","coordinates":[[-70.75653661581046,7.090363911471384],[-70.75663581713316,7.090354653900046]]},"properties":{"tipo":"TPE3/4","estado":"","barrio":"","polivalvula":"","longitud_m":0.0}},{"type":"Feature","geometry":{"type":"LineString","coordinates":[[-70.75649359505185,7.09013539268321],[-70.75653661581046,7.090363911471384]]},"properties":{"tipo":"TPE3/4","estado":"","barrio":"","polivalvula":"","longitud_m":0.0}},{"type":"Feature","geometry":{"type":"LineString","coordinates":[[-70.75680192541745,7.091471567190646],[-70.75679838328526,7.091531018532543]]},"properties":{"tipo":"TPE3/4","estado":"","barrio":"","polivalvula":"","longitud_m":0.0}},{"type":"Feature","geometry":{"type":"LineString","coordinates":[[-70.75668515268569,7.091576405015415],[-70.75677501099673,7.09157763281897]]},"properties":{"tipo":"TPE3/4","estado":"","barrio":"","polivalvula":"","longitud_m":0.0}},{"type":"Feature","geometry":{"type":"LineString","coordinates":[[-70.75654427952072,7.092779372516472],[-70.75655715773725,7.092719927632271]]},"properties":{"tipo":"TPE3/4","estado":"","barrio":"","polivalvula":"","longitud_m":0.0}},{"type":"Feature","geometry":{"type":"LineString","coordinates":[[-70.75627294143324,7.093634853074366],[-70.7562518795571,7.093715275971627]]},"properties":{"tipo":"TPE3/4","estado":"","barrio":"","polivalvula":"","longitud_m":0.0}},{"type":"Feature","geometry":{"type":"LineString","coordinates":[[-70.75601499296742,7.094047639130032],[-70.75609289111176,7.094072045313744]]},"properties":{"tipo":"TPE3/4","estado":"","barrio":"","polivalvula":"","longitud_m":0.0}},{"type":"Feature","geometry":{"type":"LineString","coordinates":[[-70.7554665019928,7.092452450744036],[-70.75545201709744,7.092540491752356]]},"properties":{"tipo":"TPE3/4","estado":"","barrio":"","polivalvula":"","longitud_m":0.0}},{"type":"Feature","geometry":{"type":"LineString","coordinates":[[-70.7552977373904,7.092416408887932],[-70.7552822751695,7.092527054317433]]},"properties":{"tipo":"TPE3/4","estado":"","barrio":"","polivalvula":"","longitud_m":0.0}},{"type":"Feature","geometry":{"type":"LineString","coordinates":[[-70.7553908913988,7.091204378714075],[-70.75537542640586,7.091319122529618]]},"properties":{"tipo":"TPE3/4","estado":"","barrio":"","polivalvula":"","longitud_m":0.0}},{"type":"Feature","geometry":{"type":"LineString","coordinates":[[-70.75544013917668,7.09118289637899],[-70.75552834159141,7.091192178858851]]},"properties":{"tipo":"TPE3/4","estado":"","barrio":"","polivalvula":"","longitud_m":0.0}},{"type":"Feature","geometry":{"type":"LineString","coordinates":[[-70.75555006807868,7.090922725663249],[-70.75595415962155,7.090962964667413],[-70.75597285284923,7.090629984500165],[-70.75600171192465,7.090428159416081],[-70.7559873843431,7.090382042764143],[-70.75589713070426,7.090372758957812],[-70.75555149217541,7.090348953936505],[-70.75556319794165,7.089739328522708],[-70.75606787975958,7.089672054668468],[-70.7563992108004,7.089620029424063],[-70.75648297258972,7.090117015508449]]},"properties":{"tipo":"TPE3/4","estado":"","barrio":"","polivalvula":"","longitud_m":0.0}},{"type":"Feature","geometry":{"type":"LineString","coordinates":[[-70.75656897529863,7.090551388120161],[-70.75659948901645,7.090711360650164],[-70.75663520639787,7.090973681439559],[-70.75665562009321,7.091118163322051],[-70.75668723762563,7.091376382897465],[-70.75669028844565,7.091414294989883],[-70.75668104381282,7.09143375589609],[-70.75666052799329,7.091436815511127],[-70.7563918369489,7.091381301792258],[-70.75594161548709,7.091303121242941],[-70.75576828764883,7.091284558551838],[-70.7555324073265,7.091245460569811],[-70.75553449498365,7.091193207717247],[-70.7555531444173,7.090923752389054]]},"properties":{"tipo":"TPE3/4","estado":"","barrio":"","polivalvula":"","longitud_m":0.0}},{"type":"Feature","geometry":{"type":"LineString","coordinates":[[-70.75547971935502,7.08978132002653],[-70.75556309625429,7.089767607251397]]},"properties":{"tipo":"TPE3/4","estado":"","barrio":"","polivalvula":"","longitud_m":0.0}},{"type":"Feature","geometry":{"type":"LineString","coordinates":[[-70.7554791356551,7.089603559481795],[-70.75547907792023,7.089686699068025],[-70.75524922715869,7.089774140507097],[-70.75527276749224,7.089833361237686]]},"properties":{"tipo":"TPE3/4","estado":"","barrio":"","polivalvula":"","longitud_m":0.0}},{"type":"Feature","geometry":{"type":"LineString","coordinates":[[-70.75639249490922,7.089568347041961],[-70.7564013799173,7.08961984018775]]},"properties":{"tipo":"TPE3/4","estado":"","barrio":"","polivalvula":"","longitud_m":0.0}},{"type":"Feature","geometry":{"type":"LineString","coordinates":[[-70.75660403294951,7.090113542540151],[-70.75648096339867,7.090119160709774]]},"properties":{"tipo":"TPE3/4","estado":"","barrio":"","polivalvula":"","longitud_m":0.0}},{"type":"Feature","geometry":{"type":"LineString","coordinates":[[-70.75689520392567,7.088503989799518],[-70.75679761089512,7.088537958353533]]},"properties":{"tipo":"TPE3/4","estado":"","barrio":"","polivalvula":"","longitud_m":0.0}},{"type":"Feature","geometry":{"type":"LineString","coordinates":[[-70.75671043757906,7.088464566334413],[-70.75673914625091,7.08851607315876]]},"properties":{"tipo":"TPE3/4","estado":"","barrio":"","polivalvula":"","longitud_m":0.0}},{"type":"Feature","geometry":{"type":"LineString","coordinates":[[-70.75675519963025,7.088234885947606],[-70.75670667145194,7.088177424636741],[-70.75667296306352,7.088189282988533],[-70.75665411006732,7.088218974019452],[-70.75665308874851,7.088262539246516]]},"properties":{"tipo":"TPE3/4","estado":"","barrio":"","polivalvula":"","longitud_m":0.0}},{"type":"Feature","geometry":{"type":"LineString","coordinates":[[-70.7538304560815,7.092691372016],[-70.75372364195047,7.092621678753511]]},"properties":{"tipo":"TPE3/4","estado":"","barrio":"","polivalvula":"","longitud_m":0.0}},{"type":"Feature","geometry":{"type":"LineString","coordinates":[[-70.75391223752482,7.092476789743602],[-70.75413717050704,7.092598760534687],[-70.75403947494092,7.092778154372283],[-70.75383199833533,7.092700655600296]]},"properties":{"tipo":"TPE3/4","estado":"","barrio":"","polivalvula":"","longitud_m":0.0}},{"type":"Feature","geometry":{"type":"LineString","coordinates":[[-70.75394951919769,7.092441131665574],[-70.75392918865583,7.092485475524797]]},"properties":{"tipo":"TPE3/4","estado":"","barrio":"","polivalvula":"","longitud_m":0.0}},{"type":"Feature","geometry":{"type":"LineString","coordinates":[[-70.7542776318349,7.092229708953592],[-70.75425853514807,7.092324114884284]]},"properties":{"tipo":"TPE3/4","estado":"","barrio":"","polivalvula":"","longitud_m":0.0}},{"type":"Feature","geometry":{"type":"LineString","coordinates":[[-70.75388267012003,7.083434140184777],[-70.75368128599443,7.083438789785603],[-70.75264077173026,7.08350512091868],[-70.75250172979723,7.083495444246513],[-70.75259706542755,7.084295401920845],[-70.75260176296891,7.084434308439017],[-70.75187293133786,7.084467327034234],[-70.75173386896975,7.084486388704447],[-70.75099063266542,7.084548134415184],[-70.75086596473552,7.08455283663178]]},"properties":{"tipo":"TPE2","estado":"PROYECTADO","barrio":"","polivalvula":"","longitud_m":0.0}},{"type":"Feature","geometry":{"type":"LineString","coordinates":[[-70.75883025857412,7.082394408376683],[-70.75962677470996,7.082351355804558]]},"properties":{"tipo":"TPE3/4","estado":"","barrio":"","polivalvula":"","longitud_m":0.0}},{"type":"Feature","geometry":{"type":"LineString","coordinates":[[-70.75482753200312,7.084252958152212],[-70.75483267155046,7.084174229769913]]},"properties":{"tipo":"TPE3/4","estado":"PROYECTADO","barrio":"","polivalvula":"","longitud_m":0.0}},{"type":"Feature","geometry":{"type":"LineString","coordinates":[[-70.75488033978382,7.085091109065758],[-70.75487531147513,7.085009833891001]]},"properties":{"tipo":"TPE3/4","estado":"PROYECTADO","barrio":"","polivalvula":"","longitud_m":0.0}},{"type":"Feature","geometry":{"type":"LineString","coordinates":[[-70.75504183775122,7.085085125710686],[-70.75495559815595,7.085086691332197]]},"properties":{"tipo":"TPE3/4","estado":"PROYECTADO","barrio":"","polivalvula":"","longitud_m":0.0}},{"type":"Feature","geometry":{"type":"LineString","coordinates":[[-70.75582777160913,7.085049910519677],[-70.75575454801628,7.085053110727572]]},"properties":{"tipo":"TPE3/4","estado":"PROYECTADO","barrio":"","polivalvula":"","longitud_m":0.0}},{"type":"Feature","geometry":{"type":"LineString","coordinates":[[-70.75649332572712,7.08487897747245],[-70.75649696824598,7.084965900972144]]},"properties":{"tipo":"TPE3/4","estado":"PROYECTADO","barrio":"","polivalvula":"","longitud_m":0.0}},{"type":"Feature","geometry":{"type":"LineString","coordinates":[[-70.75649758997365,7.084067101411254],[-70.75643648870683,7.084078155529146]]},"properties":{"tipo":"TPE3/4","estado":"PROYECTADO","barrio":"","polivalvula":"","longitud_m":0.0}},{"type":"Feature","geometry":{"type":"LineString","coordinates":[[-70.75730376251998,7.084012638022904],[-70.75724590276137,7.084021267165091]]},"properties":{"tipo":"TPE3/4","estado":"PROYECTADO","barrio":"","polivalvula":"","longitud_m":0.0}},{"type":"Feature","geometry":{"type":"LineString","coordinates":[[-70.75544973892134,7.081906511343649],[-70.75547326901241,7.081906527632571],[-70.7555296349847,7.082560916261819],[-70.75553961802525,7.082624361494497],[-70.75554588149436,7.082698922725962]]},"properties":{"tipo":"TPE1","estado":"PROYECTO","barrio":"","polivalvula":"","longitud_m":0.0}},{"type":"Feature","geometry":{"type":"LineString","coordinates":[[-70.76198576559865,7.076683982137215],[-70.76174626188508,7.0761595184482]]},"properties":{"tipo":"TPE3/4","estado":"","barrio":"","polivalvula":"","longitud_m":0.0}},{"type":"Feature","geometry":{"type":"LineString","coordinates":[[-70.76134232764947,7.076467656842943],[-70.7613019987825,7.076403574545749]]},"properties":{"tipo":"TPE3/4","estado":"","barrio":"","polivalvula":"","longitud_m":0.0}},{"type":"Feature","geometry":{"type":"LineString","coordinates":[[-70.76148689822817,7.076901904933297],[-70.76143225724083,7.076930336685492]]},"properties":{"tipo":"TPE3/4","estado":"","barrio":"","polivalvula":"","longitud_m":0.0}},{"type":"Feature","geometry":{"type":"LineString","coordinates":[[-70.76090982352191,7.076880161201438],[-70.76145532947135,7.077924389596032]]},"properties":{"tipo":"TPE3/4","estado":"","barrio":"","polivalvula":"","longitud_m":0.0}},{"type":"Feature","geometry":{"type":"LineString","coordinates":[[-70.76066496289779,7.077247717200946],[-70.76079542462504,7.077475556743098],[-70.76113513887141,7.077314464290041]]},"properties":{"tipo":"TPE3/4","estado":"","barrio":"","polivalvula":"","longitud_m":0.0}},{"type":"Feature","geometry":{"type":"LineString","coordinates":[[-70.76023477720331,7.077740884161845],[-70.76053651678771,7.077546552627866],[-70.76079541815517,7.077485046353797]]},"properties":{"tipo":"TPE3/4","estado":"","barrio":"","polivalvula":"","longitud_m":0.0}},{"type":"Feature","geometry":{"type":"LineString","coordinates":[[-70.75993822175045,7.077299414867666],[-70.7600710514967,7.077536745827303],[-70.76022765425282,7.077738506903126]]},"properties":{"tipo":"TPE3/4","estado":"","barrio":"","polivalvula":"","longitud_m":0.0}},{"type":"Feature","geometry":{"type":"LineString","coordinates":[[-70.76291004372601,7.077968173246319],[-70.76332501500029,7.077915311675675],[-70.76340216520298,7.07698030429018],[-70.76339865499689,7.076683751369109],[-70.76338017164147,7.076579946203727],[-70.76300900570531,7.076720557123884]]},"properties":{"tipo":"TPE3/4","estado":"","barrio":"","polivalvula":"","longitud_m":0.0}},{"type":"Feature","geometry":{"type":"LineString","coordinates":[[-70.76191450070073,7.076712402681627],[-70.7619905169138,7.076681612953251]]},"properties":{"tipo":"TPE3/4","estado":"","barrio":"","polivalvula":"","longitud_m":0.0}},{"type":"Feature","geometry":{"type":"LineString","coordinates":[[-70.76203556660799,7.076788401668547],[-70.76199051369144,7.076686357759316]]},"properties":{"tipo":"TPE3/4","estado":"","barrio":"","polivalvula":"","longitud_m":0.0}},{"type":"Feature","geometry":{"type":"LineString","coordinates":[[-70.76334193290438,7.076497479346745],[-70.76232524550625,7.076866887216606]]},"properties":{"tipo":"TPE3/4","estado":"","barrio":"","polivalvula":"","longitud_m":0.0}},{"type":"Feature","geometry":{"type":"LineString","coordinates":[[-70.76323529086368,7.076162898345571],[-70.76334430775572,7.076497480949325]]},"properties":{"tipo":"TPE3/4","estado":"","barrio":"","polivalvula":"","longitud_m":0.0}},{"type":"Feature","geometry":{"type":"LineString","coordinates":[[-70.76332292767638,7.076506956139115],[-70.76336324560917,7.076587645097175]]},"properties":{"tipo":"TPE3/4","estado":"","barrio":"","polivalvula":"","longitud_m":0.0}},{"type":"Feature","geometry":{"type":"LineString","coordinates":[[-70.76153368257947,7.077468719814489],[-70.76163080433138,7.077692825014788]]},"properties":{"tipo":"TPE3/4","estado":"","barrio":"","polivalvula":"","longitud_m":0.0}},{"type":"Feature","geometry":{"type":"LineString","coordinates":[[-70.76204152332132,7.077206911285135],[-70.76207439675478,7.077182748114312],[-70.76215037057241,7.077353825250606],[-70.7616330722259,7.077695525822265],[-70.76147736660157,7.077793889447484]]},"properties":{"tipo":"TPE3/4","estado":"","barrio":"","polivalvula":"","longitud_m":0.0}},{"type":"Feature","geometry":{"type":"LineString","coordinates":[[-70.76153119169184,7.077476060133968],[-70.76135500354788,7.077178805033299],[-70.76119239724886,7.077252978438612]]},"properties":{"tipo":"TPE3/4","estado":"","barrio":"","polivalvula":"","longitud_m":0.0}},{"type":"Feature","geometry":{"type":"LineString","coordinates":[[-70.73552632938598,7.085482419005612],[-70.73751784034658,7.085456055675205],[-70.73857160946726,7.085461462282233],[-70.7391008236197,7.08545257314543],[-70.73943040418814,7.08547136207794],[-70.73984830077518,7.08533254683548]]},"properties":{"tipo":"TPE2","estado":"","barrio":"","polivalvula":"","longitud_m":0.0}},{"type":"Feature","geometry":{"type":"LineString","coordinates":[[-70.72793941356329,7.088359687976124],[-70.72787786361022,7.087243724106155],[-70.72785415379788,7.087166541758294],[-70.72785729703855,7.086938018442093],[-70.72787514537555,7.086908353205835],[-70.7278544132829,7.086822269499155],[-70.72783662758404,7.08676883453384],[-70.72779271591837,7.085902184617139],[-70.72781655540221,7.085807230831648],[-70.72785818277673,7.085762744145234],[-70.72793247758473,7.085736089213213],[-70.72801864962643,7.085718346795094],[-70.72827119023498,7.085709632948958],[-70.72861878904015,7.085718797500521],[-70.72898125841438,7.085707197874272],[-70.7290555308692,7.085710221407646],[-70.72916250201251,7.085689526495321],[-70.72941507823877,7.085633326186578],[-70.72962904270861,7.085562257517496],[-70.72982219909426,7.085506012521839],[-70.73008074824,7.085408266172399],[-70.73029466588031,7.085399522357249],[-70.73054419540074,7.085444226623788],[-70.73104913009692,7.085622675154181],[-70.73133128312321,7.085744567862119],[-70.73156592703164,7.085830810652125],[-70.73188081870266,7.085875562844449],[-70.73217496874032,7.085846102735102],[-70.73251965866577,7.085772161926453],[-70.73269200248892,7.085736675357221],[-70.73287031912783,7.085659643002302],[-70.73306942601559,7.085591529580463],[-70.73337230145899,7.085564301065397],[-70.73392474699088,7.085527611260899],[-70.73453752694368,7.085509514478908],[-70.73523851151171,7.085486844527995],[-70.73551240629789,7.085477771470765]]},"properties":{"tipo":"TPE1","estado":"","barrio":"","polivalvula":"","longitud_m":0.0}},{"type":"Feature","geometry":{"type":"LineString","coordinates":[[-70.6976825297085,7.080685546181391],[-70.69785910230935,7.080626099389276],[-70.69815257165635,7.08053512818636]]},"properties":{"tipo":"TPE3/4","estado":"","barrio":"","polivalvula":"","longitud_m":0.0}},{"type":"Feature","geometry":{"type":"LineString","coordinates":[[-70.69595780917629,7.078619533715846],[-70.69592966837234,7.078625996728662],[-70.69586057881082,7.078422709467461],[-70.69678063663768,7.0781251031205]]},"properties":{"tipo":"TPE3/4","estado":"","barrio":"","polivalvula":"","longitud_m":0.0}},{"type":"Feature","geometry":{"type":"LineString","coordinates":[[-70.69675687757076,7.07806670892824],[-70.69584114305137,7.07837080486288],[-70.69586274130073,7.078424873268459]]},"properties":{"tipo":"TPE3/4","estado":"","barrio":"","polivalvula":"","longitud_m":0.0}},{"type":"Feature","geometry":{"type":"LineString","coordinates":[[-70.69572011830552,7.078158826881944],[-70.6957481791195,7.078249655065473],[-70.69578704705896,7.078357788333254],[-70.69581733079377,7.078377271419145],[-70.69583897878523,7.078370803088136]]},"properties":{"tipo":"TPE3/4","estado":"","barrio":"","polivalvula":"","longitud_m":0.0}},{"type":"Feature","geometry":{"type":"LineString","coordinates":[[-70.69685949948727,7.07834007321101],[-70.69678349197919,7.078126921559646]]},"properties":{"tipo":"TPE3/4","estado":"","barrio":"","polivalvula":"","longitud_m":0.0}},{"type":"Feature","geometry":{"type":"LineString","coordinates":[[-70.69667153811245,7.077832102309078],[-70.69675722101758,7.078070168454073]]},"properties":{"tipo":"TPE3/4","estado":"","barrio":"","polivalvula":"","longitud_m":0.0}},{"type":"Feature","geometry":{"type":"LineString","coordinates":[[-70.69644805638848,7.077196414619195],[-70.69656216410614,7.07749937182264],[-70.69653821747666,7.077513521291838],[-70.6965568009149,7.077553387001696],[-70.696367917779,7.077629391117118]]},"properties":{"tipo":"TPE3/4","estado":"","barrio":"","polivalvula":"","longitud_m":0.0}},{"type":"Feature","geometry":{"type":"LineString","coordinates":[[-70.76295483459943,7.079218275585909],[-70.76296996527155,7.079374644743374],[-70.76298647640958,7.07953793336945],[-70.76299609369794,7.079654171285761],[-70.7629780737043,7.079673531009218]]},"properties":{"tipo":"TPE3/4","estado":"","barrio":"","polivalvula":"","longitud_m":0.0}},{"type":"Feature","geometry":{"type":"LineString","coordinates":[[-70.76082040244994,7.079110282583498],[-70.76056684022585,7.079229108777515],[-70.76038393055408,7.079332762200519],[-70.76043756472288,7.079898734910715],[-70.76045544878485,7.080078629004189],[-70.76048869037591,7.080081419066182],[-70.76078792511855,7.080017972309616],[-70.76128386259016,7.079936670877448],[-70.76179226903392,7.079851226247176],[-70.76214275006882,7.079793348198633],[-70.76212487569325,7.079598233366846],[-70.76208781325577,7.079102841057137],[-70.76219035512375,7.079042027424147],[-70.76223835509278,7.079749134348867],[-70.76224803983024,7.079765745396859],[-70.76250707683882,7.079743781498294],[-70.76253063273846,7.079731344077527],[-70.76246879122704,7.079009007013293],[-70.76253527710925,7.079010435721785],[-70.76256001261217,7.079301030996406],[-70.76259440473565,7.079649748508261],[-70.76260406602684,7.079700952215577],[-70.76261791090079,7.079710647535164],[-70.76297807276713,7.079674914715915]]},"properties":{"tipo":"TPE3/4","estado":"","barrio":"","polivalvula":"","longitud_m":0.0}},{"type":"Feature","geometry":{"type":"LineString","coordinates":[[-70.76149418158872,7.078737831500468],[-70.7618319464105,7.078536990759045],[-70.76223464378958,7.078329707617554],[-70.76248361679211,7.078210963845904],[-70.76265031477875,7.078139729228594],[-70.76278019944384,7.078098738258012],[-70.76284297822039,7.078077160274675],[-70.7628602866042,7.078085820146716],[-70.76287323420881,7.07814204201263],[-70.76288391502104,7.078349605343071],[-70.76288598703835,7.078485815440293],[-70.76289457387118,7.078589599298851],[-70.76291820817836,7.078844736322641],[-70.76295691196216,7.079218795880251]]},"properties":{"tipo":"TPE3/4","estado":"","barrio":"","polivalvula":"","longitud_m":0.0}},{"type":"Feature","geometry":{"type":"LineString","coordinates":[[-70.76309171922946,7.079579515707756],[-70.76299336745481,7.079589135198392]]},"properties":{"tipo":"TPE3/4","estado":"","barrio":"","polivalvula":"","longitud_m":0.0}},{"type":"Feature","geometry":{"type":"LineString","coordinates":[[-70.76315906673868,7.080354437314713],[-70.7631068602591,7.079720664087071],[-70.76309448858039,7.079580901286181]]},"properties":{"tipo":"TPE3/4","estado":"","barrio":"","polivalvula":"","longitud_m":0.0}},{"type":"Feature","geometry":{"type":"LineString","coordinates":[[-70.76179156651907,7.080629820484361],[-70.76222012569181,7.080586870228807]]},"properties":{"tipo":"TPE3/4","estado":"","barrio":"","polivalvula":"","longitud_m":0.0}},{"type":"Feature","geometry":{"type":"LineString","coordinates":[[-70.76225024521916,7.080852821859838],[-70.76228239402117,7.081317682765129]]},"properties":{"tipo":"TPE3/4","estado":"","barrio":"","polivalvula":"","longitud_m":0.0}},{"type":"Feature","geometry":{"type":"LineString","coordinates":[[-70.76133552007933,7.081372993907745],[-70.76228299867334,7.081319672253827]]},"properties":{"tipo":"TPE3/4","estado":"","barrio":"","polivalvula":"","longitud_m":0.0}},{"type":"Feature","geometry":{"type":"LineString","coordinates":[[-70.76126926289278,7.081035324363077],[-70.76128986388149,7.081294091578545],[-70.7613078246386,7.081361905429477],[-70.76133552196393,7.081370226494988]]},"properties":{"tipo":"TPE3/4","estado":"","barrio":"","polivalvula":"","longitud_m":0.0}},{"type":"Feature","geometry":{"type":"LineString","coordinates":[[-70.76139540839257,7.080892888259995],[-70.76173755208102,7.08087513239713],[-70.76200905416965,7.080855944678647],[-70.76225145968948,7.080849190451401]]},"properties":{"tipo":"TPE3/4","estado":"","barrio":"","polivalvula":"","longitud_m":0.0}},{"type":"Feature","geometry":{"type":"LineString","coordinates":[[-70.76138989135418,7.080858291835279],[-70.76139402230295,7.080894271025325]]},"properties":{"tipo":"TPE3/4","estado":"","barrio":"","polivalvula":"","longitud_m":0.0}},{"type":"Feature","geometry":{"type":"LineString","coordinates":[[-70.76162260742724,7.080841845403253],[-70.7613885071488,7.080856907187764]]},"properties":{"tipo":"TPE3/4","estado":"","barrio":"","polivalvula":"","longitud_m":0.0}},{"type":"Feature","geometry":{"type":"LineString","coordinates":[[-70.76122186731573,7.081349393638426],[-70.76130411200484,7.081347287500867]]},"properties":{"tipo":"TPE3/4","estado":"","barrio":"","polivalvula":"","longitud_m":0.0}},{"type":"Feature","geometry":{"type":"LineString","coordinates":[[-70.76122608396784,7.081513711711285],[-70.76121534497206,7.081392630048164]]},"properties":{"tipo":"TPE3/4","estado":"","barrio":"","polivalvula":"","longitud_m":0.0}},{"type":"Feature","geometry":{"type":"LineString","coordinates":[[-70.76052089992778,7.080961911045296],[-70.76054005384306,7.081437573349742],[-70.76123050093099,7.081383992182809]]},"properties":{"tipo":"TPE3/4","estado":"","barrio":"","polivalvula":"","longitud_m":0.0}},{"type":"Feature","geometry":{"type":"LineString","coordinates":[[-70.76123050093099,7.081383992182801],[-70.7612240271923,7.081355881233335],[-70.76117035288904,7.080720204330693],[-70.76075910640228,7.080765327437774]]},"properties":{"tipo":"TPE3/4","estado":"","barrio":"","polivalvula":"","longitud_m":0.0}},{"type":"Feature","geometry":{"type":"LineString","coordinates":[[-70.76063521496337,7.08153709210797],[-70.76123690397468,7.081515881109112]]},"properties":{"tipo":"TPE3/4","estado":"","barrio":"","polivalvula":"","longitud_m":0.0}},{"type":"Feature","geometry":{"type":"LineString","coordinates":[[-70.76074951107367,7.082140379674255],[-70.76128844798677,7.082101829573231],[-70.76124122962094,7.081520208134062]]},"properties":{"tipo":"TPE3/4","estado":"","barrio":"","polivalvula":"","longitud_m":0.0}},{"type":"Feature","geometry":{"type":"LineString","coordinates":[[-70.75967721096856,7.080170695763878],[-70.75956903518605,7.080205159186863],[-70.7594874729809,7.080212188029869]]},"properties":{"tipo":"TPE3/4","estado":"","barrio":"","polivalvula":"","longitud_m":0.0}},{"type":"Feature","geometry":{"type":"LineString","coordinates":[[-70.76008236001755,7.078761085614218],[-70.7601058572972,7.078834438111003],[-70.76024852495699,7.078837302800475],[-70.7602016901153,7.078456751438083],[-70.76023217170521,7.078444318854307],[-70.760355123198,7.078921781583386],[-70.76040690236488,7.079097415000783],[-70.76046166511144,7.079194664084158],[-70.76055792182324,7.079145761032056]]},"properties":{"tipo":"TPE3/4","estado":"","barrio":"","polivalvula":"","longitud_m":0.0}},{"type":"Feature","geometry":{"type":"LineString","coordinates":[[-70.75867222574402,7.080866123417756],[-70.75942580173303,7.080785000500651]]},"properties":{"tipo":"TPE3/4","estado":"","barrio":"","polivalvula":"","longitud_m":0.0}},{"type":"Feature","geometry":{"type":"LineString","coordinates":[[-70.75940539801682,7.080239806065619],[-70.75942995906978,7.080782235929112]]},"properties":{"tipo":"TPE3/4","estado":"","barrio":"","polivalvula":"","longitud_m":0.0}},{"type":"Feature","geometry":{"type":"LineString","coordinates":[[-70.75942254364591,7.080785321507222],[-70.75942590041441,7.08085446929135]]},"properties":{"tipo":"TPE3/4","estado":"","barrio":"","polivalvula":"","longitud_m":0.0}},{"type":"Feature","geometry":{"type":"LineString","coordinates":[[-70.7587868633752,7.081598528727625],[-70.75947946619914,7.081557923906971]]},"properties":{"tipo":"TPE3/4","estado":"","barrio":"","polivalvula":"","longitud_m":0.0}},{"type":"Feature","geometry":{"type":"LineString","coordinates":[[-70.75955037020665,7.080923456324478],[-70.75942985953891,7.080927525075084]]},"properties":{"tipo":"TPE3/4","estado":"","barrio":"","polivalvula":"","longitud_m":0.0}},{"type":"Feature","geometry":{"type":"LineString","coordinates":[[-70.75969333305677,7.082208656739485],[-70.75959971511287,7.082214260433967]]},"properties":{"tipo":"TPE3/4","estado":"","barrio":"","polivalvula":"","longitud_m":0.0}},{"type":"Feature","geometry":{"type":"LineString","coordinates":[[-70.74440127016751,7.084326696201715],[-70.74439599873179,7.08439193161351]]},"properties":{"tipo":"TPE3/4","estado":"","barrio":"","polivalvula":"","longitud_m":0.0}},{"type":"Feature","geometry":{"type":"LineString","coordinates":[[-70.74443274329644,7.0841518777197],[-70.7444170076718,7.084237982178182]]},"properties":{"tipo":"TPE3/4","estado":"","barrio":"","polivalvula":"","longitud_m":0.0}},{"type":"Feature","geometry":{"type":"LineString","coordinates":[[-70.74441867732907,7.084235248547293],[-70.74440293777234,7.084326822655424]]},"properties":{"tipo":"TPE3/4","estado":"","barrio":"","polivalvula":"","longitud_m":0.0}},{"type":"Feature","geometry":{"type":"LineString","coordinates":[[-70.74457541062296,7.083059376870042],[-70.74458813865188,7.083215442303452],[-70.74457409834956,7.083397141669582],[-70.7445612376773,7.083425992194191],[-70.74373958026938,7.08328538016639]]},"properties":{"tipo":"TPE3/4","estado":"","barrio":"","polivalvula":"","longitud_m":0.0}},{"type":"Feature","geometry":{"type":"LineString","coordinates":[[-70.7436959586789,7.082940100998847],[-70.74457541138963,7.083058307991665]]},"properties":{"tipo":"TPE3/4","estado":"","barrio":"","polivalvula":"","longitud_m":0.0}},{"type":"Feature","geometry":{"type":"LineString","coordinates":[[-70.7447053899835,7.083094676087846],[-70.74486923803585,7.08308811279845],[-70.7449010478468,7.083026340980957]]},"properties":{"tipo":"TPE3/4","estado":"","barrio":"","polivalvula":"","longitud_m":0.0}},{"type":"Feature","geometry":{"type":"LineString","coordinates":[[-70.74489964184855,7.083028611343392],[-70.74474984461175,7.083025297566339],[-70.74368827339418,7.082874433068576]]},"properties":{"tipo":"TPE3/4","estado":"","barrio":"","polivalvula":"","longitud_m":0.0}},{"type":"Feature","geometry":{"type":"LineString","coordinates":[[-70.74368870103737,7.082874927435014],[-70.74369565418088,7.082940300304376]]},"properties":{"tipo":"TPE3/4","estado":"","barrio":"","polivalvula":"","longitud_m":0.0}},{"type":"Feature","geometry":{"type":"LineString","coordinates":[[-70.74422831074804,7.084050250204427],[-70.74415887534532,7.084037142165976]]},"properties":{"tipo":"TPE3/4","estado":"","barrio":"","polivalvula":"","longitud_m":0.0}},{"type":"Feature","geometry":{"type":"LineString","coordinates":[[-70.70590477234776,7.063077799383606],[-70.70595329648515,7.063056159331849]]},"properties":{"tipo":"TPE3/4","estado":"","barrio":"","polivalvula":"","longitud_m":0.0}},{"type":"Feature","geometry":{"type":"LineString","coordinates":[[-70.70497270927162,7.061758480397882],[-70.70508117333749,7.061805750070302],[-70.70509641167779,7.061905229247673],[-70.70514738875534,7.062008562607233],[-70.7052916435705,7.062194301668729],[-70.70560560063272,7.062645466026162],[-70.70575247615879,7.062866756943076],[-70.70583772843166,7.062996297271249],[-70.7059045885047,7.063077833923067]]},"properties":{"tipo":"TPE3/4","estado":"","barrio":"","polivalvula":"","longitud_m":0.0}},{"type":"Feature","geometry":{"type":"LineString","coordinates":[[-70.70521514587499,7.063076930638974],[-70.70585991478856,7.063303477254321],[-70.7059480999099,7.063169649608382],[-70.70590477234776,7.063077799383606]]},"properties":{"tipo":"TPE3/4","estado":"","barrio":"","polivalvula":"","longitud_m":0.0}},{"type":"Feature","geometry":{"type":"LineString","coordinates":[[-70.75830342804029,7.065909364839989],[-70.75846138891524,7.066003944250778]]},"properties":{"tipo":"TPE3/4","estado":"","barrio":"","polivalvula":"","longitud_m":0.0}},{"type":"Feature","geometry":{"type":"LineString","coordinates":[[-70.75944121906456,7.061530899971359],[-70.7592881635278,7.061543226032977],[-70.75916248905288,7.061545626379912],[-70.75912640394081,7.061546844798525]]},"properties":{"tipo":"TPE3/4","estado":"","barrio":"","polivalvula":"","longitud_m":0.0}},{"type":"Feature","geometry":{"type":"LineString","coordinates":[[-70.75442200234605,7.083417130504245],[-70.75387899470311,7.083434934912408]]},"properties":{"tipo":"TPE2","estado":"","barrio":"","polivalvula":"","longitud_m":0.0}},{"type":"Feature","geometry":{"type":"LineString","coordinates":[[-70.75442003978434,7.083331270073465],[-70.7544240239706,7.083418142015209]]},"properties":{"tipo":"TPE2","estado":"","barrio":"","polivalvula":"","longitud_m":0.0}},{"type":"Feature","geometry":{"type":"LineString","coordinates":[[-70.75487102229282,7.083326532589262],[-70.75442307186904,7.083333292393003]]},"properties":{"tipo":"TPE2","estado":"","barrio":"","polivalvula":"","longitud_m":0.0}},{"type":"Feature","geometry":{"type":"LineString","coordinates":[[-70.75484009752667,7.082720447097362],[-70.75487001042697,7.083327541994081]]},"properties":{"tipo":"TPE2","estado":"","barrio":"","polivalvula":"","longitud_m":0.0}},{"type":"Feature","geometry":{"type":"LineString","coordinates":[[-70.75492503797317,7.082716465583473],[-70.75484009682451,7.082721457203625]]},"properties":{"tipo":"TPE2","estado":"","barrio":"","polivalvula":"","longitud_m":0.0}},{"type":"Feature","geometry":{"type":"LineString","coordinates":[[-70.75711328419644,7.082586664057149],[-70.75636397033507,7.082647763867155],[-70.75630531523021,7.082658834544362],[-70.75562680078603,7.0826937192626],[-70.75554994894236,7.082698716610474],[-70.7549260477316,7.082718486497243]]},"properties":{"tipo":"TPE2","estado":"","barrio":"","polivalvula":"","longitud_m":0.0}},{"type":"Feature","geometry":{"type":"LineString","coordinates":[[-70.75534493511888,7.080513776697377],[-70.75535277894133,7.080594275020881]]},"properties":{"tipo":"TPE3/4","estado":"","barrio":"","polivalvula":"","longitud_m":0.0}},{"type":"Feature","geometry":{"type":"LineString","coordinates":[[-70.75485085977857,7.082574288959476],[-70.75492492464005,7.082566942084735]]},"properties":{"tipo":"TPE3/4","estado":"","barrio":"","polivalvula":"","longitud_m":0.0}},{"type":"Feature","geometry":{"type":"LineString","coordinates":[[-70.75553028619676,7.081788079853522],[-70.7554586935401,7.081790496379917]]},"properties":{"tipo":"TPE3/4","estado":"","barrio":"","polivalvula":"","longitud_m":0.0}},{"type":"Feature","geometry":{"type":"LineString","coordinates":[[-70.75544022243147,7.081821495497686],[-70.75544944090336,7.081906500576279]]},"properties":{"tipo":"TPE1","estado":"","barrio":"","polivalvula":"","longitud_m":0.0}},{"type":"Feature","geometry":{"type":"LineString","coordinates":[[-70.75538618247886,7.081239322095183],[-70.75545798136318,7.081822566965591],[-70.75544022206408,7.081822025084328]]},"properties":{"tipo":"TPE1","estado":"","barrio":"","polivalvula":"","longitud_m":0.0}},{"type":"Feature","geometry":{"type":"LineString","coordinates":[[-70.75534335299503,7.080516932185978],[-70.75535752093346,7.080591121720031],[-70.75537647357204,7.080600604593717],[-70.75539504845936,7.081154597944421],[-70.75538866849028,7.081241399585986]]},"properties":{"tipo":"TPE1","estado":"","barrio":"","polivalvula":"","longitud_m":0.0}}]}